ISO-10303-21;
HEADER;
FILE_DESCRIPTION(('KiCad electronic assembly'),'2;1');
FILE_NAME('NanoSoul-board-only.step','2026-06-21T19:29:13',('Pcbnew'),(
    'Kicad'),'Open CASCADE STEP processor 7.9','KiCad to STEP converter'
  ,'Unknown');
FILE_SCHEMA(('AUTOMOTIVE_DESIGN { 1 0 10303 214 1 1 1 1 }'));
ENDSEC;
DATA;
#1 = APPLICATION_PROTOCOL_DEFINITION('international standard',
  'automotive_design',2000,#2);
#2 = APPLICATION_CONTEXT(
  'core data for automotive mechanical design processes');
#3 = SHAPE_DEFINITION_REPRESENTATION(#4,#10);
#4 = PRODUCT_DEFINITION_SHAPE('','',#5);
#5 = PRODUCT_DEFINITION('design','',#6,#9);
#6 = PRODUCT_DEFINITION_FORMATION('','',#7);
#7 = PRODUCT('NanoSoul-board-only 1','NanoSoul-board-only 1','',(#8));
#8 = PRODUCT_CONTEXT('',#2,'mechanical');
#9 = PRODUCT_DEFINITION_CONTEXT('part definition',#2,'design');
#10 = SHAPE_REPRESENTATION('',(#11,#15),#19);
#11 = AXIS2_PLACEMENT_3D('',#12,#13,#14);
#12 = CARTESIAN_POINT('',(0.,0.,0.));
#13 = DIRECTION('',(0.,0.,1.));
#14 = DIRECTION('',(1.,0.,-0.));
#15 = AXIS2_PLACEMENT_3D('',#16,#17,#18);
#16 = CARTESIAN_POINT('',(0.,0.,0.));
#17 = DIRECTION('',(0.,0.,1.));
#18 = DIRECTION('',(1.,0.,-0.));
#19 = ( GEOMETRIC_REPRESENTATION_CONTEXT(3) 
GLOBAL_UNCERTAINTY_ASSIGNED_CONTEXT((#23)) GLOBAL_UNIT_ASSIGNED_CONTEXT(
(#20,#21,#22)) REPRESENTATION_CONTEXT('Context #1',
  '3D Context with UNIT and UNCERTAINTY') );
#20 = ( LENGTH_UNIT() NAMED_UNIT(*) SI_UNIT(.MILLI.,.METRE.) );
#21 = ( NAMED_UNIT(*) PLANE_ANGLE_UNIT() SI_UNIT($,.RADIAN.) );
#22 = ( NAMED_UNIT(*) SI_UNIT($,.STERADIAN.) SOLID_ANGLE_UNIT() );
#23 = UNCERTAINTY_MEASURE_WITH_UNIT(LENGTH_MEASURE(1.E-07),#20,
  'distance_accuracy_value','confusion accuracy');
#24 = PRODUCT_RELATED_PRODUCT_CATEGORY('part',$,(#7));
#25 = SHAPE_DEFINITION_REPRESENTATION(#26,#32);
#26 = PRODUCT_DEFINITION_SHAPE('','',#27);
#27 = PRODUCT_DEFINITION('design','',#28,#31);
#28 = PRODUCT_DEFINITION_FORMATION('','',#29);
#29 = PRODUCT('NanoSoul_PCB','NanoSoul_PCB','',(#30));
#30 = PRODUCT_CONTEXT('',#2,'mechanical');
#31 = PRODUCT_DEFINITION_CONTEXT('part definition',#2,'design');
#32 = ADVANCED_BREP_SHAPE_REPRESENTATION('',(#11,#33),#14719);
#33 = MANIFOLD_SOLID_BREP('',#34);
#34 = CLOSED_SHELL('',(#35,#75,#106,#137,#3784,#7431,#7448,#7465,#7482,
    #7499,#7516,#7533,#7550,#7567,#7584,#7601,#7618,#7635,#7652,#7669,
    #7686,#7703,#7720,#7737,#7754,#7771,#7788,#7805,#7822,#7839,#7856,
    #7873,#7890,#7907,#7924,#7941,#7958,#7975,#7992,#8009,#8026,#8043,
    #8060,#8077,#8094,#8111,#8128,#8145,#8162,#8179,#8196,#8213,#8230,
    #8247,#8264,#8281,#8298,#8315,#8332,#8349,#8366,#8383,#8400,#8417,
    #8434,#8451,#8468,#8485,#8502,#8519,#8536,#8553,#8570,#8587,#8604,
    #8621,#8638,#8655,#8672,#8689,#8706,#8723,#8740,#8757,#8774,#8791,
    #8808,#8825,#8842,#8859,#8876,#8893,#8910,#8927,#8944,#8961,#8978,
    #8995,#9012,#9029,#9046,#9063,#9080,#9097,#9114,#9131,#9148,#9165,
    #9182,#9199,#9216,#9233,#9250,#9267,#9284,#9301,#9318,#9335,#9352,
    #9369,#9386,#9403,#9420,#9437,#9454,#9471,#9488,#9505,#9522,#9539,
    #9556,#9573,#9590,#9607,#9624,#9641,#9658,#9675,#9692,#9709,#9726,
    #9743,#9760,#9777,#9794,#9811,#9828,#9845,#9862,#9879,#9896,#9913,
    #9930,#9947,#9964,#9981,#9998,#10015,#10032,#10049,#10066,#10083,
    #10100,#10117,#10134,#10151,#10168,#10185,#10202,#10219,#10236,
    #10253,#10270,#10287,#10304,#10321,#10338,#10355,#10372,#10389,
    #10406,#10423,#10440,#10457,#10474,#10491,#10508,#10525,#10542,
    #10559,#10576,#10593,#10610,#10627,#10644,#10661,#10678,#10695,
    #10712,#10729,#10746,#10763,#10780,#10797,#10814,#10831,#10848,
    #10865,#10882,#10899,#10916,#10933,#10950,#10967,#10984,#11001,
    #11018,#11035,#11052,#11069,#11086,#11103,#11120,#11137,#11154,
    #11171,#11188,#11205,#11222,#11239,#11256,#11273,#11290,#11307,
    #11324,#11341,#11358,#11375,#11392,#11409,#11426,#11443,#11460,
    #11477,#11494,#11511,#11528,#11545,#11562,#11579,#11596,#11613,
    #11630,#11647,#11664,#11681,#11698,#11715,#11732,#11749,#11766,
    #11783,#11800,#11817,#11834,#11851,#11868,#11885,#11902,#11919,
    #11936,#11953,#11970,#11987,#12004,#12021,#12038,#12055,#12072,
    #12089,#12106,#12123,#12140,#12157,#12174,#12191,#12208,#12225,
    #12242,#12259,#12276,#12293,#12310,#12327,#12344,#12361,#12378,
    #12395,#12412,#12429,#12446,#12463,#12480,#12497,#12514,#12531,
    #12548,#12565,#12582,#12599,#12616,#12633,#12650,#12667,#12684,
    #12701,#12718,#12735,#12752,#12769,#12786,#12803,#12820,#12837,
    #12854,#12871,#12888,#12905,#12922,#12939,#12956,#12973,#12990,
    #13007,#13024,#13041,#13058,#13075,#13092,#13109,#13126,#13143,
    #13160,#13177,#13194,#13211,#13228,#13245,#13262,#13279,#13296,
    #13313,#13330,#13347,#13364,#13381,#13398,#13415,#13432,#13449,
    #13466,#13483,#13495,#13512,#13529,#13546,#13563,#13580,#13597,
    #13614,#13631,#13648,#13665,#13682,#13699,#13716,#13733,#13750,
    #13767,#13784,#13801,#13818,#13835,#13857,#13874,#13891,#13903,
    #13920,#13937,#13954,#13971,#13988,#14005,#14022,#14039,#14056,
    #14073,#14090,#14107,#14124,#14141,#14158,#14175,#14192,#14209,
    #14226,#14243,#14260,#14277,#14294,#14311,#14328,#14345,#14362,
    #14379,#14396,#14413,#14430,#14447,#14464,#14481,#14498,#14515,
    #14532,#14549,#14566,#14583,#14600,#14617,#14634,#14651,#14668,
    #14685,#14702));
#35 = ADVANCED_FACE('',(#36),#70,.T.);
#36 = FACE_BOUND('',#37,.T.);
#37 = EDGE_LOOP('',(#38,#48,#56,#64));
#38 = ORIENTED_EDGE('',*,*,#39,.T.);
#39 = EDGE_CURVE('',#40,#42,#44,.T.);
#40 = VERTEX_POINT('',#41);
#41 = CARTESIAN_POINT('',(178.616,-54.205,0.));
#42 = VERTEX_POINT('',#43);
#43 = CARTESIAN_POINT('',(178.616,-54.205,1.51));
#44 = LINE('',#45,#46);
#45 = CARTESIAN_POINT('',(178.616,-54.205,0.));
#46 = VECTOR('',#47,1.);
#47 = DIRECTION('',(0.,0.,1.));
#48 = ORIENTED_EDGE('',*,*,#49,.T.);
#49 = EDGE_CURVE('',#42,#50,#52,.T.);
#50 = VERTEX_POINT('',#51);
#51 = CARTESIAN_POINT('',(179.411,-54.712,1.51));
#52 = LINE('',#53,#54);
#53 = CARTESIAN_POINT('',(178.616,-54.205,1.51));
#54 = VECTOR('',#55,1.);
#55 = DIRECTION('',(0.84313704949,-0.537698722128,0.));
#56 = ORIENTED_EDGE('',*,*,#57,.F.);
#57 = EDGE_CURVE('',#58,#50,#60,.T.);
#58 = VERTEX_POINT('',#59);
#59 = CARTESIAN_POINT('',(179.411,-54.712,0.));
#60 = LINE('',#61,#62);
#61 = CARTESIAN_POINT('',(179.411,-54.712,0.));
#62 = VECTOR('',#63,1.);
#63 = DIRECTION('',(0.,0.,1.));
#64 = ORIENTED_EDGE('',*,*,#65,.F.);
#65 = EDGE_CURVE('',#40,#58,#66,.T.);
#66 = LINE('',#67,#68);
#67 = CARTESIAN_POINT('',(178.616,-54.205,0.));
#68 = VECTOR('',#69,1.);
#69 = DIRECTION('',(0.84313704949,-0.537698722128,0.));
#70 = PLANE('',#71);
#71 = AXIS2_PLACEMENT_3D('',#72,#73,#74);
#72 = CARTESIAN_POINT('',(178.616,-54.205,0.));
#73 = DIRECTION('',(0.537698722128,0.84313704949,-0.));
#74 = DIRECTION('',(0.84313704949,-0.537698722128,0.));
#75 = ADVANCED_FACE('',(#76),#101,.T.);
#76 = FACE_BOUND('',#77,.T.);
#77 = EDGE_LOOP('',(#78,#88,#94,#95));
#78 = ORIENTED_EDGE('',*,*,#79,.T.);
#79 = EDGE_CURVE('',#80,#82,#84,.T.);
#80 = VERTEX_POINT('',#81);
#81 = CARTESIAN_POINT('',(177.812,-54.,0.));
#82 = VERTEX_POINT('',#83);
#83 = CARTESIAN_POINT('',(177.812,-54.,1.51));
#84 = LINE('',#85,#86);
#85 = CARTESIAN_POINT('',(177.812,-54.,0.));
#86 = VECTOR('',#87,1.);
#87 = DIRECTION('',(0.,0.,1.));
#88 = ORIENTED_EDGE('',*,*,#89,.T.);
#89 = EDGE_CURVE('',#82,#42,#90,.T.);
#90 = LINE('',#91,#92);
#91 = CARTESIAN_POINT('',(177.812,-54.,1.51));
#92 = VECTOR('',#93,1.);
#93 = DIRECTION('',(0.968997564227,-0.247070274461,0.));
#94 = ORIENTED_EDGE('',*,*,#39,.F.);
#95 = ORIENTED_EDGE('',*,*,#96,.F.);
#96 = EDGE_CURVE('',#80,#40,#97,.T.);
#97 = LINE('',#98,#99);
#98 = CARTESIAN_POINT('',(177.812,-54.,0.));
#99 = VECTOR('',#100,1.);
#100 = DIRECTION('',(0.968997564227,-0.247070274461,0.));
#101 = PLANE('',#102);
#102 = AXIS2_PLACEMENT_3D('',#103,#104,#105);
#103 = CARTESIAN_POINT('',(177.812,-54.,0.));
#104 = DIRECTION('',(0.247070274461,0.968997564227,-0.));
#105 = DIRECTION('',(0.968997564227,-0.247070274461,0.));
#106 = ADVANCED_FACE('',(#107),#132,.T.);
#107 = FACE_BOUND('',#108,.T.);
#108 = EDGE_LOOP('',(#109,#110,#118,#126));
#109 = ORIENTED_EDGE('',*,*,#57,.T.);
#110 = ORIENTED_EDGE('',*,*,#111,.T.);
#111 = EDGE_CURVE('',#50,#112,#114,.T.);
#112 = VERTEX_POINT('',#113);
#113 = CARTESIAN_POINT('',(180.196,-55.232,1.51));
#114 = LINE('',#115,#116);
#115 = CARTESIAN_POINT('',(179.411,-54.712,1.51));
#116 = VECTOR('',#117,1.);
#117 = DIRECTION('',(0.833680551753,-0.552246989696,0.));
#118 = ORIENTED_EDGE('',*,*,#119,.F.);
#119 = EDGE_CURVE('',#120,#112,#122,.T.);
#120 = VERTEX_POINT('',#121);
#121 = CARTESIAN_POINT('',(180.196,-55.232,0.));
#122 = LINE('',#123,#124);
#123 = CARTESIAN_POINT('',(180.196,-55.232,0.));
#124 = VECTOR('',#125,1.);
#125 = DIRECTION('',(0.,0.,1.));
#126 = ORIENTED_EDGE('',*,*,#127,.F.);
#127 = EDGE_CURVE('',#58,#120,#128,.T.);
#128 = LINE('',#129,#130);
#129 = CARTESIAN_POINT('',(179.411,-54.712,0.));
#130 = VECTOR('',#131,1.);
#131 = DIRECTION('',(0.833680551753,-0.552246989696,0.));
#132 = PLANE('',#133);
#133 = AXIS2_PLACEMENT_3D('',#134,#135,#136);
#134 = CARTESIAN_POINT('',(179.411,-54.712,0.));
#135 = DIRECTION('',(0.552246989696,0.833680551753,-0.));
#136 = DIRECTION('',(0.833680551753,-0.552246989696,0.));
#137 = ADVANCED_FACE('',(#138,#2997,#3008,#3019,#3030,#3041,#3052,#3063,
    #3074,#3085,#3096,#3107,#3118,#3129,#3140,#3151,#3162,#3173,#3184,
    #3195,#3206,#3217,#3251,#3262,#3273,#3284,#3295,#3306,#3317,#3328,
    #3339,#3350,#3361,#3372,#3383,#3394,#3405,#3416,#3427,#3438,#3449,
    #3460,#3471,#3482,#3493,#3504,#3515,#3526,#3537,#3548,#3559,#3570,
    #3581,#3592,#3603,#3614,#3625,#3636,#3647,#3658,#3669,#3680,#3691,
    #3702,#3713,#3724,#3735,#3746,#3757,#3768),#3779,.F.);
#138 = FACE_BOUND('',#139,.F.);
#139 = EDGE_LOOP('',(#140,#141,#142,#150,#158,#166,#174,#182,#190,#198,
    #206,#214,#222,#230,#238,#246,#254,#262,#270,#278,#286,#294,#302,
    #310,#318,#326,#334,#342,#350,#358,#366,#374,#382,#390,#398,#406,
    #414,#422,#430,#438,#446,#454,#462,#470,#478,#486,#494,#502,#510,
    #518,#526,#534,#542,#550,#558,#566,#574,#582,#590,#598,#606,#614,
    #622,#630,#638,#646,#654,#662,#670,#678,#686,#694,#702,#710,#718,
    #726,#734,#742,#750,#758,#766,#774,#782,#790,#798,#806,#814,#822,
    #830,#838,#846,#854,#862,#870,#878,#886,#894,#902,#910,#918,#926,
    #934,#942,#950,#958,#966,#974,#982,#990,#998,#1006,#1014,#1022,#1030
    ,#1038,#1046,#1054,#1062,#1070,#1078,#1086,#1094,#1102,#1110,#1118,
    #1126,#1134,#1142,#1150,#1158,#1166,#1174,#1182,#1190,#1198,#1206,
    #1214,#1222,#1230,#1238,#1246,#1254,#1262,#1270,#1278,#1286,#1294,
    #1302,#1310,#1318,#1326,#1334,#1342,#1350,#1358,#1366,#1374,#1382,
    #1390,#1398,#1406,#1414,#1422,#1430,#1438,#1446,#1454,#1462,#1470,
    #1478,#1486,#1494,#1502,#1510,#1518,#1526,#1534,#1542,#1550,#1558,
    #1566,#1574,#1582,#1590,#1598,#1606,#1614,#1622,#1630,#1638,#1646,
    #1654,#1662,#1670,#1678,#1686,#1694,#1702,#1710,#1718,#1726,#1734,
    #1742,#1750,#1758,#1766,#1774,#1782,#1790,#1798,#1806,#1814,#1822,
    #1830,#1838,#1846,#1854,#1862,#1870,#1878,#1886,#1894,#1902,#1910,
    #1918,#1926,#1934,#1942,#1950,#1958,#1966,#1974,#1982,#1990,#1998,
    #2006,#2014,#2022,#2030,#2038,#2046,#2054,#2062,#2070,#2078,#2086,
    #2094,#2102,#2110,#2118,#2126,#2134,#2142,#2150,#2158,#2166,#2174,
    #2182,#2190,#2198,#2206,#2214,#2222,#2230,#2238,#2246,#2254,#2262,
    #2270,#2278,#2286,#2294,#2302,#2310,#2318,#2326,#2334,#2342,#2350,
    #2358,#2366,#2374,#2382,#2390,#2398,#2406,#2414,#2422,#2430,#2438,
    #2446,#2454,#2462,#2470,#2478,#2486,#2494,#2502,#2510,#2518,#2526,
    #2534,#2542,#2550,#2558,#2566,#2574,#2582,#2590,#2598,#2606,#2614,
    #2622,#2630,#2638,#2646,#2654,#2662,#2670,#2678,#2686,#2694,#2702,
    #2710,#2718,#2726,#2734,#2742,#2750,#2758,#2766,#2774,#2782,#2790,
    #2798,#2806,#2814,#2822,#2830,#2838,#2846,#2854,#2862,#2870,#2878,
    #2886,#2894,#2902,#2910,#2918,#2926,#2934,#2942,#2950,#2958,#2966,
    #2974,#2982,#2990,#2996));
#140 = ORIENTED_EDGE('',*,*,#65,.F.);
#141 = ORIENTED_EDGE('',*,*,#96,.F.);
#142 = ORIENTED_EDGE('',*,*,#143,.F.);
#143 = EDGE_CURVE('',#144,#80,#146,.T.);
#144 = VERTEX_POINT('',#145);
#145 = CARTESIAN_POINT('',(177.,-54.,0.));
#146 = LINE('',#147,#148);
#147 = CARTESIAN_POINT('',(177.,-54.,0.));
#148 = VECTOR('',#149,1.);
#149 = DIRECTION('',(1.,0.,0.));
#150 = ORIENTED_EDGE('',*,*,#151,.F.);
#151 = EDGE_CURVE('',#152,#144,#154,.T.);
#152 = VERTEX_POINT('',#153);
#153 = CARTESIAN_POINT('',(176.18,-54.,0.));
#154 = LINE('',#155,#156);
#155 = CARTESIAN_POINT('',(176.18,-54.,0.));
#156 = VECTOR('',#157,1.);
#157 = DIRECTION('',(1.,0.,0.));
#158 = ORIENTED_EDGE('',*,*,#159,.F.);
#159 = EDGE_CURVE('',#160,#152,#162,.T.);
#160 = VERTEX_POINT('',#161);
#161 = CARTESIAN_POINT('',(175.351,-54.,0.));
#162 = LINE('',#163,#164);
#163 = CARTESIAN_POINT('',(175.351,-54.,0.));
#164 = VECTOR('',#165,1.);
#165 = DIRECTION('',(1.,0.,0.));
#166 = ORIENTED_EDGE('',*,*,#167,.F.);
#167 = EDGE_CURVE('',#168,#160,#170,.T.);
#168 = VERTEX_POINT('',#169);
#169 = CARTESIAN_POINT('',(174.515,-54.,0.));
#170 = LINE('',#171,#172);
#171 = CARTESIAN_POINT('',(174.515,-54.,0.));
#172 = VECTOR('',#173,1.);
#173 = DIRECTION('',(1.,0.,0.));
#174 = ORIENTED_EDGE('',*,*,#175,.F.);
#175 = EDGE_CURVE('',#176,#168,#178,.T.);
#176 = VERTEX_POINT('',#177);
#177 = CARTESIAN_POINT('',(173.672,-54.,0.));
#178 = LINE('',#179,#180);
#179 = CARTESIAN_POINT('',(173.672,-54.,0.));
#180 = VECTOR('',#181,1.);
#181 = DIRECTION('',(1.,0.,0.));
#182 = ORIENTED_EDGE('',*,*,#183,.F.);
#183 = EDGE_CURVE('',#184,#176,#186,.T.);
#184 = VERTEX_POINT('',#185);
#185 = CARTESIAN_POINT('',(172.821,-54.,0.));
#186 = LINE('',#187,#188);
#187 = CARTESIAN_POINT('',(172.821,-54.,0.));
#188 = VECTOR('',#189,1.);
#189 = DIRECTION('',(1.,0.,0.));
#190 = ORIENTED_EDGE('',*,*,#191,.F.);
#191 = EDGE_CURVE('',#192,#184,#194,.T.);
#192 = VERTEX_POINT('',#193);
#193 = CARTESIAN_POINT('',(171.964,-54.,0.));
#194 = LINE('',#195,#196);
#195 = CARTESIAN_POINT('',(171.964,-54.,0.));
#196 = VECTOR('',#197,1.);
#197 = DIRECTION('',(1.,0.,0.));
#198 = ORIENTED_EDGE('',*,*,#199,.F.);
#199 = EDGE_CURVE('',#200,#192,#202,.T.);
#200 = VERTEX_POINT('',#201);
#201 = CARTESIAN_POINT('',(171.099,-54.,0.));
#202 = LINE('',#203,#204);
#203 = CARTESIAN_POINT('',(171.099,-54.,0.));
#204 = VECTOR('',#205,1.);
#205 = DIRECTION('',(1.,0.,0.));
#206 = ORIENTED_EDGE('',*,*,#207,.F.);
#207 = EDGE_CURVE('',#208,#200,#210,.T.);
#208 = VERTEX_POINT('',#209);
#209 = CARTESIAN_POINT('',(170.229,-54.,0.));
#210 = LINE('',#211,#212);
#211 = CARTESIAN_POINT('',(170.229,-54.,0.));
#212 = VECTOR('',#213,1.);
#213 = DIRECTION('',(1.,0.,0.));
#214 = ORIENTED_EDGE('',*,*,#215,.F.);
#215 = EDGE_CURVE('',#216,#208,#218,.T.);
#216 = VERTEX_POINT('',#217);
#217 = CARTESIAN_POINT('',(169.352,-54.,0.));
#218 = LINE('',#219,#220);
#219 = CARTESIAN_POINT('',(169.352,-54.,0.));
#220 = VECTOR('',#221,1.);
#221 = DIRECTION('',(1.,0.,0.));
#222 = ORIENTED_EDGE('',*,*,#223,.F.);
#223 = EDGE_CURVE('',#224,#216,#226,.T.);
#224 = VERTEX_POINT('',#225);
#225 = CARTESIAN_POINT('',(168.469,-54.,0.));
#226 = LINE('',#227,#228);
#227 = CARTESIAN_POINT('',(168.469,-54.,0.));
#228 = VECTOR('',#229,1.);
#229 = DIRECTION('',(1.,0.,0.));
#230 = ORIENTED_EDGE('',*,*,#231,.F.);
#231 = EDGE_CURVE('',#232,#224,#234,.T.);
#232 = VERTEX_POINT('',#233);
#233 = CARTESIAN_POINT('',(167.581,-54.,0.));
#234 = LINE('',#235,#236);
#235 = CARTESIAN_POINT('',(167.581,-54.,0.));
#236 = VECTOR('',#237,1.);
#237 = DIRECTION('',(1.,0.,0.));
#238 = ORIENTED_EDGE('',*,*,#239,.F.);
#239 = EDGE_CURVE('',#240,#232,#242,.T.);
#240 = VERTEX_POINT('',#241);
#241 = CARTESIAN_POINT('',(166.687,-54.,0.));
#242 = LINE('',#243,#244);
#243 = CARTESIAN_POINT('',(166.687,-54.,0.));
#244 = VECTOR('',#245,1.);
#245 = DIRECTION('',(1.,0.,0.));
#246 = ORIENTED_EDGE('',*,*,#247,.F.);
#247 = EDGE_CURVE('',#248,#240,#250,.T.);
#248 = VERTEX_POINT('',#249);
#249 = CARTESIAN_POINT('',(165.788,-54.,0.));
#250 = LINE('',#251,#252);
#251 = CARTESIAN_POINT('',(165.788,-54.,0.));
#252 = VECTOR('',#253,1.);
#253 = DIRECTION('',(1.,0.,0.));
#254 = ORIENTED_EDGE('',*,*,#255,.F.);
#255 = EDGE_CURVE('',#256,#248,#258,.T.);
#256 = VERTEX_POINT('',#257);
#257 = CARTESIAN_POINT('',(164.884,-54.,0.));
#258 = LINE('',#259,#260);
#259 = CARTESIAN_POINT('',(164.884,-54.,0.));
#260 = VECTOR('',#261,1.);
#261 = DIRECTION('',(1.,0.,0.));
#262 = ORIENTED_EDGE('',*,*,#263,.F.);
#263 = EDGE_CURVE('',#264,#256,#266,.T.);
#264 = VERTEX_POINT('',#265);
#265 = CARTESIAN_POINT('',(163.976,-54.,0.));
#266 = LINE('',#267,#268);
#267 = CARTESIAN_POINT('',(163.976,-54.,0.));
#268 = VECTOR('',#269,1.);
#269 = DIRECTION('',(1.,0.,0.));
#270 = ORIENTED_EDGE('',*,*,#271,.F.);
#271 = EDGE_CURVE('',#272,#264,#274,.T.);
#272 = VERTEX_POINT('',#273);
#273 = CARTESIAN_POINT('',(163.064,-54.,0.));
#274 = LINE('',#275,#276);
#275 = CARTESIAN_POINT('',(163.064,-54.,0.));
#276 = VECTOR('',#277,1.);
#277 = DIRECTION('',(1.,0.,0.));
#278 = ORIENTED_EDGE('',*,*,#279,.F.);
#279 = EDGE_CURVE('',#280,#272,#282,.T.);
#280 = VERTEX_POINT('',#281);
#281 = CARTESIAN_POINT('',(162.147,-54.,0.));
#282 = LINE('',#283,#284);
#283 = CARTESIAN_POINT('',(162.147,-54.,0.));
#284 = VECTOR('',#285,1.);
#285 = DIRECTION('',(1.,0.,0.));
#286 = ORIENTED_EDGE('',*,*,#287,.F.);
#287 = EDGE_CURVE('',#288,#280,#290,.T.);
#288 = VERTEX_POINT('',#289);
#289 = CARTESIAN_POINT('',(161.227,-54.,0.));
#290 = LINE('',#291,#292);
#291 = CARTESIAN_POINT('',(161.227,-54.,0.));
#292 = VECTOR('',#293,1.);
#293 = DIRECTION('',(1.,0.,0.));
#294 = ORIENTED_EDGE('',*,*,#295,.F.);
#295 = EDGE_CURVE('',#296,#288,#298,.T.);
#296 = VERTEX_POINT('',#297);
#297 = CARTESIAN_POINT('',(160.304,-54.,0.));
#298 = LINE('',#299,#300);
#299 = CARTESIAN_POINT('',(160.304,-54.,0.));
#300 = VECTOR('',#301,1.);
#301 = DIRECTION('',(1.,0.,0.));
#302 = ORIENTED_EDGE('',*,*,#303,.F.);
#303 = EDGE_CURVE('',#304,#296,#306,.T.);
#304 = VERTEX_POINT('',#305);
#305 = CARTESIAN_POINT('',(159.377,-54.,0.));
#306 = LINE('',#307,#308);
#307 = CARTESIAN_POINT('',(159.377,-54.,0.));
#308 = VECTOR('',#309,1.);
#309 = DIRECTION('',(1.,0.,0.));
#310 = ORIENTED_EDGE('',*,*,#311,.F.);
#311 = EDGE_CURVE('',#312,#304,#314,.T.);
#312 = VERTEX_POINT('',#313);
#313 = CARTESIAN_POINT('',(158.447,-54.,0.));
#314 = LINE('',#315,#316);
#315 = CARTESIAN_POINT('',(158.447,-54.,0.));
#316 = VECTOR('',#317,1.);
#317 = DIRECTION('',(1.,0.,0.));
#318 = ORIENTED_EDGE('',*,*,#319,.F.);
#319 = EDGE_CURVE('',#320,#312,#322,.T.);
#320 = VERTEX_POINT('',#321);
#321 = CARTESIAN_POINT('',(157.515,-54.,0.));
#322 = LINE('',#323,#324);
#323 = CARTESIAN_POINT('',(157.515,-54.,0.));
#324 = VECTOR('',#325,1.);
#325 = DIRECTION('',(1.,0.,0.));
#326 = ORIENTED_EDGE('',*,*,#327,.F.);
#327 = EDGE_CURVE('',#328,#320,#330,.T.);
#328 = VERTEX_POINT('',#329);
#329 = CARTESIAN_POINT('',(156.581,-54.,0.));
#330 = LINE('',#331,#332);
#331 = CARTESIAN_POINT('',(156.581,-54.,0.));
#332 = VECTOR('',#333,1.);
#333 = DIRECTION('',(1.,0.,0.));
#334 = ORIENTED_EDGE('',*,*,#335,.F.);
#335 = EDGE_CURVE('',#336,#328,#338,.T.);
#336 = VERTEX_POINT('',#337);
#337 = CARTESIAN_POINT('',(155.645,-54.,0.));
#338 = LINE('',#339,#340);
#339 = CARTESIAN_POINT('',(155.645,-54.,0.));
#340 = VECTOR('',#341,1.);
#341 = DIRECTION('',(1.,0.,0.));
#342 = ORIENTED_EDGE('',*,*,#343,.F.);
#343 = EDGE_CURVE('',#344,#336,#346,.T.);
#344 = VERTEX_POINT('',#345);
#345 = CARTESIAN_POINT('',(154.706,-54.,0.));
#346 = LINE('',#347,#348);
#347 = CARTESIAN_POINT('',(154.706,-54.,0.));
#348 = VECTOR('',#349,1.);
#349 = DIRECTION('',(1.,0.,0.));
#350 = ORIENTED_EDGE('',*,*,#351,.F.);
#351 = EDGE_CURVE('',#352,#344,#354,.T.);
#352 = VERTEX_POINT('',#353);
#353 = CARTESIAN_POINT('',(153.767,-54.,0.));
#354 = LINE('',#355,#356);
#355 = CARTESIAN_POINT('',(153.767,-54.,0.));
#356 = VECTOR('',#357,1.);
#357 = DIRECTION('',(1.,0.,0.));
#358 = ORIENTED_EDGE('',*,*,#359,.F.);
#359 = EDGE_CURVE('',#360,#352,#362,.T.);
#360 = VERTEX_POINT('',#361);
#361 = CARTESIAN_POINT('',(152.826,-54.,0.));
#362 = LINE('',#363,#364);
#363 = CARTESIAN_POINT('',(152.826,-54.,0.));
#364 = VECTOR('',#365,1.);
#365 = DIRECTION('',(1.,0.,0.));
#366 = ORIENTED_EDGE('',*,*,#367,.F.);
#367 = EDGE_CURVE('',#368,#360,#370,.T.);
#368 = VERTEX_POINT('',#369);
#369 = CARTESIAN_POINT('',(151.885,-54.,0.));
#370 = LINE('',#371,#372);
#371 = CARTESIAN_POINT('',(151.885,-54.,0.));
#372 = VECTOR('',#373,1.);
#373 = DIRECTION('',(1.,0.,0.));
#374 = ORIENTED_EDGE('',*,*,#375,.F.);
#375 = EDGE_CURVE('',#376,#368,#378,.T.);
#376 = VERTEX_POINT('',#377);
#377 = CARTESIAN_POINT('',(150.942,-54.,0.));
#378 = LINE('',#379,#380);
#379 = CARTESIAN_POINT('',(150.942,-54.,0.));
#380 = VECTOR('',#381,1.);
#381 = DIRECTION('',(1.,0.,0.));
#382 = ORIENTED_EDGE('',*,*,#383,.F.);
#383 = EDGE_CURVE('',#384,#376,#386,.T.);
#384 = VERTEX_POINT('',#385);
#385 = CARTESIAN_POINT('',(150.,-54.,0.));
#386 = LINE('',#387,#388);
#387 = CARTESIAN_POINT('',(150.,-54.,0.));
#388 = VECTOR('',#389,1.);
#389 = DIRECTION('',(1.,0.,0.));
#390 = ORIENTED_EDGE('',*,*,#391,.F.);
#391 = EDGE_CURVE('',#392,#384,#394,.T.);
#392 = VERTEX_POINT('',#393);
#393 = CARTESIAN_POINT('',(149.058,-54.,0.));
#394 = LINE('',#395,#396);
#395 = CARTESIAN_POINT('',(149.058,-54.,0.));
#396 = VECTOR('',#397,1.);
#397 = DIRECTION('',(1.,0.,0.));
#398 = ORIENTED_EDGE('',*,*,#399,.F.);
#399 = EDGE_CURVE('',#400,#392,#402,.T.);
#400 = VERTEX_POINT('',#401);
#401 = CARTESIAN_POINT('',(148.115,-54.,0.));
#402 = LINE('',#403,#404);
#403 = CARTESIAN_POINT('',(148.115,-54.,0.));
#404 = VECTOR('',#405,1.);
#405 = DIRECTION('',(1.,0.,0.));
#406 = ORIENTED_EDGE('',*,*,#407,.F.);
#407 = EDGE_CURVE('',#408,#400,#410,.T.);
#408 = VERTEX_POINT('',#409);
#409 = CARTESIAN_POINT('',(147.174,-54.,0.));
#410 = LINE('',#411,#412);
#411 = CARTESIAN_POINT('',(147.174,-54.,0.));
#412 = VECTOR('',#413,1.);
#413 = DIRECTION('',(1.,0.,0.));
#414 = ORIENTED_EDGE('',*,*,#415,.F.);
#415 = EDGE_CURVE('',#416,#408,#418,.T.);
#416 = VERTEX_POINT('',#417);
#417 = CARTESIAN_POINT('',(146.233,-54.,0.));
#418 = LINE('',#419,#420);
#419 = CARTESIAN_POINT('',(146.233,-54.,0.));
#420 = VECTOR('',#421,1.);
#421 = DIRECTION('',(1.,0.,0.));
#422 = ORIENTED_EDGE('',*,*,#423,.F.);
#423 = EDGE_CURVE('',#424,#416,#426,.T.);
#424 = VERTEX_POINT('',#425);
#425 = CARTESIAN_POINT('',(145.294,-54.,0.));
#426 = LINE('',#427,#428);
#427 = CARTESIAN_POINT('',(145.294,-54.,0.));
#428 = VECTOR('',#429,1.);
#429 = DIRECTION('',(1.,0.,0.));
#430 = ORIENTED_EDGE('',*,*,#431,.F.);
#431 = EDGE_CURVE('',#432,#424,#434,.T.);
#432 = VERTEX_POINT('',#433);
#433 = CARTESIAN_POINT('',(144.355,-54.,0.));
#434 = LINE('',#435,#436);
#435 = CARTESIAN_POINT('',(144.355,-54.,0.));
#436 = VECTOR('',#437,1.);
#437 = DIRECTION('',(1.,0.,0.));
#438 = ORIENTED_EDGE('',*,*,#439,.F.);
#439 = EDGE_CURVE('',#440,#432,#442,.T.);
#440 = VERTEX_POINT('',#441);
#441 = CARTESIAN_POINT('',(143.419,-54.,0.));
#442 = LINE('',#443,#444);
#443 = CARTESIAN_POINT('',(143.419,-54.,0.));
#444 = VECTOR('',#445,1.);
#445 = DIRECTION('',(1.,0.,0.));
#446 = ORIENTED_EDGE('',*,*,#447,.F.);
#447 = EDGE_CURVE('',#448,#440,#450,.T.);
#448 = VERTEX_POINT('',#449);
#449 = CARTESIAN_POINT('',(142.485,-54.,0.));
#450 = LINE('',#451,#452);
#451 = CARTESIAN_POINT('',(142.485,-54.,0.));
#452 = VECTOR('',#453,1.);
#453 = DIRECTION('',(1.,0.,0.));
#454 = ORIENTED_EDGE('',*,*,#455,.F.);
#455 = EDGE_CURVE('',#456,#448,#458,.T.);
#456 = VERTEX_POINT('',#457);
#457 = CARTESIAN_POINT('',(141.553,-54.,0.));
#458 = LINE('',#459,#460);
#459 = CARTESIAN_POINT('',(141.553,-54.,0.));
#460 = VECTOR('',#461,1.);
#461 = DIRECTION('',(1.,0.,0.));
#462 = ORIENTED_EDGE('',*,*,#463,.F.);
#463 = EDGE_CURVE('',#464,#456,#466,.T.);
#464 = VERTEX_POINT('',#465);
#465 = CARTESIAN_POINT('',(140.623,-54.,0.));
#466 = LINE('',#467,#468);
#467 = CARTESIAN_POINT('',(140.623,-54.,0.));
#468 = VECTOR('',#469,1.);
#469 = DIRECTION('',(1.,0.,0.));
#470 = ORIENTED_EDGE('',*,*,#471,.F.);
#471 = EDGE_CURVE('',#472,#464,#474,.T.);
#472 = VERTEX_POINT('',#473);
#473 = CARTESIAN_POINT('',(139.696,-54.,0.));
#474 = LINE('',#475,#476);
#475 = CARTESIAN_POINT('',(139.696,-54.,0.));
#476 = VECTOR('',#477,1.);
#477 = DIRECTION('',(1.,0.,0.));
#478 = ORIENTED_EDGE('',*,*,#479,.F.);
#479 = EDGE_CURVE('',#480,#472,#482,.T.);
#480 = VERTEX_POINT('',#481);
#481 = CARTESIAN_POINT('',(138.773,-54.,0.));
#482 = LINE('',#483,#484);
#483 = CARTESIAN_POINT('',(138.773,-54.,0.));
#484 = VECTOR('',#485,1.);
#485 = DIRECTION('',(1.,0.,0.));
#486 = ORIENTED_EDGE('',*,*,#487,.F.);
#487 = EDGE_CURVE('',#488,#480,#490,.T.);
#488 = VERTEX_POINT('',#489);
#489 = CARTESIAN_POINT('',(137.853,-54.,0.));
#490 = LINE('',#491,#492);
#491 = CARTESIAN_POINT('',(137.853,-54.,0.));
#492 = VECTOR('',#493,1.);
#493 = DIRECTION('',(1.,0.,0.));
#494 = ORIENTED_EDGE('',*,*,#495,.F.);
#495 = EDGE_CURVE('',#496,#488,#498,.T.);
#496 = VERTEX_POINT('',#497);
#497 = CARTESIAN_POINT('',(136.936,-54.,0.));
#498 = LINE('',#499,#500);
#499 = CARTESIAN_POINT('',(136.936,-54.,0.));
#500 = VECTOR('',#501,1.);
#501 = DIRECTION('',(1.,0.,0.));
#502 = ORIENTED_EDGE('',*,*,#503,.F.);
#503 = EDGE_CURVE('',#504,#496,#506,.T.);
#504 = VERTEX_POINT('',#505);
#505 = CARTESIAN_POINT('',(136.024,-54.,0.));
#506 = LINE('',#507,#508);
#507 = CARTESIAN_POINT('',(136.024,-54.,0.));
#508 = VECTOR('',#509,1.);
#509 = DIRECTION('',(1.,0.,0.));
#510 = ORIENTED_EDGE('',*,*,#511,.F.);
#511 = EDGE_CURVE('',#512,#504,#514,.T.);
#512 = VERTEX_POINT('',#513);
#513 = CARTESIAN_POINT('',(135.116,-54.,0.));
#514 = LINE('',#515,#516);
#515 = CARTESIAN_POINT('',(135.116,-54.,0.));
#516 = VECTOR('',#517,1.);
#517 = DIRECTION('',(1.,0.,0.));
#518 = ORIENTED_EDGE('',*,*,#519,.F.);
#519 = EDGE_CURVE('',#520,#512,#522,.T.);
#520 = VERTEX_POINT('',#521);
#521 = CARTESIAN_POINT('',(134.211999,-54.,0.));
#522 = LINE('',#523,#524);
#523 = CARTESIAN_POINT('',(134.211999,-54.,0.));
#524 = VECTOR('',#525,1.);
#525 = DIRECTION('',(1.,0.,0.));
#526 = ORIENTED_EDGE('',*,*,#527,.F.);
#527 = EDGE_CURVE('',#528,#520,#530,.T.);
#528 = VERTEX_POINT('',#529);
#529 = CARTESIAN_POINT('',(133.312999,-54.,0.));
#530 = LINE('',#531,#532);
#531 = CARTESIAN_POINT('',(133.312999,-54.,0.));
#532 = VECTOR('',#533,1.);
#533 = DIRECTION('',(1.,0.,0.));
#534 = ORIENTED_EDGE('',*,*,#535,.F.);
#535 = EDGE_CURVE('',#536,#528,#538,.T.);
#536 = VERTEX_POINT('',#537);
#537 = CARTESIAN_POINT('',(132.419,-54.,0.));
#538 = LINE('',#539,#540);
#539 = CARTESIAN_POINT('',(132.419,-54.,0.));
#540 = VECTOR('',#541,1.);
#541 = DIRECTION('',(1.,0.,0.));
#542 = ORIENTED_EDGE('',*,*,#543,.F.);
#543 = EDGE_CURVE('',#544,#536,#546,.T.);
#544 = VERTEX_POINT('',#545);
#545 = CARTESIAN_POINT('',(131.531,-54.,0.));
#546 = LINE('',#547,#548);
#547 = CARTESIAN_POINT('',(131.531,-54.,0.));
#548 = VECTOR('',#549,1.);
#549 = DIRECTION('',(1.,0.,0.));
#550 = ORIENTED_EDGE('',*,*,#551,.F.);
#551 = EDGE_CURVE('',#552,#544,#554,.T.);
#552 = VERTEX_POINT('',#553);
#553 = CARTESIAN_POINT('',(130.648,-54.,0.));
#554 = LINE('',#555,#556);
#555 = CARTESIAN_POINT('',(130.648,-54.,0.));
#556 = VECTOR('',#557,1.);
#557 = DIRECTION('',(1.,0.,0.));
#558 = ORIENTED_EDGE('',*,*,#559,.F.);
#559 = EDGE_CURVE('',#560,#552,#562,.T.);
#560 = VERTEX_POINT('',#561);
#561 = CARTESIAN_POINT('',(129.770999,-54.,0.));
#562 = LINE('',#563,#564);
#563 = CARTESIAN_POINT('',(129.770999,-54.,0.));
#564 = VECTOR('',#565,1.);
#565 = DIRECTION('',(1.,0.,0.));
#566 = ORIENTED_EDGE('',*,*,#567,.F.);
#567 = EDGE_CURVE('',#568,#560,#570,.T.);
#568 = VERTEX_POINT('',#569);
#569 = CARTESIAN_POINT('',(128.901,-54.,0.));
#570 = LINE('',#571,#572);
#571 = CARTESIAN_POINT('',(128.901,-54.,0.));
#572 = VECTOR('',#573,1.);
#573 = DIRECTION('',(1.,0.,0.));
#574 = ORIENTED_EDGE('',*,*,#575,.F.);
#575 = EDGE_CURVE('',#576,#568,#578,.T.);
#576 = VERTEX_POINT('',#577);
#577 = CARTESIAN_POINT('',(128.036,-54.,0.));
#578 = LINE('',#579,#580);
#579 = CARTESIAN_POINT('',(128.036,-54.,0.));
#580 = VECTOR('',#581,1.);
#581 = DIRECTION('',(1.,0.,0.));
#582 = ORIENTED_EDGE('',*,*,#583,.F.);
#583 = EDGE_CURVE('',#584,#576,#586,.T.);
#584 = VERTEX_POINT('',#585);
#585 = CARTESIAN_POINT('',(127.179,-54.,0.));
#586 = LINE('',#587,#588);
#587 = CARTESIAN_POINT('',(127.179,-54.,0.));
#588 = VECTOR('',#589,1.);
#589 = DIRECTION('',(1.,0.,0.));
#590 = ORIENTED_EDGE('',*,*,#591,.F.);
#591 = EDGE_CURVE('',#592,#584,#594,.T.);
#592 = VERTEX_POINT('',#593);
#593 = CARTESIAN_POINT('',(126.328,-54.,0.));
#594 = LINE('',#595,#596);
#595 = CARTESIAN_POINT('',(126.328,-54.,0.));
#596 = VECTOR('',#597,1.);
#597 = DIRECTION('',(1.,0.,0.));
#598 = ORIENTED_EDGE('',*,*,#599,.F.);
#599 = EDGE_CURVE('',#600,#592,#602,.T.);
#600 = VERTEX_POINT('',#601);
#601 = CARTESIAN_POINT('',(125.485,-54.,0.));
#602 = LINE('',#603,#604);
#603 = CARTESIAN_POINT('',(125.485,-54.,0.));
#604 = VECTOR('',#605,1.);
#605 = DIRECTION('',(1.,0.,0.));
#606 = ORIENTED_EDGE('',*,*,#607,.F.);
#607 = EDGE_CURVE('',#608,#600,#610,.T.);
#608 = VERTEX_POINT('',#609);
#609 = CARTESIAN_POINT('',(124.649,-54.,0.));
#610 = LINE('',#611,#612);
#611 = CARTESIAN_POINT('',(124.649,-54.,0.));
#612 = VECTOR('',#613,1.);
#613 = DIRECTION('',(1.,0.,0.));
#614 = ORIENTED_EDGE('',*,*,#615,.F.);
#615 = EDGE_CURVE('',#616,#608,#618,.T.);
#616 = VERTEX_POINT('',#617);
#617 = CARTESIAN_POINT('',(123.82,-54.,0.));
#618 = LINE('',#619,#620);
#619 = CARTESIAN_POINT('',(123.82,-54.,0.));
#620 = VECTOR('',#621,1.);
#621 = DIRECTION('',(1.,0.,0.));
#622 = ORIENTED_EDGE('',*,*,#623,.F.);
#623 = EDGE_CURVE('',#624,#616,#626,.T.);
#624 = VERTEX_POINT('',#625);
#625 = CARTESIAN_POINT('',(123.,-54.,0.));
#626 = LINE('',#627,#628);
#627 = CARTESIAN_POINT('',(123.,-54.,0.));
#628 = VECTOR('',#629,1.);
#629 = DIRECTION('',(1.,0.,0.));
#630 = ORIENTED_EDGE('',*,*,#631,.F.);
#631 = EDGE_CURVE('',#632,#624,#634,.T.);
#632 = VERTEX_POINT('',#633);
#633 = CARTESIAN_POINT('',(122.188,-54.,0.));
#634 = LINE('',#635,#636);
#635 = CARTESIAN_POINT('',(122.188,-54.,0.));
#636 = VECTOR('',#637,1.);
#637 = DIRECTION('',(1.,0.,0.));
#638 = ORIENTED_EDGE('',*,*,#639,.F.);
#639 = EDGE_CURVE('',#640,#632,#642,.T.);
#640 = VERTEX_POINT('',#641);
#641 = CARTESIAN_POINT('',(121.384,-54.205,0.));
#642 = LINE('',#643,#644);
#643 = CARTESIAN_POINT('',(121.384,-54.205,0.));
#644 = VECTOR('',#645,1.);
#645 = DIRECTION('',(0.968997564227,0.247070274461,0.));
#646 = ORIENTED_EDGE('',*,*,#647,.F.);
#647 = EDGE_CURVE('',#648,#640,#650,.T.);
#648 = VERTEX_POINT('',#649);
#649 = CARTESIAN_POINT('',(120.589,-54.712,0.));
#650 = LINE('',#651,#652);
#651 = CARTESIAN_POINT('',(120.589,-54.712,0.));
#652 = VECTOR('',#653,1.);
#653 = DIRECTION('',(0.84313704949,0.537698722127,0.));
#654 = ORIENTED_EDGE('',*,*,#655,.F.);
#655 = EDGE_CURVE('',#656,#648,#658,.T.);
#656 = VERTEX_POINT('',#657);
#657 = CARTESIAN_POINT('',(119.804,-55.232,0.));
#658 = LINE('',#659,#660);
#659 = CARTESIAN_POINT('',(119.804,-55.232,0.));
#660 = VECTOR('',#661,1.);
#661 = DIRECTION('',(0.833680551753,0.552246989696,0.));
#662 = ORIENTED_EDGE('',*,*,#663,.F.);
#663 = EDGE_CURVE('',#664,#656,#666,.T.);
#664 = VERTEX_POINT('',#665);
#665 = CARTESIAN_POINT('',(119.027,-55.766,0.));
#666 = LINE('',#667,#668);
#667 = CARTESIAN_POINT('',(119.027,-55.766,0.));
#668 = VECTOR('',#669,1.);
#669 = DIRECTION('',(0.82413475627,0.566393770718,0.));
#670 = ORIENTED_EDGE('',*,*,#671,.F.);
#671 = EDGE_CURVE('',#672,#664,#674,.T.);
#672 = VERTEX_POINT('',#673);
#673 = CARTESIAN_POINT('',(118.26,-56.313,0.));
#674 = LINE('',#675,#676);
#675 = CARTESIAN_POINT('',(118.26,-56.313,0.));
#676 = VECTOR('',#677,1.);
#677 = DIRECTION('',(0.814163582362,0.580635566561,0.));
#678 = ORIENTED_EDGE('',*,*,#679,.F.);
#679 = EDGE_CURVE('',#680,#672,#682,.T.);
#680 = VERTEX_POINT('',#681);
#681 = CARTESIAN_POINT('',(117.502,-56.874,0.));
#682 = LINE('',#683,#684);
#683 = CARTESIAN_POINT('',(117.502,-56.874,0.));
#684 = VECTOR('',#685,1.);
#685 = DIRECTION('',(0.803801333173,0.594897820462,0.));
#686 = ORIENTED_EDGE('',*,*,#687,.F.);
#687 = EDGE_CURVE('',#688,#680,#690,.T.);
#688 = VERTEX_POINT('',#689);
#689 = CARTESIAN_POINT('',(116.754,-57.447,0.));
#690 = LINE('',#691,#692);
#691 = CARTESIAN_POINT('',(116.754,-57.447,0.));
#692 = VECTOR('',#693,1.);
#693 = DIRECTION('',(0.793845443172,0.608119570772,0.));
#694 = ORIENTED_EDGE('',*,*,#695,.F.);
#695 = EDGE_CURVE('',#696,#688,#698,.T.);
#696 = VERTEX_POINT('',#697);
#697 = CARTESIAN_POINT('',(116.017,-58.034,0.));
#698 = LINE('',#699,#700);
#699 = CARTESIAN_POINT('',(116.017,-58.034,0.));
#700 = VECTOR('',#701,1.);
#701 = DIRECTION('',(0.782213095821,0.623010973198,0.));
#702 = ORIENTED_EDGE('',*,*,#703,.F.);
#703 = EDGE_CURVE('',#704,#696,#706,.T.);
#704 = VERTEX_POINT('',#705);
#705 = CARTESIAN_POINT('',(115.289,-58.634,0.));
#706 = LINE('',#707,#708);
#707 = CARTESIAN_POINT('',(115.289,-58.634,0.));
#708 = VECTOR('',#709,1.);
#709 = DIRECTION('',(0.771685393174,0.636004444923,0.));
#710 = ORIENTED_EDGE('',*,*,#711,.F.);
#711 = EDGE_CURVE('',#712,#704,#714,.T.);
#712 = VERTEX_POINT('',#713);
#713 = CARTESIAN_POINT('',(114.573,-59.246,0.));
#714 = LINE('',#715,#716);
#715 = CARTESIAN_POINT('',(114.573,-59.246,0.));
#716 = VECTOR('',#717,1.);
#717 = DIRECTION('',(0.760155173756,0.649741573098,0.));
#718 = ORIENTED_EDGE('',*,*,#719,.F.);
#719 = EDGE_CURVE('',#720,#712,#722,.T.);
#720 = VERTEX_POINT('',#721);
#721 = CARTESIAN_POINT('',(113.867,-59.87,0.));
#722 = LINE('',#723,#724);
#723 = CARTESIAN_POINT('',(113.867,-59.87,0.));
#724 = VECTOR('',#725,1.);
#725 = DIRECTION('',(0.749280095245,0.662253228659,0.));
#726 = ORIENTED_EDGE('',*,*,#727,.F.);
#727 = EDGE_CURVE('',#728,#720,#730,.T.);
#728 = VERTEX_POINT('',#729);
#729 = CARTESIAN_POINT('',(113.172,-60.507,0.));
#730 = LINE('',#731,#732);
#731 = CARTESIAN_POINT('',(113.172,-60.507,0.));
#732 = VECTOR('',#733,1.);
#733 = DIRECTION('',(0.737198168389,0.675676594624,0.));
#734 = ORIENTED_EDGE('',*,*,#735,.F.);
#735 = EDGE_CURVE('',#736,#728,#738,.T.);
#736 = VERTEX_POINT('',#737);
#737 = CARTESIAN_POINT('',(112.488,-61.156,0.));
#738 = LINE('',#739,#740);
#739 = CARTESIAN_POINT('',(112.488,-61.156,0.));
#740 = VECTOR('',#741,1.);
#741 = DIRECTION('',(0.725422962932,0.688303366875,0.));
#742 = ORIENTED_EDGE('',*,*,#743,.F.);
#743 = EDGE_CURVE('',#744,#736,#746,.T.);
#744 = VERTEX_POINT('',#745);
#745 = CARTESIAN_POINT('',(111.816,-61.816,0.));
#746 = LINE('',#747,#748);
#747 = CARTESIAN_POINT('',(111.816,-61.816,0.));
#748 = VECTOR('',#749,1.);
#749 = DIRECTION('',(0.713448160609,0.700708014884,0.));
#750 = ORIENTED_EDGE('',*,*,#751,.F.);
#751 = EDGE_CURVE('',#752,#744,#754,.T.);
#752 = VERTEX_POINT('',#753);
#753 = CARTESIAN_POINT('',(111.156,-62.488,0.));
#754 = LINE('',#755,#756);
#755 = CARTESIAN_POINT('',(111.156,-62.488,0.));
#756 = VECTOR('',#757,1.);
#757 = DIRECTION('',(0.700708014884,0.713448160609,0.));
#758 = ORIENTED_EDGE('',*,*,#759,.F.);
#759 = EDGE_CURVE('',#760,#752,#762,.T.);
#760 = VERTEX_POINT('',#761);
#761 = CARTESIAN_POINT('',(110.507,-63.172,0.));
#762 = LINE('',#763,#764);
#763 = CARTESIAN_POINT('',(110.507,-63.172,0.));
#764 = VECTOR('',#765,1.);
#765 = DIRECTION('',(0.688303366875,0.725422962932,0.));
#766 = ORIENTED_EDGE('',*,*,#767,.F.);
#767 = EDGE_CURVE('',#768,#760,#770,.T.);
#768 = VERTEX_POINT('',#769);
#769 = CARTESIAN_POINT('',(109.87,-63.867,0.));
#770 = LINE('',#771,#772);
#771 = CARTESIAN_POINT('',(109.87,-63.867,0.));
#772 = VECTOR('',#773,1.);
#773 = DIRECTION('',(0.675676594625,0.737198168389,0.));
#774 = ORIENTED_EDGE('',*,*,#775,.F.);
#775 = EDGE_CURVE('',#776,#768,#778,.T.);
#776 = VERTEX_POINT('',#777);
#777 = CARTESIAN_POINT('',(109.246,-64.572999,0.));
#778 = LINE('',#779,#780);
#779 = CARTESIAN_POINT('',(109.246,-64.572999,0.));
#780 = VECTOR('',#781,1.);
#781 = DIRECTION('',(0.662253755292,0.749279629779,0.));
#782 = ORIENTED_EDGE('',*,*,#783,.F.);
#783 = EDGE_CURVE('',#784,#776,#786,.T.);
#784 = VERTEX_POINT('',#785);
#785 = CARTESIAN_POINT('',(108.634,-65.289,0.));
#786 = LINE('',#787,#788);
#787 = CARTESIAN_POINT('',(108.634,-65.289,0.));
#788 = VECTOR('',#789,1.);
#789 = DIRECTION('',(0.649741048736,0.760155621954,0.));
#790 = ORIENTED_EDGE('',*,*,#791,.F.);
#791 = EDGE_CURVE('',#792,#784,#794,.T.);
#792 = VERTEX_POINT('',#793);
#793 = CARTESIAN_POINT('',(108.034,-66.016999,0.));
#794 = LINE('',#795,#796);
#795 = CARTESIAN_POINT('',(108.034,-66.016999,0.));
#796 = VECTOR('',#797,1.);
#797 = DIRECTION('',(0.63600496517,0.771684964398,0.));
#798 = ORIENTED_EDGE('',*,*,#799,.F.);
#799 = EDGE_CURVE('',#800,#792,#802,.T.);
#800 = VERTEX_POINT('',#801);
#801 = CARTESIAN_POINT('',(107.447,-66.754,0.));
#802 = LINE('',#803,#804);
#803 = CARTESIAN_POINT('',(107.447,-66.754,0.));
#804 = VECTOR('',#805,1.);
#805 = DIRECTION('',(0.623010455975,0.782213507775,0.));
#806 = ORIENTED_EDGE('',*,*,#807,.F.);
#807 = EDGE_CURVE('',#808,#800,#810,.T.);
#808 = VERTEX_POINT('',#809);
#809 = CARTESIAN_POINT('',(106.874,-67.502,0.));
#810 = LINE('',#811,#812);
#811 = CARTESIAN_POINT('',(106.874,-67.502,0.));
#812 = VECTOR('',#813,1.);
#813 = DIRECTION('',(0.608119570772,0.793845443172,0.));
#814 = ORIENTED_EDGE('',*,*,#815,.F.);
#815 = EDGE_CURVE('',#816,#808,#818,.T.);
#816 = VERTEX_POINT('',#817);
#817 = CARTESIAN_POINT('',(106.313,-68.26,0.));
#818 = LINE('',#819,#820);
#819 = CARTESIAN_POINT('',(106.313,-68.26,0.));
#820 = VECTOR('',#821,1.);
#821 = DIRECTION('',(0.594897820462,0.803801333173,0.));
#822 = ORIENTED_EDGE('',*,*,#823,.F.);
#823 = EDGE_CURVE('',#824,#816,#826,.T.);
#824 = VERTEX_POINT('',#825);
#825 = CARTESIAN_POINT('',(105.766,-69.027,0.));
#826 = LINE('',#827,#828);
#827 = CARTESIAN_POINT('',(105.766,-69.027,0.));
#828 = VECTOR('',#829,1.);
#829 = DIRECTION('',(0.580635566561,0.814163582362,0.));
#830 = ORIENTED_EDGE('',*,*,#831,.F.);
#831 = EDGE_CURVE('',#832,#824,#834,.T.);
#832 = VERTEX_POINT('',#833);
#833 = CARTESIAN_POINT('',(105.232,-69.804,0.));
#834 = LINE('',#835,#836);
#835 = CARTESIAN_POINT('',(105.232,-69.804,0.));
#836 = VECTOR('',#837,1.);
#837 = DIRECTION('',(0.566393770718,0.82413475627,0.));
#838 = ORIENTED_EDGE('',*,*,#839,.F.);
#839 = EDGE_CURVE('',#840,#832,#842,.T.);
#840 = VERTEX_POINT('',#841);
#841 = CARTESIAN_POINT('',(104.712,-70.589,0.));
#842 = LINE('',#843,#844);
#843 = CARTESIAN_POINT('',(104.712,-70.589,0.));
#844 = VECTOR('',#845,1.);
#845 = DIRECTION('',(0.552246989696,0.833680551753,0.));
#846 = ORIENTED_EDGE('',*,*,#847,.F.);
#847 = EDGE_CURVE('',#848,#840,#850,.T.);
#848 = VERTEX_POINT('',#849);
#849 = CARTESIAN_POINT('',(104.205,-71.384,0.));
#850 = LINE('',#851,#852);
#851 = CARTESIAN_POINT('',(104.205,-71.384,0.));
#852 = VECTOR('',#853,1.);
#853 = DIRECTION('',(0.537698722127,0.84313704949,0.));
#854 = ORIENTED_EDGE('',*,*,#855,.F.);
#855 = EDGE_CURVE('',#856,#848,#858,.T.);
#856 = VERTEX_POINT('',#857);
#857 = CARTESIAN_POINT('',(103.713,-72.188,0.));
#858 = LINE('',#859,#860);
#859 = CARTESIAN_POINT('',(103.713,-72.188,0.));
#860 = VECTOR('',#861,1.);
#861 = DIRECTION('',(0.521964870245,0.852966983083,0.));
#862 = ORIENTED_EDGE('',*,*,#863,.F.);
#863 = EDGE_CURVE('',#864,#856,#866,.T.);
#864 = VERTEX_POINT('',#865);
#865 = CARTESIAN_POINT('',(103.235,-73.,0.));
#866 = LINE('',#867,#868);
#867 = CARTESIAN_POINT('',(103.235,-73.,0.));
#868 = VECTOR('',#869,1.);
#869 = DIRECTION('',(0.507298382802,0.86177047455,0.));
#870 = ORIENTED_EDGE('',*,*,#871,.F.);
#871 = EDGE_CURVE('',#872,#864,#874,.T.);
#872 = VERTEX_POINT('',#873);
#873 = CARTESIAN_POINT('',(103.,-73.82,0.));
#874 = LINE('',#875,#876);
#875 = CARTESIAN_POINT('',(103.,-73.82,0.));
#876 = VECTOR('',#877,1.);
#877 = DIRECTION('',(0.27549521247,0.961302443514,0.));
#878 = ORIENTED_EDGE('',*,*,#879,.F.);
#879 = EDGE_CURVE('',#880,#872,#882,.T.);
#880 = VERTEX_POINT('',#881);
#881 = CARTESIAN_POINT('',(103.,-74.649,0.));
#882 = LINE('',#883,#884);
#883 = CARTESIAN_POINT('',(103.,-74.649,0.));
#884 = VECTOR('',#885,1.);
#885 = DIRECTION('',(0.,1.,0.));
#886 = ORIENTED_EDGE('',*,*,#887,.F.);
#887 = EDGE_CURVE('',#888,#880,#890,.T.);
#888 = VERTEX_POINT('',#889);
#889 = CARTESIAN_POINT('',(103.,-75.485,0.));
#890 = LINE('',#891,#892);
#891 = CARTESIAN_POINT('',(103.,-75.485,0.));
#892 = VECTOR('',#893,1.);
#893 = DIRECTION('',(0.,1.,0.));
#894 = ORIENTED_EDGE('',*,*,#895,.F.);
#895 = EDGE_CURVE('',#896,#888,#898,.T.);
#896 = VERTEX_POINT('',#897);
#897 = CARTESIAN_POINT('',(103.,-76.328,0.));
#898 = LINE('',#899,#900);
#899 = CARTESIAN_POINT('',(103.,-76.328,0.));
#900 = VECTOR('',#901,1.);
#901 = DIRECTION('',(0.,1.,0.));
#902 = ORIENTED_EDGE('',*,*,#903,.F.);
#903 = EDGE_CURVE('',#904,#896,#906,.T.);
#904 = VERTEX_POINT('',#905);
#905 = CARTESIAN_POINT('',(103.,-77.179,0.));
#906 = LINE('',#907,#908);
#907 = CARTESIAN_POINT('',(103.,-77.179,0.));
#908 = VECTOR('',#909,1.);
#909 = DIRECTION('',(0.,1.,0.));
#910 = ORIENTED_EDGE('',*,*,#911,.F.);
#911 = EDGE_CURVE('',#912,#904,#914,.T.);
#912 = VERTEX_POINT('',#913);
#913 = CARTESIAN_POINT('',(103.,-78.036,0.));
#914 = LINE('',#915,#916);
#915 = CARTESIAN_POINT('',(103.,-78.036,0.));
#916 = VECTOR('',#917,1.);
#917 = DIRECTION('',(0.,1.,0.));
#918 = ORIENTED_EDGE('',*,*,#919,.F.);
#919 = EDGE_CURVE('',#920,#912,#922,.T.);
#920 = VERTEX_POINT('',#921);
#921 = CARTESIAN_POINT('',(103.,-78.901,0.));
#922 = LINE('',#923,#924);
#923 = CARTESIAN_POINT('',(103.,-78.901,0.));
#924 = VECTOR('',#925,1.);
#925 = DIRECTION('',(0.,1.,0.));
#926 = ORIENTED_EDGE('',*,*,#927,.F.);
#927 = EDGE_CURVE('',#928,#920,#930,.T.);
#928 = VERTEX_POINT('',#929);
#929 = CARTESIAN_POINT('',(103.,-79.771,0.));
#930 = LINE('',#931,#932);
#931 = CARTESIAN_POINT('',(103.,-79.771,0.));
#932 = VECTOR('',#933,1.);
#933 = DIRECTION('',(0.,1.,0.));
#934 = ORIENTED_EDGE('',*,*,#935,.F.);
#935 = EDGE_CURVE('',#936,#928,#938,.T.);
#936 = VERTEX_POINT('',#937);
#937 = CARTESIAN_POINT('',(103.,-80.648,0.));
#938 = LINE('',#939,#940);
#939 = CARTESIAN_POINT('',(103.,-80.648,0.));
#940 = VECTOR('',#941,1.);
#941 = DIRECTION('',(0.,1.,0.));
#942 = ORIENTED_EDGE('',*,*,#943,.F.);
#943 = EDGE_CURVE('',#944,#936,#946,.T.);
#944 = VERTEX_POINT('',#945);
#945 = CARTESIAN_POINT('',(103.,-81.531,0.));
#946 = LINE('',#947,#948);
#947 = CARTESIAN_POINT('',(103.,-81.531,0.));
#948 = VECTOR('',#949,1.);
#949 = DIRECTION('',(0.,1.,0.));
#950 = ORIENTED_EDGE('',*,*,#951,.F.);
#951 = EDGE_CURVE('',#952,#944,#954,.T.);
#952 = VERTEX_POINT('',#953);
#953 = CARTESIAN_POINT('',(103.,-82.419,0.));
#954 = LINE('',#955,#956);
#955 = CARTESIAN_POINT('',(103.,-82.419,0.));
#956 = VECTOR('',#957,1.);
#957 = DIRECTION('',(0.,1.,0.));
#958 = ORIENTED_EDGE('',*,*,#959,.F.);
#959 = EDGE_CURVE('',#960,#952,#962,.T.);
#960 = VERTEX_POINT('',#961);
#961 = CARTESIAN_POINT('',(103.,-83.313,0.));
#962 = LINE('',#963,#964);
#963 = CARTESIAN_POINT('',(103.,-83.313,0.));
#964 = VECTOR('',#965,1.);
#965 = DIRECTION('',(0.,1.,0.));
#966 = ORIENTED_EDGE('',*,*,#967,.F.);
#967 = EDGE_CURVE('',#968,#960,#970,.T.);
#968 = VERTEX_POINT('',#969);
#969 = CARTESIAN_POINT('',(103.,-84.212,0.));
#970 = LINE('',#971,#972);
#971 = CARTESIAN_POINT('',(103.,-84.212,0.));
#972 = VECTOR('',#973,1.);
#973 = DIRECTION('',(0.,1.,0.));
#974 = ORIENTED_EDGE('',*,*,#975,.F.);
#975 = EDGE_CURVE('',#976,#968,#978,.T.);
#976 = VERTEX_POINT('',#977);
#977 = CARTESIAN_POINT('',(103.,-85.116,0.));
#978 = LINE('',#979,#980);
#979 = CARTESIAN_POINT('',(103.,-85.116,0.));
#980 = VECTOR('',#981,1.);
#981 = DIRECTION('',(0.,1.,0.));
#982 = ORIENTED_EDGE('',*,*,#983,.F.);
#983 = EDGE_CURVE('',#984,#976,#986,.T.);
#984 = VERTEX_POINT('',#985);
#985 = CARTESIAN_POINT('',(103.,-86.024,0.));
#986 = LINE('',#987,#988);
#987 = CARTESIAN_POINT('',(103.,-86.024,0.));
#988 = VECTOR('',#989,1.);
#989 = DIRECTION('',(0.,1.,0.));
#990 = ORIENTED_EDGE('',*,*,#991,.F.);
#991 = EDGE_CURVE('',#992,#984,#994,.T.);
#992 = VERTEX_POINT('',#993);
#993 = CARTESIAN_POINT('',(103.,-86.936,0.));
#994 = LINE('',#995,#996);
#995 = CARTESIAN_POINT('',(103.,-86.936,0.));
#996 = VECTOR('',#997,1.);
#997 = DIRECTION('',(0.,1.,0.));
#998 = ORIENTED_EDGE('',*,*,#999,.F.);
#999 = EDGE_CURVE('',#1000,#992,#1002,.T.);
#1000 = VERTEX_POINT('',#1001);
#1001 = CARTESIAN_POINT('',(103.,-87.853,0.));
#1002 = LINE('',#1003,#1004);
#1003 = CARTESIAN_POINT('',(103.,-87.853,0.));
#1004 = VECTOR('',#1005,1.);
#1005 = DIRECTION('',(0.,1.,0.));
#1006 = ORIENTED_EDGE('',*,*,#1007,.F.);
#1007 = EDGE_CURVE('',#1008,#1000,#1010,.T.);
#1008 = VERTEX_POINT('',#1009);
#1009 = CARTESIAN_POINT('',(103.,-88.773,0.));
#1010 = LINE('',#1011,#1012);
#1011 = CARTESIAN_POINT('',(103.,-88.773,0.));
#1012 = VECTOR('',#1013,1.);
#1013 = DIRECTION('',(0.,1.,0.));
#1014 = ORIENTED_EDGE('',*,*,#1015,.F.);
#1015 = EDGE_CURVE('',#1016,#1008,#1018,.T.);
#1016 = VERTEX_POINT('',#1017);
#1017 = CARTESIAN_POINT('',(103.,-89.696,0.));
#1018 = LINE('',#1019,#1020);
#1019 = CARTESIAN_POINT('',(103.,-89.696,0.));
#1020 = VECTOR('',#1021,1.);
#1021 = DIRECTION('',(0.,1.,0.));
#1022 = ORIENTED_EDGE('',*,*,#1023,.F.);
#1023 = EDGE_CURVE('',#1024,#1016,#1026,.T.);
#1024 = VERTEX_POINT('',#1025);
#1025 = CARTESIAN_POINT('',(103.,-90.623,0.));
#1026 = LINE('',#1027,#1028);
#1027 = CARTESIAN_POINT('',(103.,-90.623,0.));
#1028 = VECTOR('',#1029,1.);
#1029 = DIRECTION('',(0.,1.,0.));
#1030 = ORIENTED_EDGE('',*,*,#1031,.F.);
#1031 = EDGE_CURVE('',#1032,#1024,#1034,.T.);
#1032 = VERTEX_POINT('',#1033);
#1033 = CARTESIAN_POINT('',(103.,-91.553,0.));
#1034 = LINE('',#1035,#1036);
#1035 = CARTESIAN_POINT('',(103.,-91.553,0.));
#1036 = VECTOR('',#1037,1.);
#1037 = DIRECTION('',(0.,1.,0.));
#1038 = ORIENTED_EDGE('',*,*,#1039,.F.);
#1039 = EDGE_CURVE('',#1040,#1032,#1042,.T.);
#1040 = VERTEX_POINT('',#1041);
#1041 = CARTESIAN_POINT('',(103.,-92.485,0.));
#1042 = LINE('',#1043,#1044);
#1043 = CARTESIAN_POINT('',(103.,-92.485,0.));
#1044 = VECTOR('',#1045,1.);
#1045 = DIRECTION('',(0.,1.,0.));
#1046 = ORIENTED_EDGE('',*,*,#1047,.F.);
#1047 = EDGE_CURVE('',#1048,#1040,#1050,.T.);
#1048 = VERTEX_POINT('',#1049);
#1049 = CARTESIAN_POINT('',(103.,-93.419,0.));
#1050 = LINE('',#1051,#1052);
#1051 = CARTESIAN_POINT('',(103.,-93.419,0.));
#1052 = VECTOR('',#1053,1.);
#1053 = DIRECTION('',(0.,1.,0.));
#1054 = ORIENTED_EDGE('',*,*,#1055,.F.);
#1055 = EDGE_CURVE('',#1056,#1048,#1058,.T.);
#1056 = VERTEX_POINT('',#1057);
#1057 = CARTESIAN_POINT('',(103.,-94.355,0.));
#1058 = LINE('',#1059,#1060);
#1059 = CARTESIAN_POINT('',(103.,-94.355,0.));
#1060 = VECTOR('',#1061,1.);
#1061 = DIRECTION('',(0.,1.,0.));
#1062 = ORIENTED_EDGE('',*,*,#1063,.F.);
#1063 = EDGE_CURVE('',#1064,#1056,#1066,.T.);
#1064 = VERTEX_POINT('',#1065);
#1065 = CARTESIAN_POINT('',(103.,-95.294,0.));
#1066 = LINE('',#1067,#1068);
#1067 = CARTESIAN_POINT('',(103.,-95.294,0.));
#1068 = VECTOR('',#1069,1.);
#1069 = DIRECTION('',(0.,1.,0.));
#1070 = ORIENTED_EDGE('',*,*,#1071,.F.);
#1071 = EDGE_CURVE('',#1072,#1064,#1074,.T.);
#1072 = VERTEX_POINT('',#1073);
#1073 = CARTESIAN_POINT('',(103.,-96.233,0.));
#1074 = LINE('',#1075,#1076);
#1075 = CARTESIAN_POINT('',(103.,-96.233,0.));
#1076 = VECTOR('',#1077,1.);
#1077 = DIRECTION('',(0.,1.,0.));
#1078 = ORIENTED_EDGE('',*,*,#1079,.F.);
#1079 = EDGE_CURVE('',#1080,#1072,#1082,.T.);
#1080 = VERTEX_POINT('',#1081);
#1081 = CARTESIAN_POINT('',(103.,-97.174,0.));
#1082 = LINE('',#1083,#1084);
#1083 = CARTESIAN_POINT('',(103.,-97.174,0.));
#1084 = VECTOR('',#1085,1.);
#1085 = DIRECTION('',(0.,1.,0.));
#1086 = ORIENTED_EDGE('',*,*,#1087,.F.);
#1087 = EDGE_CURVE('',#1088,#1080,#1090,.T.);
#1088 = VERTEX_POINT('',#1089);
#1089 = CARTESIAN_POINT('',(103.,-98.115,0.));
#1090 = LINE('',#1091,#1092);
#1091 = CARTESIAN_POINT('',(103.,-98.115,0.));
#1092 = VECTOR('',#1093,1.);
#1093 = DIRECTION('',(0.,1.,0.));
#1094 = ORIENTED_EDGE('',*,*,#1095,.F.);
#1095 = EDGE_CURVE('',#1096,#1088,#1098,.T.);
#1096 = VERTEX_POINT('',#1097);
#1097 = CARTESIAN_POINT('',(103.,-99.058,0.));
#1098 = LINE('',#1099,#1100);
#1099 = CARTESIAN_POINT('',(103.,-99.058,0.));
#1100 = VECTOR('',#1101,1.);
#1101 = DIRECTION('',(0.,1.,0.));
#1102 = ORIENTED_EDGE('',*,*,#1103,.F.);
#1103 = EDGE_CURVE('',#1104,#1096,#1106,.T.);
#1104 = VERTEX_POINT('',#1105);
#1105 = CARTESIAN_POINT('',(103.,-100.,0.));
#1106 = LINE('',#1107,#1108);
#1107 = CARTESIAN_POINT('',(103.,-100.,0.));
#1108 = VECTOR('',#1109,1.);
#1109 = DIRECTION('',(0.,1.,0.));
#1110 = ORIENTED_EDGE('',*,*,#1111,.F.);
#1111 = EDGE_CURVE('',#1112,#1104,#1114,.T.);
#1112 = VERTEX_POINT('',#1113);
#1113 = CARTESIAN_POINT('',(103.,-100.942,0.));
#1114 = LINE('',#1115,#1116);
#1115 = CARTESIAN_POINT('',(103.,-100.942,0.));
#1116 = VECTOR('',#1117,1.);
#1117 = DIRECTION('',(0.,1.,0.));
#1118 = ORIENTED_EDGE('',*,*,#1119,.F.);
#1119 = EDGE_CURVE('',#1120,#1112,#1122,.T.);
#1120 = VERTEX_POINT('',#1121);
#1121 = CARTESIAN_POINT('',(103.,-101.885,0.));
#1122 = LINE('',#1123,#1124);
#1123 = CARTESIAN_POINT('',(103.,-101.885,0.));
#1124 = VECTOR('',#1125,1.);
#1125 = DIRECTION('',(0.,1.,0.));
#1126 = ORIENTED_EDGE('',*,*,#1127,.F.);
#1127 = EDGE_CURVE('',#1128,#1120,#1130,.T.);
#1128 = VERTEX_POINT('',#1129);
#1129 = CARTESIAN_POINT('',(103.,-102.826,0.));
#1130 = LINE('',#1131,#1132);
#1131 = CARTESIAN_POINT('',(103.,-102.826,0.));
#1132 = VECTOR('',#1133,1.);
#1133 = DIRECTION('',(0.,1.,0.));
#1134 = ORIENTED_EDGE('',*,*,#1135,.F.);
#1135 = EDGE_CURVE('',#1136,#1128,#1138,.T.);
#1136 = VERTEX_POINT('',#1137);
#1137 = CARTESIAN_POINT('',(103.,-103.767,0.));
#1138 = LINE('',#1139,#1140);
#1139 = CARTESIAN_POINT('',(103.,-103.767,0.));
#1140 = VECTOR('',#1141,1.);
#1141 = DIRECTION('',(0.,1.,0.));
#1142 = ORIENTED_EDGE('',*,*,#1143,.F.);
#1143 = EDGE_CURVE('',#1144,#1136,#1146,.T.);
#1144 = VERTEX_POINT('',#1145);
#1145 = CARTESIAN_POINT('',(103.,-104.706,0.));
#1146 = LINE('',#1147,#1148);
#1147 = CARTESIAN_POINT('',(103.,-104.706,0.));
#1148 = VECTOR('',#1149,1.);
#1149 = DIRECTION('',(0.,1.,0.));
#1150 = ORIENTED_EDGE('',*,*,#1151,.F.);
#1151 = EDGE_CURVE('',#1152,#1144,#1154,.T.);
#1152 = VERTEX_POINT('',#1153);
#1153 = CARTESIAN_POINT('',(103.,-105.645,0.));
#1154 = LINE('',#1155,#1156);
#1155 = CARTESIAN_POINT('',(103.,-105.645,0.));
#1156 = VECTOR('',#1157,1.);
#1157 = DIRECTION('',(0.,1.,0.));
#1158 = ORIENTED_EDGE('',*,*,#1159,.F.);
#1159 = EDGE_CURVE('',#1160,#1152,#1162,.T.);
#1160 = VERTEX_POINT('',#1161);
#1161 = CARTESIAN_POINT('',(103.,-106.581,0.));
#1162 = LINE('',#1163,#1164);
#1163 = CARTESIAN_POINT('',(103.,-106.581,0.));
#1164 = VECTOR('',#1165,1.);
#1165 = DIRECTION('',(0.,1.,0.));
#1166 = ORIENTED_EDGE('',*,*,#1167,.F.);
#1167 = EDGE_CURVE('',#1168,#1160,#1170,.T.);
#1168 = VERTEX_POINT('',#1169);
#1169 = CARTESIAN_POINT('',(103.,-107.515,0.));
#1170 = LINE('',#1171,#1172);
#1171 = CARTESIAN_POINT('',(103.,-107.515,0.));
#1172 = VECTOR('',#1173,1.);
#1173 = DIRECTION('',(0.,1.,0.));
#1174 = ORIENTED_EDGE('',*,*,#1175,.F.);
#1175 = EDGE_CURVE('',#1176,#1168,#1178,.T.);
#1176 = VERTEX_POINT('',#1177);
#1177 = CARTESIAN_POINT('',(103.,-108.447,0.));
#1178 = LINE('',#1179,#1180);
#1179 = CARTESIAN_POINT('',(103.,-108.447,0.));
#1180 = VECTOR('',#1181,1.);
#1181 = DIRECTION('',(0.,1.,0.));
#1182 = ORIENTED_EDGE('',*,*,#1183,.F.);
#1183 = EDGE_CURVE('',#1184,#1176,#1186,.T.);
#1184 = VERTEX_POINT('',#1185);
#1185 = CARTESIAN_POINT('',(103.,-109.377,0.));
#1186 = LINE('',#1187,#1188);
#1187 = CARTESIAN_POINT('',(103.,-109.377,0.));
#1188 = VECTOR('',#1189,1.);
#1189 = DIRECTION('',(0.,1.,0.));
#1190 = ORIENTED_EDGE('',*,*,#1191,.F.);
#1191 = EDGE_CURVE('',#1192,#1184,#1194,.T.);
#1192 = VERTEX_POINT('',#1193);
#1193 = CARTESIAN_POINT('',(103.,-110.304,0.));
#1194 = LINE('',#1195,#1196);
#1195 = CARTESIAN_POINT('',(103.,-110.304,0.));
#1196 = VECTOR('',#1197,1.);
#1197 = DIRECTION('',(0.,1.,0.));
#1198 = ORIENTED_EDGE('',*,*,#1199,.F.);
#1199 = EDGE_CURVE('',#1200,#1192,#1202,.T.);
#1200 = VERTEX_POINT('',#1201);
#1201 = CARTESIAN_POINT('',(103.,-111.227,0.));
#1202 = LINE('',#1203,#1204);
#1203 = CARTESIAN_POINT('',(103.,-111.227,0.));
#1204 = VECTOR('',#1205,1.);
#1205 = DIRECTION('',(0.,1.,0.));
#1206 = ORIENTED_EDGE('',*,*,#1207,.F.);
#1207 = EDGE_CURVE('',#1208,#1200,#1210,.T.);
#1208 = VERTEX_POINT('',#1209);
#1209 = CARTESIAN_POINT('',(103.,-112.147,0.));
#1210 = LINE('',#1211,#1212);
#1211 = CARTESIAN_POINT('',(103.,-112.147,0.));
#1212 = VECTOR('',#1213,1.);
#1213 = DIRECTION('',(0.,1.,0.));
#1214 = ORIENTED_EDGE('',*,*,#1215,.F.);
#1215 = EDGE_CURVE('',#1216,#1208,#1218,.T.);
#1216 = VERTEX_POINT('',#1217);
#1217 = CARTESIAN_POINT('',(103.,-113.064,0.));
#1218 = LINE('',#1219,#1220);
#1219 = CARTESIAN_POINT('',(103.,-113.064,0.));
#1220 = VECTOR('',#1221,1.);
#1221 = DIRECTION('',(0.,1.,0.));
#1222 = ORIENTED_EDGE('',*,*,#1223,.F.);
#1223 = EDGE_CURVE('',#1224,#1216,#1226,.T.);
#1224 = VERTEX_POINT('',#1225);
#1225 = CARTESIAN_POINT('',(103.,-113.976,0.));
#1226 = LINE('',#1227,#1228);
#1227 = CARTESIAN_POINT('',(103.,-113.976,0.));
#1228 = VECTOR('',#1229,1.);
#1229 = DIRECTION('',(0.,1.,0.));
#1230 = ORIENTED_EDGE('',*,*,#1231,.F.);
#1231 = EDGE_CURVE('',#1232,#1224,#1234,.T.);
#1232 = VERTEX_POINT('',#1233);
#1233 = CARTESIAN_POINT('',(103.,-114.884,0.));
#1234 = LINE('',#1235,#1236);
#1235 = CARTESIAN_POINT('',(103.,-114.884,0.));
#1236 = VECTOR('',#1237,1.);
#1237 = DIRECTION('',(0.,1.,0.));
#1238 = ORIENTED_EDGE('',*,*,#1239,.F.);
#1239 = EDGE_CURVE('',#1240,#1232,#1242,.T.);
#1240 = VERTEX_POINT('',#1241);
#1241 = CARTESIAN_POINT('',(103.,-115.788,0.));
#1242 = LINE('',#1243,#1244);
#1243 = CARTESIAN_POINT('',(103.,-115.788,0.));
#1244 = VECTOR('',#1245,1.);
#1245 = DIRECTION('',(0.,1.,0.));
#1246 = ORIENTED_EDGE('',*,*,#1247,.F.);
#1247 = EDGE_CURVE('',#1248,#1240,#1250,.T.);
#1248 = VERTEX_POINT('',#1249);
#1249 = CARTESIAN_POINT('',(103.,-116.687,0.));
#1250 = LINE('',#1251,#1252);
#1251 = CARTESIAN_POINT('',(103.,-116.687,0.));
#1252 = VECTOR('',#1253,1.);
#1253 = DIRECTION('',(0.,1.,0.));
#1254 = ORIENTED_EDGE('',*,*,#1255,.F.);
#1255 = EDGE_CURVE('',#1256,#1248,#1258,.T.);
#1256 = VERTEX_POINT('',#1257);
#1257 = CARTESIAN_POINT('',(103.,-117.581,0.));
#1258 = LINE('',#1259,#1260);
#1259 = CARTESIAN_POINT('',(103.,-117.581,0.));
#1260 = VECTOR('',#1261,1.);
#1261 = DIRECTION('',(0.,1.,0.));
#1262 = ORIENTED_EDGE('',*,*,#1263,.F.);
#1263 = EDGE_CURVE('',#1264,#1256,#1266,.T.);
#1264 = VERTEX_POINT('',#1265);
#1265 = CARTESIAN_POINT('',(103.,-118.469,0.));
#1266 = LINE('',#1267,#1268);
#1267 = CARTESIAN_POINT('',(103.,-118.469,0.));
#1268 = VECTOR('',#1269,1.);
#1269 = DIRECTION('',(0.,1.,0.));
#1270 = ORIENTED_EDGE('',*,*,#1271,.F.);
#1271 = EDGE_CURVE('',#1272,#1264,#1274,.T.);
#1272 = VERTEX_POINT('',#1273);
#1273 = CARTESIAN_POINT('',(103.,-119.352,0.));
#1274 = LINE('',#1275,#1276);
#1275 = CARTESIAN_POINT('',(103.,-119.352,0.));
#1276 = VECTOR('',#1277,1.);
#1277 = DIRECTION('',(0.,1.,0.));
#1278 = ORIENTED_EDGE('',*,*,#1279,.F.);
#1279 = EDGE_CURVE('',#1280,#1272,#1282,.T.);
#1280 = VERTEX_POINT('',#1281);
#1281 = CARTESIAN_POINT('',(103.,-120.229,0.));
#1282 = LINE('',#1283,#1284);
#1283 = CARTESIAN_POINT('',(103.,-120.229,0.));
#1284 = VECTOR('',#1285,1.);
#1285 = DIRECTION('',(0.,1.,0.));
#1286 = ORIENTED_EDGE('',*,*,#1287,.F.);
#1287 = EDGE_CURVE('',#1288,#1280,#1290,.T.);
#1288 = VERTEX_POINT('',#1289);
#1289 = CARTESIAN_POINT('',(103.,-121.099,0.));
#1290 = LINE('',#1291,#1292);
#1291 = CARTESIAN_POINT('',(103.,-121.099,0.));
#1292 = VECTOR('',#1293,1.);
#1293 = DIRECTION('',(0.,1.,0.));
#1294 = ORIENTED_EDGE('',*,*,#1295,.F.);
#1295 = EDGE_CURVE('',#1296,#1288,#1298,.T.);
#1296 = VERTEX_POINT('',#1297);
#1297 = CARTESIAN_POINT('',(103.,-121.964,0.));
#1298 = LINE('',#1299,#1300);
#1299 = CARTESIAN_POINT('',(103.,-121.964,0.));
#1300 = VECTOR('',#1301,1.);
#1301 = DIRECTION('',(0.,1.,0.));
#1302 = ORIENTED_EDGE('',*,*,#1303,.F.);
#1303 = EDGE_CURVE('',#1304,#1296,#1306,.T.);
#1304 = VERTEX_POINT('',#1305);
#1305 = CARTESIAN_POINT('',(103.,-122.821,0.));
#1306 = LINE('',#1307,#1308);
#1307 = CARTESIAN_POINT('',(103.,-122.821,0.));
#1308 = VECTOR('',#1309,1.);
#1309 = DIRECTION('',(0.,1.,0.));
#1310 = ORIENTED_EDGE('',*,*,#1311,.F.);
#1311 = EDGE_CURVE('',#1312,#1304,#1314,.T.);
#1312 = VERTEX_POINT('',#1313);
#1313 = CARTESIAN_POINT('',(103.,-123.672,0.));
#1314 = LINE('',#1315,#1316);
#1315 = CARTESIAN_POINT('',(103.,-123.672,0.));
#1316 = VECTOR('',#1317,1.);
#1317 = DIRECTION('',(0.,1.,0.));
#1318 = ORIENTED_EDGE('',*,*,#1319,.F.);
#1319 = EDGE_CURVE('',#1320,#1312,#1322,.T.);
#1320 = VERTEX_POINT('',#1321);
#1321 = CARTESIAN_POINT('',(103.,-124.515,0.));
#1322 = LINE('',#1323,#1324);
#1323 = CARTESIAN_POINT('',(103.,-124.515,0.));
#1324 = VECTOR('',#1325,1.);
#1325 = DIRECTION('',(0.,1.,0.));
#1326 = ORIENTED_EDGE('',*,*,#1327,.F.);
#1327 = EDGE_CURVE('',#1328,#1320,#1330,.T.);
#1328 = VERTEX_POINT('',#1329);
#1329 = CARTESIAN_POINT('',(103.,-125.351,0.));
#1330 = LINE('',#1331,#1332);
#1331 = CARTESIAN_POINT('',(103.,-125.351,0.));
#1332 = VECTOR('',#1333,1.);
#1333 = DIRECTION('',(0.,1.,0.));
#1334 = ORIENTED_EDGE('',*,*,#1335,.F.);
#1335 = EDGE_CURVE('',#1336,#1328,#1338,.T.);
#1336 = VERTEX_POINT('',#1337);
#1337 = CARTESIAN_POINT('',(103.,-126.18,0.));
#1338 = LINE('',#1339,#1340);
#1339 = CARTESIAN_POINT('',(103.,-126.18,0.));
#1340 = VECTOR('',#1341,1.);
#1341 = DIRECTION('',(0.,1.,0.));
#1342 = ORIENTED_EDGE('',*,*,#1343,.F.);
#1343 = EDGE_CURVE('',#1344,#1336,#1346,.T.);
#1344 = VERTEX_POINT('',#1345);
#1345 = CARTESIAN_POINT('',(103.235,-127.,0.));
#1346 = LINE('',#1347,#1348);
#1347 = CARTESIAN_POINT('',(103.235,-127.,0.));
#1348 = VECTOR('',#1349,1.);
#1349 = DIRECTION('',(-0.27549521247,0.961302443514,0.));
#1350 = ORIENTED_EDGE('',*,*,#1351,.F.);
#1351 = EDGE_CURVE('',#1352,#1344,#1354,.T.);
#1352 = VERTEX_POINT('',#1353);
#1353 = CARTESIAN_POINT('',(103.713,-127.812,0.));
#1354 = LINE('',#1355,#1356);
#1355 = CARTESIAN_POINT('',(103.713,-127.812,0.));
#1356 = VECTOR('',#1357,1.);
#1357 = DIRECTION('',(-0.507298382802,0.86177047455,0.));
#1358 = ORIENTED_EDGE('',*,*,#1359,.F.);
#1359 = EDGE_CURVE('',#1360,#1352,#1362,.T.);
#1360 = VERTEX_POINT('',#1361);
#1361 = CARTESIAN_POINT('',(104.205,-128.616,0.));
#1362 = LINE('',#1363,#1364);
#1363 = CARTESIAN_POINT('',(104.205,-128.616,0.));
#1364 = VECTOR('',#1365,1.);
#1365 = DIRECTION('',(-0.521964870245,0.852966983083,0.));
#1366 = ORIENTED_EDGE('',*,*,#1367,.F.);
#1367 = EDGE_CURVE('',#1368,#1360,#1370,.T.);
#1368 = VERTEX_POINT('',#1369);
#1369 = CARTESIAN_POINT('',(104.712,-129.411,0.));
#1370 = LINE('',#1371,#1372);
#1371 = CARTESIAN_POINT('',(104.712,-129.411,0.));
#1372 = VECTOR('',#1373,1.);
#1373 = DIRECTION('',(-0.537698722128,0.84313704949,0.));
#1374 = ORIENTED_EDGE('',*,*,#1375,.F.);
#1375 = EDGE_CURVE('',#1376,#1368,#1378,.T.);
#1376 = VERTEX_POINT('',#1377);
#1377 = CARTESIAN_POINT('',(105.232,-130.196,0.));
#1378 = LINE('',#1379,#1380);
#1379 = CARTESIAN_POINT('',(105.232,-130.196,0.));
#1380 = VECTOR('',#1381,1.);
#1381 = DIRECTION('',(-0.552246989696,0.833680551753,0.));
#1382 = ORIENTED_EDGE('',*,*,#1383,.F.);
#1383 = EDGE_CURVE('',#1384,#1376,#1386,.T.);
#1384 = VERTEX_POINT('',#1385);
#1385 = CARTESIAN_POINT('',(105.766,-130.973,0.));
#1386 = LINE('',#1387,#1388);
#1387 = CARTESIAN_POINT('',(105.766,-130.973,0.));
#1388 = VECTOR('',#1389,1.);
#1389 = DIRECTION('',(-0.566393770718,0.82413475627,0.));
#1390 = ORIENTED_EDGE('',*,*,#1391,.F.);
#1391 = EDGE_CURVE('',#1392,#1384,#1394,.T.);
#1392 = VERTEX_POINT('',#1393);
#1393 = CARTESIAN_POINT('',(106.313,-131.74,0.));
#1394 = LINE('',#1395,#1396);
#1395 = CARTESIAN_POINT('',(106.313,-131.74,0.));
#1396 = VECTOR('',#1397,1.);
#1397 = DIRECTION('',(-0.580635566561,0.814163582362,0.));
#1398 = ORIENTED_EDGE('',*,*,#1399,.F.);
#1399 = EDGE_CURVE('',#1400,#1392,#1402,.T.);
#1400 = VERTEX_POINT('',#1401);
#1401 = CARTESIAN_POINT('',(106.874,-132.497999,0.));
#1402 = LINE('',#1403,#1404);
#1403 = CARTESIAN_POINT('',(106.874,-132.497999,0.));
#1404 = VECTOR('',#1405,1.);
#1405 = DIRECTION('',(-0.594898327535,0.803800957885,0.));
#1406 = ORIENTED_EDGE('',*,*,#1407,.F.);
#1407 = EDGE_CURVE('',#1408,#1400,#1410,.T.);
#1408 = VERTEX_POINT('',#1409);
#1409 = CARTESIAN_POINT('',(107.447,-133.246,0.));
#1410 = LINE('',#1411,#1412);
#1411 = CARTESIAN_POINT('',(107.447,-133.246,0.));
#1412 = VECTOR('',#1413,1.);
#1413 = DIRECTION('',(-0.608119058431,0.793845835646,0.));
#1414 = ORIENTED_EDGE('',*,*,#1415,.F.);
#1415 = EDGE_CURVE('',#1416,#1408,#1418,.T.);
#1416 = VERTEX_POINT('',#1417);
#1417 = CARTESIAN_POINT('',(108.034,-133.983,0.));
#1418 = LINE('',#1419,#1420);
#1419 = CARTESIAN_POINT('',(108.034,-133.983,0.));
#1420 = VECTOR('',#1421,1.);
#1421 = DIRECTION('',(-0.623010973198,0.782213095821,0.));
#1422 = ORIENTED_EDGE('',*,*,#1423,.F.);
#1423 = EDGE_CURVE('',#1424,#1416,#1426,.T.);
#1424 = VERTEX_POINT('',#1425);
#1425 = CARTESIAN_POINT('',(108.634,-134.711,0.));
#1426 = LINE('',#1427,#1428);
#1427 = CARTESIAN_POINT('',(108.634,-134.711,0.));
#1428 = VECTOR('',#1429,1.);
#1429 = DIRECTION('',(-0.636004444923,0.771685393174,0.));
#1430 = ORIENTED_EDGE('',*,*,#1431,.F.);
#1431 = EDGE_CURVE('',#1432,#1424,#1434,.T.);
#1432 = VERTEX_POINT('',#1433);
#1433 = CARTESIAN_POINT('',(109.246,-135.427,0.));
#1434 = LINE('',#1435,#1436);
#1435 = CARTESIAN_POINT('',(109.246,-135.427,0.));
#1436 = VECTOR('',#1437,1.);
#1437 = DIRECTION('',(-0.649741573098,0.760155173756,0.));
#1438 = ORIENTED_EDGE('',*,*,#1439,.F.);
#1439 = EDGE_CURVE('',#1440,#1432,#1442,.T.);
#1440 = VERTEX_POINT('',#1441);
#1441 = CARTESIAN_POINT('',(109.87,-136.133,0.));
#1442 = LINE('',#1443,#1444);
#1443 = CARTESIAN_POINT('',(109.87,-136.133,0.));
#1444 = VECTOR('',#1445,1.);
#1445 = DIRECTION('',(-0.662253228659,0.749280095245,0.));
#1446 = ORIENTED_EDGE('',*,*,#1447,.F.);
#1447 = EDGE_CURVE('',#1448,#1440,#1450,.T.);
#1448 = VERTEX_POINT('',#1449);
#1449 = CARTESIAN_POINT('',(110.507,-136.828,0.));
#1450 = LINE('',#1451,#1452);
#1451 = CARTESIAN_POINT('',(110.507,-136.828,0.));
#1452 = VECTOR('',#1453,1.);
#1453 = DIRECTION('',(-0.675676594625,0.737198168389,0.));
#1454 = ORIENTED_EDGE('',*,*,#1455,.F.);
#1455 = EDGE_CURVE('',#1456,#1448,#1458,.T.);
#1456 = VERTEX_POINT('',#1457);
#1457 = CARTESIAN_POINT('',(111.156,-137.512,0.));
#1458 = LINE('',#1459,#1460);
#1459 = CARTESIAN_POINT('',(111.156,-137.512,0.));
#1460 = VECTOR('',#1461,1.);
#1461 = DIRECTION('',(-0.688303366875,0.725422962932,0.));
#1462 = ORIENTED_EDGE('',*,*,#1463,.F.);
#1463 = EDGE_CURVE('',#1464,#1456,#1466,.T.);
#1464 = VERTEX_POINT('',#1465);
#1465 = CARTESIAN_POINT('',(111.816,-138.184,0.));
#1466 = LINE('',#1467,#1468);
#1467 = CARTESIAN_POINT('',(111.816,-138.184,0.));
#1468 = VECTOR('',#1469,1.);
#1469 = DIRECTION('',(-0.700708014884,0.713448160609,0.));
#1470 = ORIENTED_EDGE('',*,*,#1471,.F.);
#1471 = EDGE_CURVE('',#1472,#1464,#1474,.T.);
#1472 = VERTEX_POINT('',#1473);
#1473 = CARTESIAN_POINT('',(112.488,-138.844,0.));
#1474 = LINE('',#1475,#1476);
#1475 = CARTESIAN_POINT('',(112.488,-138.844,0.));
#1476 = VECTOR('',#1477,1.);
#1477 = DIRECTION('',(-0.713448160609,0.700708014884,0.));
#1478 = ORIENTED_EDGE('',*,*,#1479,.F.);
#1479 = EDGE_CURVE('',#1480,#1472,#1482,.T.);
#1480 = VERTEX_POINT('',#1481);
#1481 = CARTESIAN_POINT('',(113.172,-139.493,0.));
#1482 = LINE('',#1483,#1484);
#1483 = CARTESIAN_POINT('',(113.172,-139.493,0.));
#1484 = VECTOR('',#1485,1.);
#1485 = DIRECTION('',(-0.725422962932,0.688303366875,0.));
#1486 = ORIENTED_EDGE('',*,*,#1487,.F.);
#1487 = EDGE_CURVE('',#1488,#1480,#1490,.T.);
#1488 = VERTEX_POINT('',#1489);
#1489 = CARTESIAN_POINT('',(113.867,-140.13,0.));
#1490 = LINE('',#1491,#1492);
#1491 = CARTESIAN_POINT('',(113.867,-140.13,0.));
#1492 = VECTOR('',#1493,1.);
#1493 = DIRECTION('',(-0.737198168389,0.675676594624,0.));
#1494 = ORIENTED_EDGE('',*,*,#1495,.F.);
#1495 = EDGE_CURVE('',#1496,#1488,#1498,.T.);
#1496 = VERTEX_POINT('',#1497);
#1497 = CARTESIAN_POINT('',(114.573,-140.754,0.));
#1498 = LINE('',#1499,#1500);
#1499 = CARTESIAN_POINT('',(114.573,-140.754,0.));
#1500 = VECTOR('',#1501,1.);
#1501 = DIRECTION('',(-0.749280095245,0.662253228659,0.));
#1502 = ORIENTED_EDGE('',*,*,#1503,.F.);
#1503 = EDGE_CURVE('',#1504,#1496,#1506,.T.);
#1504 = VERTEX_POINT('',#1505);
#1505 = CARTESIAN_POINT('',(115.289,-141.366,0.));
#1506 = LINE('',#1507,#1508);
#1507 = CARTESIAN_POINT('',(115.289,-141.366,0.));
#1508 = VECTOR('',#1509,1.);
#1509 = DIRECTION('',(-0.760155173756,0.649741573098,0.));
#1510 = ORIENTED_EDGE('',*,*,#1511,.F.);
#1511 = EDGE_CURVE('',#1512,#1504,#1514,.T.);
#1512 = VERTEX_POINT('',#1513);
#1513 = CARTESIAN_POINT('',(116.017,-141.966,0.));
#1514 = LINE('',#1515,#1516);
#1515 = CARTESIAN_POINT('',(116.017,-141.966,0.));
#1516 = VECTOR('',#1517,1.);
#1517 = DIRECTION('',(-0.771685393174,0.636004444923,0.));
#1518 = ORIENTED_EDGE('',*,*,#1519,.F.);
#1519 = EDGE_CURVE('',#1520,#1512,#1522,.T.);
#1520 = VERTEX_POINT('',#1521);
#1521 = CARTESIAN_POINT('',(116.754,-142.553,0.));
#1522 = LINE('',#1523,#1524);
#1523 = CARTESIAN_POINT('',(116.754,-142.553,0.));
#1524 = VECTOR('',#1525,1.);
#1525 = DIRECTION('',(-0.782213095821,0.623010973198,0.));
#1526 = ORIENTED_EDGE('',*,*,#1527,.F.);
#1527 = EDGE_CURVE('',#1528,#1520,#1530,.T.);
#1528 = VERTEX_POINT('',#1529);
#1529 = CARTESIAN_POINT('',(117.502,-143.126,0.));
#1530 = LINE('',#1531,#1532);
#1531 = CARTESIAN_POINT('',(117.502,-143.126,0.));
#1532 = VECTOR('',#1533,1.);
#1533 = DIRECTION('',(-0.793845443172,0.608119570772,0.));
#1534 = ORIENTED_EDGE('',*,*,#1535,.F.);
#1535 = EDGE_CURVE('',#1536,#1528,#1538,.T.);
#1536 = VERTEX_POINT('',#1537);
#1537 = CARTESIAN_POINT('',(118.26,-143.687,0.));
#1538 = LINE('',#1539,#1540);
#1539 = CARTESIAN_POINT('',(118.26,-143.687,0.));
#1540 = VECTOR('',#1541,1.);
#1541 = DIRECTION('',(-0.803801333173,0.594897820462,0.));
#1542 = ORIENTED_EDGE('',*,*,#1543,.F.);
#1543 = EDGE_CURVE('',#1544,#1536,#1546,.T.);
#1544 = VERTEX_POINT('',#1545);
#1545 = CARTESIAN_POINT('',(119.027,-144.234,0.));
#1546 = LINE('',#1547,#1548);
#1547 = CARTESIAN_POINT('',(119.027,-144.234,0.));
#1548 = VECTOR('',#1549,1.);
#1549 = DIRECTION('',(-0.814163582362,0.580635566561,0.));
#1550 = ORIENTED_EDGE('',*,*,#1551,.F.);
#1551 = EDGE_CURVE('',#1552,#1544,#1554,.T.);
#1552 = VERTEX_POINT('',#1553);
#1553 = CARTESIAN_POINT('',(119.804,-144.768,0.));
#1554 = LINE('',#1555,#1556);
#1555 = CARTESIAN_POINT('',(119.804,-144.768,0.));
#1556 = VECTOR('',#1557,1.);
#1557 = DIRECTION('',(-0.82413475627,0.566393770718,0.));
#1558 = ORIENTED_EDGE('',*,*,#1559,.F.);
#1559 = EDGE_CURVE('',#1560,#1552,#1562,.T.);
#1560 = VERTEX_POINT('',#1561);
#1561 = CARTESIAN_POINT('',(120.589,-145.288,0.));
#1562 = LINE('',#1563,#1564);
#1563 = CARTESIAN_POINT('',(120.589,-145.288,0.));
#1564 = VECTOR('',#1565,1.);
#1565 = DIRECTION('',(-0.833680551753,0.552246989696,0.));
#1566 = ORIENTED_EDGE('',*,*,#1567,.F.);
#1567 = EDGE_CURVE('',#1568,#1560,#1570,.T.);
#1568 = VERTEX_POINT('',#1569);
#1569 = CARTESIAN_POINT('',(121.384,-145.795,0.));
#1570 = LINE('',#1571,#1572);
#1571 = CARTESIAN_POINT('',(121.384,-145.795,0.));
#1572 = VECTOR('',#1573,1.);
#1573 = DIRECTION('',(-0.84313704949,0.537698722127,0.));
#1574 = ORIENTED_EDGE('',*,*,#1575,.F.);
#1575 = EDGE_CURVE('',#1576,#1568,#1578,.T.);
#1576 = VERTEX_POINT('',#1577);
#1577 = CARTESIAN_POINT('',(122.188,-146.,0.));
#1578 = LINE('',#1579,#1580);
#1579 = CARTESIAN_POINT('',(122.188,-146.,0.));
#1580 = VECTOR('',#1581,1.);
#1581 = DIRECTION('',(-0.968997564227,0.247070274461,0.));
#1582 = ORIENTED_EDGE('',*,*,#1583,.F.);
#1583 = EDGE_CURVE('',#1584,#1576,#1586,.T.);
#1584 = VERTEX_POINT('',#1585);
#1585 = CARTESIAN_POINT('',(123.,-146.,0.));
#1586 = LINE('',#1587,#1588);
#1587 = CARTESIAN_POINT('',(123.,-146.,0.));
#1588 = VECTOR('',#1589,1.);
#1589 = DIRECTION('',(-1.,0.,0.));
#1590 = ORIENTED_EDGE('',*,*,#1591,.F.);
#1591 = EDGE_CURVE('',#1592,#1584,#1594,.T.);
#1592 = VERTEX_POINT('',#1593);
#1593 = CARTESIAN_POINT('',(123.82,-146.,0.));
#1594 = LINE('',#1595,#1596);
#1595 = CARTESIAN_POINT('',(123.82,-146.,0.));
#1596 = VECTOR('',#1597,1.);
#1597 = DIRECTION('',(-1.,0.,0.));
#1598 = ORIENTED_EDGE('',*,*,#1599,.F.);
#1599 = EDGE_CURVE('',#1600,#1592,#1602,.T.);
#1600 = VERTEX_POINT('',#1601);
#1601 = CARTESIAN_POINT('',(124.649,-146.,0.));
#1602 = LINE('',#1603,#1604);
#1603 = CARTESIAN_POINT('',(124.649,-146.,0.));
#1604 = VECTOR('',#1605,1.);
#1605 = DIRECTION('',(-1.,0.,0.));
#1606 = ORIENTED_EDGE('',*,*,#1607,.F.);
#1607 = EDGE_CURVE('',#1608,#1600,#1610,.T.);
#1608 = VERTEX_POINT('',#1609);
#1609 = CARTESIAN_POINT('',(125.485,-146.,0.));
#1610 = LINE('',#1611,#1612);
#1611 = CARTESIAN_POINT('',(125.485,-146.,0.));
#1612 = VECTOR('',#1613,1.);
#1613 = DIRECTION('',(-1.,0.,0.));
#1614 = ORIENTED_EDGE('',*,*,#1615,.F.);
#1615 = EDGE_CURVE('',#1616,#1608,#1618,.T.);
#1616 = VERTEX_POINT('',#1617);
#1617 = CARTESIAN_POINT('',(126.328,-146.,0.));
#1618 = LINE('',#1619,#1620);
#1619 = CARTESIAN_POINT('',(126.328,-146.,0.));
#1620 = VECTOR('',#1621,1.);
#1621 = DIRECTION('',(-1.,0.,0.));
#1622 = ORIENTED_EDGE('',*,*,#1623,.F.);
#1623 = EDGE_CURVE('',#1624,#1616,#1626,.T.);
#1624 = VERTEX_POINT('',#1625);
#1625 = CARTESIAN_POINT('',(127.179,-146.,0.));
#1626 = LINE('',#1627,#1628);
#1627 = CARTESIAN_POINT('',(127.179,-146.,0.));
#1628 = VECTOR('',#1629,1.);
#1629 = DIRECTION('',(-1.,0.,0.));
#1630 = ORIENTED_EDGE('',*,*,#1631,.F.);
#1631 = EDGE_CURVE('',#1632,#1624,#1634,.T.);
#1632 = VERTEX_POINT('',#1633);
#1633 = CARTESIAN_POINT('',(128.036,-146.,0.));
#1634 = LINE('',#1635,#1636);
#1635 = CARTESIAN_POINT('',(128.036,-146.,0.));
#1636 = VECTOR('',#1637,1.);
#1637 = DIRECTION('',(-1.,0.,0.));
#1638 = ORIENTED_EDGE('',*,*,#1639,.F.);
#1639 = EDGE_CURVE('',#1640,#1632,#1642,.T.);
#1640 = VERTEX_POINT('',#1641);
#1641 = CARTESIAN_POINT('',(128.901,-146.,0.));
#1642 = LINE('',#1643,#1644);
#1643 = CARTESIAN_POINT('',(128.901,-146.,0.));
#1644 = VECTOR('',#1645,1.);
#1645 = DIRECTION('',(-1.,0.,0.));
#1646 = ORIENTED_EDGE('',*,*,#1647,.F.);
#1647 = EDGE_CURVE('',#1648,#1640,#1650,.T.);
#1648 = VERTEX_POINT('',#1649);
#1649 = CARTESIAN_POINT('',(129.770999,-146.,0.));
#1650 = LINE('',#1651,#1652);
#1651 = CARTESIAN_POINT('',(129.770999,-146.,0.));
#1652 = VECTOR('',#1653,1.);
#1653 = DIRECTION('',(-1.,0.,0.));
#1654 = ORIENTED_EDGE('',*,*,#1655,.F.);
#1655 = EDGE_CURVE('',#1656,#1648,#1658,.T.);
#1656 = VERTEX_POINT('',#1657);
#1657 = CARTESIAN_POINT('',(130.648,-146.,0.));
#1658 = LINE('',#1659,#1660);
#1659 = CARTESIAN_POINT('',(130.648,-146.,0.));
#1660 = VECTOR('',#1661,1.);
#1661 = DIRECTION('',(-1.,0.,0.));
#1662 = ORIENTED_EDGE('',*,*,#1663,.F.);
#1663 = EDGE_CURVE('',#1664,#1656,#1666,.T.);
#1664 = VERTEX_POINT('',#1665);
#1665 = CARTESIAN_POINT('',(131.531,-146.,0.));
#1666 = LINE('',#1667,#1668);
#1667 = CARTESIAN_POINT('',(131.531,-146.,0.));
#1668 = VECTOR('',#1669,1.);
#1669 = DIRECTION('',(-1.,0.,0.));
#1670 = ORIENTED_EDGE('',*,*,#1671,.F.);
#1671 = EDGE_CURVE('',#1672,#1664,#1674,.T.);
#1672 = VERTEX_POINT('',#1673);
#1673 = CARTESIAN_POINT('',(132.419,-146.,0.));
#1674 = LINE('',#1675,#1676);
#1675 = CARTESIAN_POINT('',(132.419,-146.,0.));
#1676 = VECTOR('',#1677,1.);
#1677 = DIRECTION('',(-1.,0.,0.));
#1678 = ORIENTED_EDGE('',*,*,#1679,.F.);
#1679 = EDGE_CURVE('',#1680,#1672,#1682,.T.);
#1680 = VERTEX_POINT('',#1681);
#1681 = CARTESIAN_POINT('',(133.312999,-146.,0.));
#1682 = LINE('',#1683,#1684);
#1683 = CARTESIAN_POINT('',(133.312999,-146.,0.));
#1684 = VECTOR('',#1685,1.);
#1685 = DIRECTION('',(-1.,0.,0.));
#1686 = ORIENTED_EDGE('',*,*,#1687,.F.);
#1687 = EDGE_CURVE('',#1688,#1680,#1690,.T.);
#1688 = VERTEX_POINT('',#1689);
#1689 = CARTESIAN_POINT('',(134.211999,-146.,0.));
#1690 = LINE('',#1691,#1692);
#1691 = CARTESIAN_POINT('',(134.211999,-146.,0.));
#1692 = VECTOR('',#1693,1.);
#1693 = DIRECTION('',(-1.,0.,0.));
#1694 = ORIENTED_EDGE('',*,*,#1695,.F.);
#1695 = EDGE_CURVE('',#1696,#1688,#1698,.T.);
#1696 = VERTEX_POINT('',#1697);
#1697 = CARTESIAN_POINT('',(135.116,-146.,0.));
#1698 = LINE('',#1699,#1700);
#1699 = CARTESIAN_POINT('',(135.116,-146.,0.));
#1700 = VECTOR('',#1701,1.);
#1701 = DIRECTION('',(-1.,0.,0.));
#1702 = ORIENTED_EDGE('',*,*,#1703,.F.);
#1703 = EDGE_CURVE('',#1704,#1696,#1706,.T.);
#1704 = VERTEX_POINT('',#1705);
#1705 = CARTESIAN_POINT('',(136.024,-146.,0.));
#1706 = LINE('',#1707,#1708);
#1707 = CARTESIAN_POINT('',(136.024,-146.,0.));
#1708 = VECTOR('',#1709,1.);
#1709 = DIRECTION('',(-1.,0.,0.));
#1710 = ORIENTED_EDGE('',*,*,#1711,.F.);
#1711 = EDGE_CURVE('',#1712,#1704,#1714,.T.);
#1712 = VERTEX_POINT('',#1713);
#1713 = CARTESIAN_POINT('',(136.936,-146.,0.));
#1714 = LINE('',#1715,#1716);
#1715 = CARTESIAN_POINT('',(136.936,-146.,0.));
#1716 = VECTOR('',#1717,1.);
#1717 = DIRECTION('',(-1.,0.,0.));
#1718 = ORIENTED_EDGE('',*,*,#1719,.F.);
#1719 = EDGE_CURVE('',#1720,#1712,#1722,.T.);
#1720 = VERTEX_POINT('',#1721);
#1721 = CARTESIAN_POINT('',(137.853,-146.,0.));
#1722 = LINE('',#1723,#1724);
#1723 = CARTESIAN_POINT('',(137.853,-146.,0.));
#1724 = VECTOR('',#1725,1.);
#1725 = DIRECTION('',(-1.,0.,0.));
#1726 = ORIENTED_EDGE('',*,*,#1727,.F.);
#1727 = EDGE_CURVE('',#1728,#1720,#1730,.T.);
#1728 = VERTEX_POINT('',#1729);
#1729 = CARTESIAN_POINT('',(138.773,-146.,0.));
#1730 = LINE('',#1731,#1732);
#1731 = CARTESIAN_POINT('',(138.773,-146.,0.));
#1732 = VECTOR('',#1733,1.);
#1733 = DIRECTION('',(-1.,0.,0.));
#1734 = ORIENTED_EDGE('',*,*,#1735,.F.);
#1735 = EDGE_CURVE('',#1736,#1728,#1738,.T.);
#1736 = VERTEX_POINT('',#1737);
#1737 = CARTESIAN_POINT('',(139.696,-146.,0.));
#1738 = LINE('',#1739,#1740);
#1739 = CARTESIAN_POINT('',(139.696,-146.,0.));
#1740 = VECTOR('',#1741,1.);
#1741 = DIRECTION('',(-1.,0.,0.));
#1742 = ORIENTED_EDGE('',*,*,#1743,.F.);
#1743 = EDGE_CURVE('',#1744,#1736,#1746,.T.);
#1744 = VERTEX_POINT('',#1745);
#1745 = CARTESIAN_POINT('',(140.623,-146.,0.));
#1746 = LINE('',#1747,#1748);
#1747 = CARTESIAN_POINT('',(140.623,-146.,0.));
#1748 = VECTOR('',#1749,1.);
#1749 = DIRECTION('',(-1.,0.,0.));
#1750 = ORIENTED_EDGE('',*,*,#1751,.F.);
#1751 = EDGE_CURVE('',#1752,#1744,#1754,.T.);
#1752 = VERTEX_POINT('',#1753);
#1753 = CARTESIAN_POINT('',(141.553,-146.,0.));
#1754 = LINE('',#1755,#1756);
#1755 = CARTESIAN_POINT('',(141.553,-146.,0.));
#1756 = VECTOR('',#1757,1.);
#1757 = DIRECTION('',(-1.,0.,0.));
#1758 = ORIENTED_EDGE('',*,*,#1759,.F.);
#1759 = EDGE_CURVE('',#1760,#1752,#1762,.T.);
#1760 = VERTEX_POINT('',#1761);
#1761 = CARTESIAN_POINT('',(142.485,-146.,0.));
#1762 = LINE('',#1763,#1764);
#1763 = CARTESIAN_POINT('',(142.485,-146.,0.));
#1764 = VECTOR('',#1765,1.);
#1765 = DIRECTION('',(-1.,0.,0.));
#1766 = ORIENTED_EDGE('',*,*,#1767,.F.);
#1767 = EDGE_CURVE('',#1768,#1760,#1770,.T.);
#1768 = VERTEX_POINT('',#1769);
#1769 = CARTESIAN_POINT('',(143.419,-146.,0.));
#1770 = LINE('',#1771,#1772);
#1771 = CARTESIAN_POINT('',(143.419,-146.,0.));
#1772 = VECTOR('',#1773,1.);
#1773 = DIRECTION('',(-1.,0.,0.));
#1774 = ORIENTED_EDGE('',*,*,#1775,.F.);
#1775 = EDGE_CURVE('',#1776,#1768,#1778,.T.);
#1776 = VERTEX_POINT('',#1777);
#1777 = CARTESIAN_POINT('',(144.355,-146.,0.));
#1778 = LINE('',#1779,#1780);
#1779 = CARTESIAN_POINT('',(144.355,-146.,0.));
#1780 = VECTOR('',#1781,1.);
#1781 = DIRECTION('',(-1.,0.,0.));
#1782 = ORIENTED_EDGE('',*,*,#1783,.F.);
#1783 = EDGE_CURVE('',#1784,#1776,#1786,.T.);
#1784 = VERTEX_POINT('',#1785);
#1785 = CARTESIAN_POINT('',(145.294,-146.,0.));
#1786 = LINE('',#1787,#1788);
#1787 = CARTESIAN_POINT('',(145.294,-146.,0.));
#1788 = VECTOR('',#1789,1.);
#1789 = DIRECTION('',(-1.,0.,0.));
#1790 = ORIENTED_EDGE('',*,*,#1791,.F.);
#1791 = EDGE_CURVE('',#1792,#1784,#1794,.T.);
#1792 = VERTEX_POINT('',#1793);
#1793 = CARTESIAN_POINT('',(146.233,-146.,0.));
#1794 = LINE('',#1795,#1796);
#1795 = CARTESIAN_POINT('',(146.233,-146.,0.));
#1796 = VECTOR('',#1797,1.);
#1797 = DIRECTION('',(-1.,0.,0.));
#1798 = ORIENTED_EDGE('',*,*,#1799,.F.);
#1799 = EDGE_CURVE('',#1800,#1792,#1802,.T.);
#1800 = VERTEX_POINT('',#1801);
#1801 = CARTESIAN_POINT('',(147.174,-146.,0.));
#1802 = LINE('',#1803,#1804);
#1803 = CARTESIAN_POINT('',(147.174,-146.,0.));
#1804 = VECTOR('',#1805,1.);
#1805 = DIRECTION('',(-1.,0.,0.));
#1806 = ORIENTED_EDGE('',*,*,#1807,.F.);
#1807 = EDGE_CURVE('',#1808,#1800,#1810,.T.);
#1808 = VERTEX_POINT('',#1809);
#1809 = CARTESIAN_POINT('',(148.115,-146.,0.));
#1810 = LINE('',#1811,#1812);
#1811 = CARTESIAN_POINT('',(148.115,-146.,0.));
#1812 = VECTOR('',#1813,1.);
#1813 = DIRECTION('',(-1.,0.,0.));
#1814 = ORIENTED_EDGE('',*,*,#1815,.F.);
#1815 = EDGE_CURVE('',#1816,#1808,#1818,.T.);
#1816 = VERTEX_POINT('',#1817);
#1817 = CARTESIAN_POINT('',(149.058,-146.,0.));
#1818 = LINE('',#1819,#1820);
#1819 = CARTESIAN_POINT('',(149.058,-146.,0.));
#1820 = VECTOR('',#1821,1.);
#1821 = DIRECTION('',(-1.,0.,0.));
#1822 = ORIENTED_EDGE('',*,*,#1823,.F.);
#1823 = EDGE_CURVE('',#1824,#1816,#1826,.T.);
#1824 = VERTEX_POINT('',#1825);
#1825 = CARTESIAN_POINT('',(150.,-146.,0.));
#1826 = LINE('',#1827,#1828);
#1827 = CARTESIAN_POINT('',(150.,-146.,0.));
#1828 = VECTOR('',#1829,1.);
#1829 = DIRECTION('',(-1.,0.,0.));
#1830 = ORIENTED_EDGE('',*,*,#1831,.F.);
#1831 = EDGE_CURVE('',#1832,#1824,#1834,.T.);
#1832 = VERTEX_POINT('',#1833);
#1833 = CARTESIAN_POINT('',(150.942,-146.,0.));
#1834 = LINE('',#1835,#1836);
#1835 = CARTESIAN_POINT('',(150.942,-146.,0.));
#1836 = VECTOR('',#1837,1.);
#1837 = DIRECTION('',(-1.,0.,0.));
#1838 = ORIENTED_EDGE('',*,*,#1839,.F.);
#1839 = EDGE_CURVE('',#1840,#1832,#1842,.T.);
#1840 = VERTEX_POINT('',#1841);
#1841 = CARTESIAN_POINT('',(151.885,-146.,0.));
#1842 = LINE('',#1843,#1844);
#1843 = CARTESIAN_POINT('',(151.885,-146.,0.));
#1844 = VECTOR('',#1845,1.);
#1845 = DIRECTION('',(-1.,0.,0.));
#1846 = ORIENTED_EDGE('',*,*,#1847,.F.);
#1847 = EDGE_CURVE('',#1848,#1840,#1850,.T.);
#1848 = VERTEX_POINT('',#1849);
#1849 = CARTESIAN_POINT('',(152.826,-146.,0.));
#1850 = LINE('',#1851,#1852);
#1851 = CARTESIAN_POINT('',(152.826,-146.,0.));
#1852 = VECTOR('',#1853,1.);
#1853 = DIRECTION('',(-1.,0.,0.));
#1854 = ORIENTED_EDGE('',*,*,#1855,.F.);
#1855 = EDGE_CURVE('',#1856,#1848,#1858,.T.);
#1856 = VERTEX_POINT('',#1857);
#1857 = CARTESIAN_POINT('',(153.767,-146.,0.));
#1858 = LINE('',#1859,#1860);
#1859 = CARTESIAN_POINT('',(153.767,-146.,0.));
#1860 = VECTOR('',#1861,1.);
#1861 = DIRECTION('',(-1.,0.,0.));
#1862 = ORIENTED_EDGE('',*,*,#1863,.F.);
#1863 = EDGE_CURVE('',#1864,#1856,#1866,.T.);
#1864 = VERTEX_POINT('',#1865);
#1865 = CARTESIAN_POINT('',(154.706,-146.,0.));
#1866 = LINE('',#1867,#1868);
#1867 = CARTESIAN_POINT('',(154.706,-146.,0.));
#1868 = VECTOR('',#1869,1.);
#1869 = DIRECTION('',(-1.,0.,0.));
#1870 = ORIENTED_EDGE('',*,*,#1871,.F.);
#1871 = EDGE_CURVE('',#1872,#1864,#1874,.T.);
#1872 = VERTEX_POINT('',#1873);
#1873 = CARTESIAN_POINT('',(155.645,-146.,0.));
#1874 = LINE('',#1875,#1876);
#1875 = CARTESIAN_POINT('',(155.645,-146.,0.));
#1876 = VECTOR('',#1877,1.);
#1877 = DIRECTION('',(-1.,0.,0.));
#1878 = ORIENTED_EDGE('',*,*,#1879,.F.);
#1879 = EDGE_CURVE('',#1880,#1872,#1882,.T.);
#1880 = VERTEX_POINT('',#1881);
#1881 = CARTESIAN_POINT('',(156.581,-146.,0.));
#1882 = LINE('',#1883,#1884);
#1883 = CARTESIAN_POINT('',(156.581,-146.,0.));
#1884 = VECTOR('',#1885,1.);
#1885 = DIRECTION('',(-1.,0.,0.));
#1886 = ORIENTED_EDGE('',*,*,#1887,.F.);
#1887 = EDGE_CURVE('',#1888,#1880,#1890,.T.);
#1888 = VERTEX_POINT('',#1889);
#1889 = CARTESIAN_POINT('',(157.515,-146.,0.));
#1890 = LINE('',#1891,#1892);
#1891 = CARTESIAN_POINT('',(157.515,-146.,0.));
#1892 = VECTOR('',#1893,1.);
#1893 = DIRECTION('',(-1.,0.,0.));
#1894 = ORIENTED_EDGE('',*,*,#1895,.F.);
#1895 = EDGE_CURVE('',#1896,#1888,#1898,.T.);
#1896 = VERTEX_POINT('',#1897);
#1897 = CARTESIAN_POINT('',(158.447,-146.,0.));
#1898 = LINE('',#1899,#1900);
#1899 = CARTESIAN_POINT('',(158.447,-146.,0.));
#1900 = VECTOR('',#1901,1.);
#1901 = DIRECTION('',(-1.,0.,0.));
#1902 = ORIENTED_EDGE('',*,*,#1903,.F.);
#1903 = EDGE_CURVE('',#1904,#1896,#1906,.T.);
#1904 = VERTEX_POINT('',#1905);
#1905 = CARTESIAN_POINT('',(159.377,-146.,0.));
#1906 = LINE('',#1907,#1908);
#1907 = CARTESIAN_POINT('',(159.377,-146.,0.));
#1908 = VECTOR('',#1909,1.);
#1909 = DIRECTION('',(-1.,0.,0.));
#1910 = ORIENTED_EDGE('',*,*,#1911,.F.);
#1911 = EDGE_CURVE('',#1912,#1904,#1914,.T.);
#1912 = VERTEX_POINT('',#1913);
#1913 = CARTESIAN_POINT('',(160.304,-146.,0.));
#1914 = LINE('',#1915,#1916);
#1915 = CARTESIAN_POINT('',(160.304,-146.,0.));
#1916 = VECTOR('',#1917,1.);
#1917 = DIRECTION('',(-1.,0.,0.));
#1918 = ORIENTED_EDGE('',*,*,#1919,.F.);
#1919 = EDGE_CURVE('',#1920,#1912,#1922,.T.);
#1920 = VERTEX_POINT('',#1921);
#1921 = CARTESIAN_POINT('',(161.227,-146.,0.));
#1922 = LINE('',#1923,#1924);
#1923 = CARTESIAN_POINT('',(161.227,-146.,0.));
#1924 = VECTOR('',#1925,1.);
#1925 = DIRECTION('',(-1.,0.,0.));
#1926 = ORIENTED_EDGE('',*,*,#1927,.F.);
#1927 = EDGE_CURVE('',#1928,#1920,#1930,.T.);
#1928 = VERTEX_POINT('',#1929);
#1929 = CARTESIAN_POINT('',(162.147,-146.,0.));
#1930 = LINE('',#1931,#1932);
#1931 = CARTESIAN_POINT('',(162.147,-146.,0.));
#1932 = VECTOR('',#1933,1.);
#1933 = DIRECTION('',(-1.,0.,0.));
#1934 = ORIENTED_EDGE('',*,*,#1935,.F.);
#1935 = EDGE_CURVE('',#1936,#1928,#1938,.T.);
#1936 = VERTEX_POINT('',#1937);
#1937 = CARTESIAN_POINT('',(163.064,-146.,0.));
#1938 = LINE('',#1939,#1940);
#1939 = CARTESIAN_POINT('',(163.064,-146.,0.));
#1940 = VECTOR('',#1941,1.);
#1941 = DIRECTION('',(-1.,0.,0.));
#1942 = ORIENTED_EDGE('',*,*,#1943,.F.);
#1943 = EDGE_CURVE('',#1944,#1936,#1946,.T.);
#1944 = VERTEX_POINT('',#1945);
#1945 = CARTESIAN_POINT('',(163.976,-146.,0.));
#1946 = LINE('',#1947,#1948);
#1947 = CARTESIAN_POINT('',(163.976,-146.,0.));
#1948 = VECTOR('',#1949,1.);
#1949 = DIRECTION('',(-1.,0.,0.));
#1950 = ORIENTED_EDGE('',*,*,#1951,.F.);
#1951 = EDGE_CURVE('',#1952,#1944,#1954,.T.);
#1952 = VERTEX_POINT('',#1953);
#1953 = CARTESIAN_POINT('',(164.884,-146.,0.));
#1954 = LINE('',#1955,#1956);
#1955 = CARTESIAN_POINT('',(164.884,-146.,0.));
#1956 = VECTOR('',#1957,1.);
#1957 = DIRECTION('',(-1.,0.,0.));
#1958 = ORIENTED_EDGE('',*,*,#1959,.F.);
#1959 = EDGE_CURVE('',#1960,#1952,#1962,.T.);
#1960 = VERTEX_POINT('',#1961);
#1961 = CARTESIAN_POINT('',(165.788,-146.,0.));
#1962 = LINE('',#1963,#1964);
#1963 = CARTESIAN_POINT('',(165.788,-146.,0.));
#1964 = VECTOR('',#1965,1.);
#1965 = DIRECTION('',(-1.,0.,0.));
#1966 = ORIENTED_EDGE('',*,*,#1967,.F.);
#1967 = EDGE_CURVE('',#1968,#1960,#1970,.T.);
#1968 = VERTEX_POINT('',#1969);
#1969 = CARTESIAN_POINT('',(166.687,-146.,0.));
#1970 = LINE('',#1971,#1972);
#1971 = CARTESIAN_POINT('',(166.687,-146.,0.));
#1972 = VECTOR('',#1973,1.);
#1973 = DIRECTION('',(-1.,0.,0.));
#1974 = ORIENTED_EDGE('',*,*,#1975,.F.);
#1975 = EDGE_CURVE('',#1976,#1968,#1978,.T.);
#1976 = VERTEX_POINT('',#1977);
#1977 = CARTESIAN_POINT('',(167.581,-146.,0.));
#1978 = LINE('',#1979,#1980);
#1979 = CARTESIAN_POINT('',(167.581,-146.,0.));
#1980 = VECTOR('',#1981,1.);
#1981 = DIRECTION('',(-1.,0.,0.));
#1982 = ORIENTED_EDGE('',*,*,#1983,.F.);
#1983 = EDGE_CURVE('',#1984,#1976,#1986,.T.);
#1984 = VERTEX_POINT('',#1985);
#1985 = CARTESIAN_POINT('',(168.469,-146.,0.));
#1986 = LINE('',#1987,#1988);
#1987 = CARTESIAN_POINT('',(168.469,-146.,0.));
#1988 = VECTOR('',#1989,1.);
#1989 = DIRECTION('',(-1.,0.,0.));
#1990 = ORIENTED_EDGE('',*,*,#1991,.F.);
#1991 = EDGE_CURVE('',#1992,#1984,#1994,.T.);
#1992 = VERTEX_POINT('',#1993);
#1993 = CARTESIAN_POINT('',(169.352,-146.,0.));
#1994 = LINE('',#1995,#1996);
#1995 = CARTESIAN_POINT('',(169.352,-146.,0.));
#1996 = VECTOR('',#1997,1.);
#1997 = DIRECTION('',(-1.,0.,0.));
#1998 = ORIENTED_EDGE('',*,*,#1999,.F.);
#1999 = EDGE_CURVE('',#2000,#1992,#2002,.T.);
#2000 = VERTEX_POINT('',#2001);
#2001 = CARTESIAN_POINT('',(170.229,-146.,0.));
#2002 = LINE('',#2003,#2004);
#2003 = CARTESIAN_POINT('',(170.229,-146.,0.));
#2004 = VECTOR('',#2005,1.);
#2005 = DIRECTION('',(-1.,0.,0.));
#2006 = ORIENTED_EDGE('',*,*,#2007,.F.);
#2007 = EDGE_CURVE('',#2008,#2000,#2010,.T.);
#2008 = VERTEX_POINT('',#2009);
#2009 = CARTESIAN_POINT('',(171.099,-146.,0.));
#2010 = LINE('',#2011,#2012);
#2011 = CARTESIAN_POINT('',(171.099,-146.,0.));
#2012 = VECTOR('',#2013,1.);
#2013 = DIRECTION('',(-1.,0.,0.));
#2014 = ORIENTED_EDGE('',*,*,#2015,.F.);
#2015 = EDGE_CURVE('',#2016,#2008,#2018,.T.);
#2016 = VERTEX_POINT('',#2017);
#2017 = CARTESIAN_POINT('',(171.964,-146.,0.));
#2018 = LINE('',#2019,#2020);
#2019 = CARTESIAN_POINT('',(171.964,-146.,0.));
#2020 = VECTOR('',#2021,1.);
#2021 = DIRECTION('',(-1.,0.,0.));
#2022 = ORIENTED_EDGE('',*,*,#2023,.F.);
#2023 = EDGE_CURVE('',#2024,#2016,#2026,.T.);
#2024 = VERTEX_POINT('',#2025);
#2025 = CARTESIAN_POINT('',(172.821,-146.,0.));
#2026 = LINE('',#2027,#2028);
#2027 = CARTESIAN_POINT('',(172.821,-146.,0.));
#2028 = VECTOR('',#2029,1.);
#2029 = DIRECTION('',(-1.,0.,0.));
#2030 = ORIENTED_EDGE('',*,*,#2031,.F.);
#2031 = EDGE_CURVE('',#2032,#2024,#2034,.T.);
#2032 = VERTEX_POINT('',#2033);
#2033 = CARTESIAN_POINT('',(173.672,-146.,0.));
#2034 = LINE('',#2035,#2036);
#2035 = CARTESIAN_POINT('',(173.672,-146.,0.));
#2036 = VECTOR('',#2037,1.);
#2037 = DIRECTION('',(-1.,0.,0.));
#2038 = ORIENTED_EDGE('',*,*,#2039,.F.);
#2039 = EDGE_CURVE('',#2040,#2032,#2042,.T.);
#2040 = VERTEX_POINT('',#2041);
#2041 = CARTESIAN_POINT('',(174.515,-146.,0.));
#2042 = LINE('',#2043,#2044);
#2043 = CARTESIAN_POINT('',(174.515,-146.,0.));
#2044 = VECTOR('',#2045,1.);
#2045 = DIRECTION('',(-1.,0.,0.));
#2046 = ORIENTED_EDGE('',*,*,#2047,.F.);
#2047 = EDGE_CURVE('',#2048,#2040,#2050,.T.);
#2048 = VERTEX_POINT('',#2049);
#2049 = CARTESIAN_POINT('',(175.351,-146.,0.));
#2050 = LINE('',#2051,#2052);
#2051 = CARTESIAN_POINT('',(175.351,-146.,0.));
#2052 = VECTOR('',#2053,1.);
#2053 = DIRECTION('',(-1.,0.,0.));
#2054 = ORIENTED_EDGE('',*,*,#2055,.F.);
#2055 = EDGE_CURVE('',#2056,#2048,#2058,.T.);
#2056 = VERTEX_POINT('',#2057);
#2057 = CARTESIAN_POINT('',(176.18,-146.,0.));
#2058 = LINE('',#2059,#2060);
#2059 = CARTESIAN_POINT('',(176.18,-146.,0.));
#2060 = VECTOR('',#2061,1.);
#2061 = DIRECTION('',(-1.,0.,0.));
#2062 = ORIENTED_EDGE('',*,*,#2063,.F.);
#2063 = EDGE_CURVE('',#2064,#2056,#2066,.T.);
#2064 = VERTEX_POINT('',#2065);
#2065 = CARTESIAN_POINT('',(177.,-146.,0.));
#2066 = LINE('',#2067,#2068);
#2067 = CARTESIAN_POINT('',(177.,-146.,0.));
#2068 = VECTOR('',#2069,1.);
#2069 = DIRECTION('',(-1.,0.,0.));
#2070 = ORIENTED_EDGE('',*,*,#2071,.F.);
#2071 = EDGE_CURVE('',#2072,#2064,#2074,.T.);
#2072 = VERTEX_POINT('',#2073);
#2073 = CARTESIAN_POINT('',(177.812,-146.,0.));
#2074 = LINE('',#2075,#2076);
#2075 = CARTESIAN_POINT('',(177.812,-146.,0.));
#2076 = VECTOR('',#2077,1.);
#2077 = DIRECTION('',(-1.,0.,0.));
#2078 = ORIENTED_EDGE('',*,*,#2079,.F.);
#2079 = EDGE_CURVE('',#2080,#2072,#2082,.T.);
#2080 = VERTEX_POINT('',#2081);
#2081 = CARTESIAN_POINT('',(178.616,-145.795,0.));
#2082 = LINE('',#2083,#2084);
#2083 = CARTESIAN_POINT('',(178.616,-145.795,0.));
#2084 = VECTOR('',#2085,1.);
#2085 = DIRECTION('',(-0.968997564227,-0.247070274461,0.));
#2086 = ORIENTED_EDGE('',*,*,#2087,.F.);
#2087 = EDGE_CURVE('',#2088,#2080,#2090,.T.);
#2088 = VERTEX_POINT('',#2089);
#2089 = CARTESIAN_POINT('',(179.411,-145.288,0.));
#2090 = LINE('',#2091,#2092);
#2091 = CARTESIAN_POINT('',(179.411,-145.288,0.));
#2092 = VECTOR('',#2093,1.);
#2093 = DIRECTION('',(-0.84313704949,-0.537698722127,0.));
#2094 = ORIENTED_EDGE('',*,*,#2095,.F.);
#2095 = EDGE_CURVE('',#2096,#2088,#2098,.T.);
#2096 = VERTEX_POINT('',#2097);
#2097 = CARTESIAN_POINT('',(180.196,-144.768,0.));
#2098 = LINE('',#2099,#2100);
#2099 = CARTESIAN_POINT('',(180.196,-144.768,0.));
#2100 = VECTOR('',#2101,1.);
#2101 = DIRECTION('',(-0.833680551753,-0.552246989696,0.));
#2102 = ORIENTED_EDGE('',*,*,#2103,.F.);
#2103 = EDGE_CURVE('',#2104,#2096,#2106,.T.);
#2104 = VERTEX_POINT('',#2105);
#2105 = CARTESIAN_POINT('',(180.973,-144.234,0.));
#2106 = LINE('',#2107,#2108);
#2107 = CARTESIAN_POINT('',(180.973,-144.234,0.));
#2108 = VECTOR('',#2109,1.);
#2109 = DIRECTION('',(-0.82413475627,-0.566393770718,0.));
#2110 = ORIENTED_EDGE('',*,*,#2111,.F.);
#2111 = EDGE_CURVE('',#2112,#2104,#2114,.T.);
#2112 = VERTEX_POINT('',#2113);
#2113 = CARTESIAN_POINT('',(181.74,-143.687,0.));
#2114 = LINE('',#2115,#2116);
#2115 = CARTESIAN_POINT('',(181.74,-143.687,0.));
#2116 = VECTOR('',#2117,1.);
#2117 = DIRECTION('',(-0.814163582362,-0.580635566561,0.));
#2118 = ORIENTED_EDGE('',*,*,#2119,.F.);
#2119 = EDGE_CURVE('',#2120,#2112,#2122,.T.);
#2120 = VERTEX_POINT('',#2121);
#2121 = CARTESIAN_POINT('',(182.498,-143.126,0.));
#2122 = LINE('',#2123,#2124);
#2123 = CARTESIAN_POINT('',(182.498,-143.126,0.));
#2124 = VECTOR('',#2125,1.);
#2125 = DIRECTION('',(-0.803801333173,-0.594897820462,0.));
#2126 = ORIENTED_EDGE('',*,*,#2127,.F.);
#2127 = EDGE_CURVE('',#2128,#2120,#2130,.T.);
#2128 = VERTEX_POINT('',#2129);
#2129 = CARTESIAN_POINT('',(183.246,-142.553,0.));
#2130 = LINE('',#2131,#2132);
#2131 = CARTESIAN_POINT('',(183.246,-142.553,0.));
#2132 = VECTOR('',#2133,1.);
#2133 = DIRECTION('',(-0.793845443172,-0.608119570772,0.));
#2134 = ORIENTED_EDGE('',*,*,#2135,.F.);
#2135 = EDGE_CURVE('',#2136,#2128,#2138,.T.);
#2136 = VERTEX_POINT('',#2137);
#2137 = CARTESIAN_POINT('',(183.983,-141.966,0.));
#2138 = LINE('',#2139,#2140);
#2139 = CARTESIAN_POINT('',(183.983,-141.966,0.));
#2140 = VECTOR('',#2141,1.);
#2141 = DIRECTION('',(-0.782213095821,-0.623010973198,0.));
#2142 = ORIENTED_EDGE('',*,*,#2143,.F.);
#2143 = EDGE_CURVE('',#2144,#2136,#2146,.T.);
#2144 = VERTEX_POINT('',#2145);
#2145 = CARTESIAN_POINT('',(184.711,-141.366,0.));
#2146 = LINE('',#2147,#2148);
#2147 = CARTESIAN_POINT('',(184.711,-141.366,0.));
#2148 = VECTOR('',#2149,1.);
#2149 = DIRECTION('',(-0.771685393174,-0.636004444923,0.));
#2150 = ORIENTED_EDGE('',*,*,#2151,.F.);
#2151 = EDGE_CURVE('',#2152,#2144,#2154,.T.);
#2152 = VERTEX_POINT('',#2153);
#2153 = CARTESIAN_POINT('',(185.427,-140.754,0.));
#2154 = LINE('',#2155,#2156);
#2155 = CARTESIAN_POINT('',(185.427,-140.754,0.));
#2156 = VECTOR('',#2157,1.);
#2157 = DIRECTION('',(-0.760155173756,-0.649741573098,0.));
#2158 = ORIENTED_EDGE('',*,*,#2159,.F.);
#2159 = EDGE_CURVE('',#2160,#2152,#2162,.T.);
#2160 = VERTEX_POINT('',#2161);
#2161 = CARTESIAN_POINT('',(186.133,-140.13,0.));
#2162 = LINE('',#2163,#2164);
#2163 = CARTESIAN_POINT('',(186.133,-140.13,0.));
#2164 = VECTOR('',#2165,1.);
#2165 = DIRECTION('',(-0.749280095245,-0.662253228659,0.));
#2166 = ORIENTED_EDGE('',*,*,#2167,.F.);
#2167 = EDGE_CURVE('',#2168,#2160,#2170,.T.);
#2168 = VERTEX_POINT('',#2169);
#2169 = CARTESIAN_POINT('',(186.828,-139.493,0.));
#2170 = LINE('',#2171,#2172);
#2171 = CARTESIAN_POINT('',(186.828,-139.493,0.));
#2172 = VECTOR('',#2173,1.);
#2173 = DIRECTION('',(-0.737198168389,-0.675676594625,0.));
#2174 = ORIENTED_EDGE('',*,*,#2175,.F.);
#2175 = EDGE_CURVE('',#2176,#2168,#2178,.T.);
#2176 = VERTEX_POINT('',#2177);
#2177 = CARTESIAN_POINT('',(187.512,-138.844,0.));
#2178 = LINE('',#2179,#2180);
#2179 = CARTESIAN_POINT('',(187.512,-138.844,0.));
#2180 = VECTOR('',#2181,1.);
#2181 = DIRECTION('',(-0.725422962932,-0.688303366875,0.));
#2182 = ORIENTED_EDGE('',*,*,#2183,.F.);
#2183 = EDGE_CURVE('',#2184,#2176,#2186,.T.);
#2184 = VERTEX_POINT('',#2185);
#2185 = CARTESIAN_POINT('',(188.184,-138.184,0.));
#2186 = LINE('',#2187,#2188);
#2187 = CARTESIAN_POINT('',(188.184,-138.184,0.));
#2188 = VECTOR('',#2189,1.);
#2189 = DIRECTION('',(-0.713448160609,-0.700708014884,0.));
#2190 = ORIENTED_EDGE('',*,*,#2191,.F.);
#2191 = EDGE_CURVE('',#2192,#2184,#2194,.T.);
#2192 = VERTEX_POINT('',#2193);
#2193 = CARTESIAN_POINT('',(188.844,-137.512,0.));
#2194 = LINE('',#2195,#2196);
#2195 = CARTESIAN_POINT('',(188.844,-137.512,0.));
#2196 = VECTOR('',#2197,1.);
#2197 = DIRECTION('',(-0.700708014884,-0.713448160609,0.));
#2198 = ORIENTED_EDGE('',*,*,#2199,.F.);
#2199 = EDGE_CURVE('',#2200,#2192,#2202,.T.);
#2200 = VERTEX_POINT('',#2201);
#2201 = CARTESIAN_POINT('',(189.493,-136.828,0.));
#2202 = LINE('',#2203,#2204);
#2203 = CARTESIAN_POINT('',(189.493,-136.828,0.));
#2204 = VECTOR('',#2205,1.);
#2205 = DIRECTION('',(-0.688303366875,-0.725422962932,0.));
#2206 = ORIENTED_EDGE('',*,*,#2207,.F.);
#2207 = EDGE_CURVE('',#2208,#2200,#2210,.T.);
#2208 = VERTEX_POINT('',#2209);
#2209 = CARTESIAN_POINT('',(190.13,-136.133,0.));
#2210 = LINE('',#2211,#2212);
#2211 = CARTESIAN_POINT('',(190.13,-136.133,0.));
#2212 = VECTOR('',#2213,1.);
#2213 = DIRECTION('',(-0.675676594625,-0.737198168389,0.));
#2214 = ORIENTED_EDGE('',*,*,#2215,.F.);
#2215 = EDGE_CURVE('',#2216,#2208,#2218,.T.);
#2216 = VERTEX_POINT('',#2217);
#2217 = CARTESIAN_POINT('',(190.754,-135.427,0.));
#2218 = LINE('',#2219,#2220);
#2219 = CARTESIAN_POINT('',(190.754,-135.427,0.));
#2220 = VECTOR('',#2221,1.);
#2221 = DIRECTION('',(-0.662253228659,-0.749280095245,0.));
#2222 = ORIENTED_EDGE('',*,*,#2223,.F.);
#2223 = EDGE_CURVE('',#2224,#2216,#2226,.T.);
#2224 = VERTEX_POINT('',#2225);
#2225 = CARTESIAN_POINT('',(191.366,-134.711,0.));
#2226 = LINE('',#2227,#2228);
#2227 = CARTESIAN_POINT('',(191.366,-134.711,0.));
#2228 = VECTOR('',#2229,1.);
#2229 = DIRECTION('',(-0.649741573098,-0.760155173756,0.));
#2230 = ORIENTED_EDGE('',*,*,#2231,.F.);
#2231 = EDGE_CURVE('',#2232,#2224,#2234,.T.);
#2232 = VERTEX_POINT('',#2233);
#2233 = CARTESIAN_POINT('',(191.966,-133.983,0.));
#2234 = LINE('',#2235,#2236);
#2235 = CARTESIAN_POINT('',(191.966,-133.983,0.));
#2236 = VECTOR('',#2237,1.);
#2237 = DIRECTION('',(-0.636004444923,-0.771685393174,0.));
#2238 = ORIENTED_EDGE('',*,*,#2239,.F.);
#2239 = EDGE_CURVE('',#2240,#2232,#2242,.T.);
#2240 = VERTEX_POINT('',#2241);
#2241 = CARTESIAN_POINT('',(192.553,-133.246,0.));
#2242 = LINE('',#2243,#2244);
#2243 = CARTESIAN_POINT('',(192.553,-133.246,0.));
#2244 = VECTOR('',#2245,1.);
#2245 = DIRECTION('',(-0.623010973198,-0.782213095821,0.));
#2246 = ORIENTED_EDGE('',*,*,#2247,.F.);
#2247 = EDGE_CURVE('',#2248,#2240,#2250,.T.);
#2248 = VERTEX_POINT('',#2249);
#2249 = CARTESIAN_POINT('',(193.126,-132.497999,0.));
#2250 = LINE('',#2251,#2252);
#2251 = CARTESIAN_POINT('',(193.126,-132.497999,0.));
#2252 = VECTOR('',#2253,1.);
#2253 = DIRECTION('',(-0.608119058431,-0.793845835646,0.));
#2254 = ORIENTED_EDGE('',*,*,#2255,.F.);
#2255 = EDGE_CURVE('',#2256,#2248,#2258,.T.);
#2256 = VERTEX_POINT('',#2257);
#2257 = CARTESIAN_POINT('',(193.687,-131.74,0.));
#2258 = LINE('',#2259,#2260);
#2259 = CARTESIAN_POINT('',(193.687,-131.74,0.));
#2260 = VECTOR('',#2261,1.);
#2261 = DIRECTION('',(-0.594898327535,-0.803800957884,0.));
#2262 = ORIENTED_EDGE('',*,*,#2263,.F.);
#2263 = EDGE_CURVE('',#2264,#2256,#2266,.T.);
#2264 = VERTEX_POINT('',#2265);
#2265 = CARTESIAN_POINT('',(194.234,-130.973,0.));
#2266 = LINE('',#2267,#2268);
#2267 = CARTESIAN_POINT('',(194.234,-130.973,0.));
#2268 = VECTOR('',#2269,1.);
#2269 = DIRECTION('',(-0.580635566561,-0.814163582362,0.));
#2270 = ORIENTED_EDGE('',*,*,#2271,.F.);
#2271 = EDGE_CURVE('',#2272,#2264,#2274,.T.);
#2272 = VERTEX_POINT('',#2273);
#2273 = CARTESIAN_POINT('',(194.768,-130.196,0.));
#2274 = LINE('',#2275,#2276);
#2275 = CARTESIAN_POINT('',(194.768,-130.196,0.));
#2276 = VECTOR('',#2277,1.);
#2277 = DIRECTION('',(-0.566393770718,-0.82413475627,0.));
#2278 = ORIENTED_EDGE('',*,*,#2279,.F.);
#2279 = EDGE_CURVE('',#2280,#2272,#2282,.T.);
#2280 = VERTEX_POINT('',#2281);
#2281 = CARTESIAN_POINT('',(195.288,-129.411,0.));
#2282 = LINE('',#2283,#2284);
#2283 = CARTESIAN_POINT('',(195.288,-129.411,0.));
#2284 = VECTOR('',#2285,1.);
#2285 = DIRECTION('',(-0.552246989696,-0.833680551753,0.));
#2286 = ORIENTED_EDGE('',*,*,#2287,.F.);
#2287 = EDGE_CURVE('',#2288,#2280,#2290,.T.);
#2288 = VERTEX_POINT('',#2289);
#2289 = CARTESIAN_POINT('',(195.795,-128.616,0.));
#2290 = LINE('',#2291,#2292);
#2291 = CARTESIAN_POINT('',(195.795,-128.616,0.));
#2292 = VECTOR('',#2293,1.);
#2293 = DIRECTION('',(-0.537698722127,-0.84313704949,0.));
#2294 = ORIENTED_EDGE('',*,*,#2295,.F.);
#2295 = EDGE_CURVE('',#2296,#2288,#2298,.T.);
#2296 = VERTEX_POINT('',#2297);
#2297 = CARTESIAN_POINT('',(196.287,-127.812,0.));
#2298 = LINE('',#2299,#2300);
#2299 = CARTESIAN_POINT('',(196.287,-127.812,0.));
#2300 = VECTOR('',#2301,1.);
#2301 = DIRECTION('',(-0.521964870245,-0.852966983083,0.));
#2302 = ORIENTED_EDGE('',*,*,#2303,.F.);
#2303 = EDGE_CURVE('',#2304,#2296,#2306,.T.);
#2304 = VERTEX_POINT('',#2305);
#2305 = CARTESIAN_POINT('',(196.765,-127.,0.));
#2306 = LINE('',#2307,#2308);
#2307 = CARTESIAN_POINT('',(196.765,-127.,0.));
#2308 = VECTOR('',#2309,1.);
#2309 = DIRECTION('',(-0.507298382802,-0.86177047455,0.));
#2310 = ORIENTED_EDGE('',*,*,#2311,.F.);
#2311 = EDGE_CURVE('',#2312,#2304,#2314,.T.);
#2312 = VERTEX_POINT('',#2313);
#2313 = CARTESIAN_POINT('',(197.,-126.18,0.));
#2314 = LINE('',#2315,#2316);
#2315 = CARTESIAN_POINT('',(197.,-126.18,0.));
#2316 = VECTOR('',#2317,1.);
#2317 = DIRECTION('',(-0.27549521247,-0.961302443514,0.));
#2318 = ORIENTED_EDGE('',*,*,#2319,.F.);
#2319 = EDGE_CURVE('',#2320,#2312,#2322,.T.);
#2320 = VERTEX_POINT('',#2321);
#2321 = CARTESIAN_POINT('',(197.,-125.351,0.));
#2322 = LINE('',#2323,#2324);
#2323 = CARTESIAN_POINT('',(197.,-125.351,0.));
#2324 = VECTOR('',#2325,1.);
#2325 = DIRECTION('',(0.,-1.,0.));
#2326 = ORIENTED_EDGE('',*,*,#2327,.F.);
#2327 = EDGE_CURVE('',#2328,#2320,#2330,.T.);
#2328 = VERTEX_POINT('',#2329);
#2329 = CARTESIAN_POINT('',(197.,-124.515,0.));
#2330 = LINE('',#2331,#2332);
#2331 = CARTESIAN_POINT('',(197.,-124.515,0.));
#2332 = VECTOR('',#2333,1.);
#2333 = DIRECTION('',(0.,-1.,0.));
#2334 = ORIENTED_EDGE('',*,*,#2335,.F.);
#2335 = EDGE_CURVE('',#2336,#2328,#2338,.T.);
#2336 = VERTEX_POINT('',#2337);
#2337 = CARTESIAN_POINT('',(197.,-123.672,0.));
#2338 = LINE('',#2339,#2340);
#2339 = CARTESIAN_POINT('',(197.,-123.672,0.));
#2340 = VECTOR('',#2341,1.);
#2341 = DIRECTION('',(0.,-1.,0.));
#2342 = ORIENTED_EDGE('',*,*,#2343,.F.);
#2343 = EDGE_CURVE('',#2344,#2336,#2346,.T.);
#2344 = VERTEX_POINT('',#2345);
#2345 = CARTESIAN_POINT('',(197.,-122.821,0.));
#2346 = LINE('',#2347,#2348);
#2347 = CARTESIAN_POINT('',(197.,-122.821,0.));
#2348 = VECTOR('',#2349,1.);
#2349 = DIRECTION('',(0.,-1.,0.));
#2350 = ORIENTED_EDGE('',*,*,#2351,.F.);
#2351 = EDGE_CURVE('',#2352,#2344,#2354,.T.);
#2352 = VERTEX_POINT('',#2353);
#2353 = CARTESIAN_POINT('',(197.,-121.964,0.));
#2354 = LINE('',#2355,#2356);
#2355 = CARTESIAN_POINT('',(197.,-121.964,0.));
#2356 = VECTOR('',#2357,1.);
#2357 = DIRECTION('',(0.,-1.,0.));
#2358 = ORIENTED_EDGE('',*,*,#2359,.F.);
#2359 = EDGE_CURVE('',#2360,#2352,#2362,.T.);
#2360 = VERTEX_POINT('',#2361);
#2361 = CARTESIAN_POINT('',(197.,-121.099,0.));
#2362 = LINE('',#2363,#2364);
#2363 = CARTESIAN_POINT('',(197.,-121.099,0.));
#2364 = VECTOR('',#2365,1.);
#2365 = DIRECTION('',(0.,-1.,0.));
#2366 = ORIENTED_EDGE('',*,*,#2367,.F.);
#2367 = EDGE_CURVE('',#2368,#2360,#2370,.T.);
#2368 = VERTEX_POINT('',#2369);
#2369 = CARTESIAN_POINT('',(197.,-120.229,0.));
#2370 = LINE('',#2371,#2372);
#2371 = CARTESIAN_POINT('',(197.,-120.229,0.));
#2372 = VECTOR('',#2373,1.);
#2373 = DIRECTION('',(0.,-1.,0.));
#2374 = ORIENTED_EDGE('',*,*,#2375,.F.);
#2375 = EDGE_CURVE('',#2376,#2368,#2378,.T.);
#2376 = VERTEX_POINT('',#2377);
#2377 = CARTESIAN_POINT('',(197.,-119.352,0.));
#2378 = LINE('',#2379,#2380);
#2379 = CARTESIAN_POINT('',(197.,-119.352,0.));
#2380 = VECTOR('',#2381,1.);
#2381 = DIRECTION('',(0.,-1.,0.));
#2382 = ORIENTED_EDGE('',*,*,#2383,.F.);
#2383 = EDGE_CURVE('',#2384,#2376,#2386,.T.);
#2384 = VERTEX_POINT('',#2385);
#2385 = CARTESIAN_POINT('',(197.,-118.469,0.));
#2386 = LINE('',#2387,#2388);
#2387 = CARTESIAN_POINT('',(197.,-118.469,0.));
#2388 = VECTOR('',#2389,1.);
#2389 = DIRECTION('',(0.,-1.,0.));
#2390 = ORIENTED_EDGE('',*,*,#2391,.F.);
#2391 = EDGE_CURVE('',#2392,#2384,#2394,.T.);
#2392 = VERTEX_POINT('',#2393);
#2393 = CARTESIAN_POINT('',(197.,-117.581,0.));
#2394 = LINE('',#2395,#2396);
#2395 = CARTESIAN_POINT('',(197.,-117.581,0.));
#2396 = VECTOR('',#2397,1.);
#2397 = DIRECTION('',(0.,-1.,0.));
#2398 = ORIENTED_EDGE('',*,*,#2399,.F.);
#2399 = EDGE_CURVE('',#2400,#2392,#2402,.T.);
#2400 = VERTEX_POINT('',#2401);
#2401 = CARTESIAN_POINT('',(197.,-116.687,0.));
#2402 = LINE('',#2403,#2404);
#2403 = CARTESIAN_POINT('',(197.,-116.687,0.));
#2404 = VECTOR('',#2405,1.);
#2405 = DIRECTION('',(0.,-1.,0.));
#2406 = ORIENTED_EDGE('',*,*,#2407,.F.);
#2407 = EDGE_CURVE('',#2408,#2400,#2410,.T.);
#2408 = VERTEX_POINT('',#2409);
#2409 = CARTESIAN_POINT('',(197.,-115.788,0.));
#2410 = LINE('',#2411,#2412);
#2411 = CARTESIAN_POINT('',(197.,-115.788,0.));
#2412 = VECTOR('',#2413,1.);
#2413 = DIRECTION('',(0.,-1.,0.));
#2414 = ORIENTED_EDGE('',*,*,#2415,.F.);
#2415 = EDGE_CURVE('',#2416,#2408,#2418,.T.);
#2416 = VERTEX_POINT('',#2417);
#2417 = CARTESIAN_POINT('',(197.,-114.884,0.));
#2418 = LINE('',#2419,#2420);
#2419 = CARTESIAN_POINT('',(197.,-114.884,0.));
#2420 = VECTOR('',#2421,1.);
#2421 = DIRECTION('',(0.,-1.,0.));
#2422 = ORIENTED_EDGE('',*,*,#2423,.F.);
#2423 = EDGE_CURVE('',#2424,#2416,#2426,.T.);
#2424 = VERTEX_POINT('',#2425);
#2425 = CARTESIAN_POINT('',(197.,-113.976,0.));
#2426 = LINE('',#2427,#2428);
#2427 = CARTESIAN_POINT('',(197.,-113.976,0.));
#2428 = VECTOR('',#2429,1.);
#2429 = DIRECTION('',(0.,-1.,0.));
#2430 = ORIENTED_EDGE('',*,*,#2431,.F.);
#2431 = EDGE_CURVE('',#2432,#2424,#2434,.T.);
#2432 = VERTEX_POINT('',#2433);
#2433 = CARTESIAN_POINT('',(197.,-113.064,0.));
#2434 = LINE('',#2435,#2436);
#2435 = CARTESIAN_POINT('',(197.,-113.064,0.));
#2436 = VECTOR('',#2437,1.);
#2437 = DIRECTION('',(0.,-1.,0.));
#2438 = ORIENTED_EDGE('',*,*,#2439,.F.);
#2439 = EDGE_CURVE('',#2440,#2432,#2442,.T.);
#2440 = VERTEX_POINT('',#2441);
#2441 = CARTESIAN_POINT('',(197.,-112.147,0.));
#2442 = LINE('',#2443,#2444);
#2443 = CARTESIAN_POINT('',(197.,-112.147,0.));
#2444 = VECTOR('',#2445,1.);
#2445 = DIRECTION('',(0.,-1.,0.));
#2446 = ORIENTED_EDGE('',*,*,#2447,.F.);
#2447 = EDGE_CURVE('',#2448,#2440,#2450,.T.);
#2448 = VERTEX_POINT('',#2449);
#2449 = CARTESIAN_POINT('',(197.,-111.227,0.));
#2450 = LINE('',#2451,#2452);
#2451 = CARTESIAN_POINT('',(197.,-111.227,0.));
#2452 = VECTOR('',#2453,1.);
#2453 = DIRECTION('',(0.,-1.,0.));
#2454 = ORIENTED_EDGE('',*,*,#2455,.F.);
#2455 = EDGE_CURVE('',#2456,#2448,#2458,.T.);
#2456 = VERTEX_POINT('',#2457);
#2457 = CARTESIAN_POINT('',(197.,-110.304,0.));
#2458 = LINE('',#2459,#2460);
#2459 = CARTESIAN_POINT('',(197.,-110.304,0.));
#2460 = VECTOR('',#2461,1.);
#2461 = DIRECTION('',(0.,-1.,0.));
#2462 = ORIENTED_EDGE('',*,*,#2463,.F.);
#2463 = EDGE_CURVE('',#2464,#2456,#2466,.T.);
#2464 = VERTEX_POINT('',#2465);
#2465 = CARTESIAN_POINT('',(197.,-109.377,0.));
#2466 = LINE('',#2467,#2468);
#2467 = CARTESIAN_POINT('',(197.,-109.377,0.));
#2468 = VECTOR('',#2469,1.);
#2469 = DIRECTION('',(0.,-1.,0.));
#2470 = ORIENTED_EDGE('',*,*,#2471,.F.);
#2471 = EDGE_CURVE('',#2472,#2464,#2474,.T.);
#2472 = VERTEX_POINT('',#2473);
#2473 = CARTESIAN_POINT('',(197.,-108.447,0.));
#2474 = LINE('',#2475,#2476);
#2475 = CARTESIAN_POINT('',(197.,-108.447,0.));
#2476 = VECTOR('',#2477,1.);
#2477 = DIRECTION('',(0.,-1.,0.));
#2478 = ORIENTED_EDGE('',*,*,#2479,.F.);
#2479 = EDGE_CURVE('',#2480,#2472,#2482,.T.);
#2480 = VERTEX_POINT('',#2481);
#2481 = CARTESIAN_POINT('',(197.,-107.515,0.));
#2482 = LINE('',#2483,#2484);
#2483 = CARTESIAN_POINT('',(197.,-107.515,0.));
#2484 = VECTOR('',#2485,1.);
#2485 = DIRECTION('',(0.,-1.,0.));
#2486 = ORIENTED_EDGE('',*,*,#2487,.F.);
#2487 = EDGE_CURVE('',#2488,#2480,#2490,.T.);
#2488 = VERTEX_POINT('',#2489);
#2489 = CARTESIAN_POINT('',(197.,-106.581,0.));
#2490 = LINE('',#2491,#2492);
#2491 = CARTESIAN_POINT('',(197.,-106.581,0.));
#2492 = VECTOR('',#2493,1.);
#2493 = DIRECTION('',(0.,-1.,0.));
#2494 = ORIENTED_EDGE('',*,*,#2495,.F.);
#2495 = EDGE_CURVE('',#2496,#2488,#2498,.T.);
#2496 = VERTEX_POINT('',#2497);
#2497 = CARTESIAN_POINT('',(197.,-105.645,0.));
#2498 = LINE('',#2499,#2500);
#2499 = CARTESIAN_POINT('',(197.,-105.645,0.));
#2500 = VECTOR('',#2501,1.);
#2501 = DIRECTION('',(0.,-1.,0.));
#2502 = ORIENTED_EDGE('',*,*,#2503,.F.);
#2503 = EDGE_CURVE('',#2504,#2496,#2506,.T.);
#2504 = VERTEX_POINT('',#2505);
#2505 = CARTESIAN_POINT('',(197.,-104.706,0.));
#2506 = LINE('',#2507,#2508);
#2507 = CARTESIAN_POINT('',(197.,-104.706,0.));
#2508 = VECTOR('',#2509,1.);
#2509 = DIRECTION('',(0.,-1.,0.));
#2510 = ORIENTED_EDGE('',*,*,#2511,.F.);
#2511 = EDGE_CURVE('',#2512,#2504,#2514,.T.);
#2512 = VERTEX_POINT('',#2513);
#2513 = CARTESIAN_POINT('',(197.,-103.767,0.));
#2514 = LINE('',#2515,#2516);
#2515 = CARTESIAN_POINT('',(197.,-103.767,0.));
#2516 = VECTOR('',#2517,1.);
#2517 = DIRECTION('',(0.,-1.,0.));
#2518 = ORIENTED_EDGE('',*,*,#2519,.F.);
#2519 = EDGE_CURVE('',#2520,#2512,#2522,.T.);
#2520 = VERTEX_POINT('',#2521);
#2521 = CARTESIAN_POINT('',(197.,-102.826,0.));
#2522 = LINE('',#2523,#2524);
#2523 = CARTESIAN_POINT('',(197.,-102.826,0.));
#2524 = VECTOR('',#2525,1.);
#2525 = DIRECTION('',(0.,-1.,0.));
#2526 = ORIENTED_EDGE('',*,*,#2527,.F.);
#2527 = EDGE_CURVE('',#2528,#2520,#2530,.T.);
#2528 = VERTEX_POINT('',#2529);
#2529 = CARTESIAN_POINT('',(197.,-101.885,0.));
#2530 = LINE('',#2531,#2532);
#2531 = CARTESIAN_POINT('',(197.,-101.885,0.));
#2532 = VECTOR('',#2533,1.);
#2533 = DIRECTION('',(0.,-1.,0.));
#2534 = ORIENTED_EDGE('',*,*,#2535,.F.);
#2535 = EDGE_CURVE('',#2536,#2528,#2538,.T.);
#2536 = VERTEX_POINT('',#2537);
#2537 = CARTESIAN_POINT('',(197.,-100.942,0.));
#2538 = LINE('',#2539,#2540);
#2539 = CARTESIAN_POINT('',(197.,-100.942,0.));
#2540 = VECTOR('',#2541,1.);
#2541 = DIRECTION('',(0.,-1.,0.));
#2542 = ORIENTED_EDGE('',*,*,#2543,.F.);
#2543 = EDGE_CURVE('',#2544,#2536,#2546,.T.);
#2544 = VERTEX_POINT('',#2545);
#2545 = CARTESIAN_POINT('',(197.,-100.,0.));
#2546 = LINE('',#2547,#2548);
#2547 = CARTESIAN_POINT('',(197.,-100.,0.));
#2548 = VECTOR('',#2549,1.);
#2549 = DIRECTION('',(0.,-1.,0.));
#2550 = ORIENTED_EDGE('',*,*,#2551,.F.);
#2551 = EDGE_CURVE('',#2552,#2544,#2554,.T.);
#2552 = VERTEX_POINT('',#2553);
#2553 = CARTESIAN_POINT('',(197.,-99.058,0.));
#2554 = LINE('',#2555,#2556);
#2555 = CARTESIAN_POINT('',(197.,-99.058,0.));
#2556 = VECTOR('',#2557,1.);
#2557 = DIRECTION('',(0.,-1.,0.));
#2558 = ORIENTED_EDGE('',*,*,#2559,.F.);
#2559 = EDGE_CURVE('',#2560,#2552,#2562,.T.);
#2560 = VERTEX_POINT('',#2561);
#2561 = CARTESIAN_POINT('',(197.,-98.115,0.));
#2562 = LINE('',#2563,#2564);
#2563 = CARTESIAN_POINT('',(197.,-98.115,0.));
#2564 = VECTOR('',#2565,1.);
#2565 = DIRECTION('',(0.,-1.,0.));
#2566 = ORIENTED_EDGE('',*,*,#2567,.F.);
#2567 = EDGE_CURVE('',#2568,#2560,#2570,.T.);
#2568 = VERTEX_POINT('',#2569);
#2569 = CARTESIAN_POINT('',(197.,-97.174,0.));
#2570 = LINE('',#2571,#2572);
#2571 = CARTESIAN_POINT('',(197.,-97.174,0.));
#2572 = VECTOR('',#2573,1.);
#2573 = DIRECTION('',(0.,-1.,0.));
#2574 = ORIENTED_EDGE('',*,*,#2575,.F.);
#2575 = EDGE_CURVE('',#2576,#2568,#2578,.T.);
#2576 = VERTEX_POINT('',#2577);
#2577 = CARTESIAN_POINT('',(197.,-96.233,0.));
#2578 = LINE('',#2579,#2580);
#2579 = CARTESIAN_POINT('',(197.,-96.233,0.));
#2580 = VECTOR('',#2581,1.);
#2581 = DIRECTION('',(0.,-1.,0.));
#2582 = ORIENTED_EDGE('',*,*,#2583,.F.);
#2583 = EDGE_CURVE('',#2584,#2576,#2586,.T.);
#2584 = VERTEX_POINT('',#2585);
#2585 = CARTESIAN_POINT('',(197.,-95.294,0.));
#2586 = LINE('',#2587,#2588);
#2587 = CARTESIAN_POINT('',(197.,-95.294,0.));
#2588 = VECTOR('',#2589,1.);
#2589 = DIRECTION('',(0.,-1.,0.));
#2590 = ORIENTED_EDGE('',*,*,#2591,.F.);
#2591 = EDGE_CURVE('',#2592,#2584,#2594,.T.);
#2592 = VERTEX_POINT('',#2593);
#2593 = CARTESIAN_POINT('',(197.,-94.355,0.));
#2594 = LINE('',#2595,#2596);
#2595 = CARTESIAN_POINT('',(197.,-94.355,0.));
#2596 = VECTOR('',#2597,1.);
#2597 = DIRECTION('',(0.,-1.,0.));
#2598 = ORIENTED_EDGE('',*,*,#2599,.F.);
#2599 = EDGE_CURVE('',#2600,#2592,#2602,.T.);
#2600 = VERTEX_POINT('',#2601);
#2601 = CARTESIAN_POINT('',(197.,-93.419,0.));
#2602 = LINE('',#2603,#2604);
#2603 = CARTESIAN_POINT('',(197.,-93.419,0.));
#2604 = VECTOR('',#2605,1.);
#2605 = DIRECTION('',(0.,-1.,0.));
#2606 = ORIENTED_EDGE('',*,*,#2607,.F.);
#2607 = EDGE_CURVE('',#2608,#2600,#2610,.T.);
#2608 = VERTEX_POINT('',#2609);
#2609 = CARTESIAN_POINT('',(197.,-92.485,0.));
#2610 = LINE('',#2611,#2612);
#2611 = CARTESIAN_POINT('',(197.,-92.485,0.));
#2612 = VECTOR('',#2613,1.);
#2613 = DIRECTION('',(0.,-1.,0.));
#2614 = ORIENTED_EDGE('',*,*,#2615,.F.);
#2615 = EDGE_CURVE('',#2616,#2608,#2618,.T.);
#2616 = VERTEX_POINT('',#2617);
#2617 = CARTESIAN_POINT('',(197.,-91.553,0.));
#2618 = LINE('',#2619,#2620);
#2619 = CARTESIAN_POINT('',(197.,-91.553,0.));
#2620 = VECTOR('',#2621,1.);
#2621 = DIRECTION('',(0.,-1.,0.));
#2622 = ORIENTED_EDGE('',*,*,#2623,.F.);
#2623 = EDGE_CURVE('',#2624,#2616,#2626,.T.);
#2624 = VERTEX_POINT('',#2625);
#2625 = CARTESIAN_POINT('',(197.,-90.623,0.));
#2626 = LINE('',#2627,#2628);
#2627 = CARTESIAN_POINT('',(197.,-90.623,0.));
#2628 = VECTOR('',#2629,1.);
#2629 = DIRECTION('',(0.,-1.,0.));
#2630 = ORIENTED_EDGE('',*,*,#2631,.F.);
#2631 = EDGE_CURVE('',#2632,#2624,#2634,.T.);
#2632 = VERTEX_POINT('',#2633);
#2633 = CARTESIAN_POINT('',(197.,-89.696,0.));
#2634 = LINE('',#2635,#2636);
#2635 = CARTESIAN_POINT('',(197.,-89.696,0.));
#2636 = VECTOR('',#2637,1.);
#2637 = DIRECTION('',(0.,-1.,0.));
#2638 = ORIENTED_EDGE('',*,*,#2639,.F.);
#2639 = EDGE_CURVE('',#2640,#2632,#2642,.T.);
#2640 = VERTEX_POINT('',#2641);
#2641 = CARTESIAN_POINT('',(197.,-88.773,0.));
#2642 = LINE('',#2643,#2644);
#2643 = CARTESIAN_POINT('',(197.,-88.773,0.));
#2644 = VECTOR('',#2645,1.);
#2645 = DIRECTION('',(0.,-1.,0.));
#2646 = ORIENTED_EDGE('',*,*,#2647,.F.);
#2647 = EDGE_CURVE('',#2648,#2640,#2650,.T.);
#2648 = VERTEX_POINT('',#2649);
#2649 = CARTESIAN_POINT('',(197.,-87.853,0.));
#2650 = LINE('',#2651,#2652);
#2651 = CARTESIAN_POINT('',(197.,-87.853,0.));
#2652 = VECTOR('',#2653,1.);
#2653 = DIRECTION('',(0.,-1.,0.));
#2654 = ORIENTED_EDGE('',*,*,#2655,.F.);
#2655 = EDGE_CURVE('',#2656,#2648,#2658,.T.);
#2656 = VERTEX_POINT('',#2657);
#2657 = CARTESIAN_POINT('',(197.,-86.936,0.));
#2658 = LINE('',#2659,#2660);
#2659 = CARTESIAN_POINT('',(197.,-86.936,0.));
#2660 = VECTOR('',#2661,1.);
#2661 = DIRECTION('',(0.,-1.,0.));
#2662 = ORIENTED_EDGE('',*,*,#2663,.F.);
#2663 = EDGE_CURVE('',#2664,#2656,#2666,.T.);
#2664 = VERTEX_POINT('',#2665);
#2665 = CARTESIAN_POINT('',(197.,-86.024,0.));
#2666 = LINE('',#2667,#2668);
#2667 = CARTESIAN_POINT('',(197.,-86.024,0.));
#2668 = VECTOR('',#2669,1.);
#2669 = DIRECTION('',(0.,-1.,0.));
#2670 = ORIENTED_EDGE('',*,*,#2671,.F.);
#2671 = EDGE_CURVE('',#2672,#2664,#2674,.T.);
#2672 = VERTEX_POINT('',#2673);
#2673 = CARTESIAN_POINT('',(197.,-85.116,0.));
#2674 = LINE('',#2675,#2676);
#2675 = CARTESIAN_POINT('',(197.,-85.116,0.));
#2676 = VECTOR('',#2677,1.);
#2677 = DIRECTION('',(0.,-1.,0.));
#2678 = ORIENTED_EDGE('',*,*,#2679,.F.);
#2679 = EDGE_CURVE('',#2680,#2672,#2682,.T.);
#2680 = VERTEX_POINT('',#2681);
#2681 = CARTESIAN_POINT('',(197.,-84.212,0.));
#2682 = LINE('',#2683,#2684);
#2683 = CARTESIAN_POINT('',(197.,-84.212,0.));
#2684 = VECTOR('',#2685,1.);
#2685 = DIRECTION('',(0.,-1.,0.));
#2686 = ORIENTED_EDGE('',*,*,#2687,.F.);
#2687 = EDGE_CURVE('',#2688,#2680,#2690,.T.);
#2688 = VERTEX_POINT('',#2689);
#2689 = CARTESIAN_POINT('',(197.,-83.313,0.));
#2690 = LINE('',#2691,#2692);
#2691 = CARTESIAN_POINT('',(197.,-83.313,0.));
#2692 = VECTOR('',#2693,1.);
#2693 = DIRECTION('',(0.,-1.,0.));
#2694 = ORIENTED_EDGE('',*,*,#2695,.F.);
#2695 = EDGE_CURVE('',#2696,#2688,#2698,.T.);
#2696 = VERTEX_POINT('',#2697);
#2697 = CARTESIAN_POINT('',(197.,-82.419,0.));
#2698 = LINE('',#2699,#2700);
#2699 = CARTESIAN_POINT('',(197.,-82.419,0.));
#2700 = VECTOR('',#2701,1.);
#2701 = DIRECTION('',(0.,-1.,0.));
#2702 = ORIENTED_EDGE('',*,*,#2703,.F.);
#2703 = EDGE_CURVE('',#2704,#2696,#2706,.T.);
#2704 = VERTEX_POINT('',#2705);
#2705 = CARTESIAN_POINT('',(197.,-81.531,0.));
#2706 = LINE('',#2707,#2708);
#2707 = CARTESIAN_POINT('',(197.,-81.531,0.));
#2708 = VECTOR('',#2709,1.);
#2709 = DIRECTION('',(0.,-1.,0.));
#2710 = ORIENTED_EDGE('',*,*,#2711,.F.);
#2711 = EDGE_CURVE('',#2712,#2704,#2714,.T.);
#2712 = VERTEX_POINT('',#2713);
#2713 = CARTESIAN_POINT('',(197.,-80.648,0.));
#2714 = LINE('',#2715,#2716);
#2715 = CARTESIAN_POINT('',(197.,-80.648,0.));
#2716 = VECTOR('',#2717,1.);
#2717 = DIRECTION('',(0.,-1.,0.));
#2718 = ORIENTED_EDGE('',*,*,#2719,.F.);
#2719 = EDGE_CURVE('',#2720,#2712,#2722,.T.);
#2720 = VERTEX_POINT('',#2721);
#2721 = CARTESIAN_POINT('',(197.,-79.771,0.));
#2722 = LINE('',#2723,#2724);
#2723 = CARTESIAN_POINT('',(197.,-79.771,0.));
#2724 = VECTOR('',#2725,1.);
#2725 = DIRECTION('',(0.,-1.,0.));
#2726 = ORIENTED_EDGE('',*,*,#2727,.F.);
#2727 = EDGE_CURVE('',#2728,#2720,#2730,.T.);
#2728 = VERTEX_POINT('',#2729);
#2729 = CARTESIAN_POINT('',(197.,-78.901,0.));
#2730 = LINE('',#2731,#2732);
#2731 = CARTESIAN_POINT('',(197.,-78.901,0.));
#2732 = VECTOR('',#2733,1.);
#2733 = DIRECTION('',(0.,-1.,0.));
#2734 = ORIENTED_EDGE('',*,*,#2735,.F.);
#2735 = EDGE_CURVE('',#2736,#2728,#2738,.T.);
#2736 = VERTEX_POINT('',#2737);
#2737 = CARTESIAN_POINT('',(197.,-78.036,0.));
#2738 = LINE('',#2739,#2740);
#2739 = CARTESIAN_POINT('',(197.,-78.036,0.));
#2740 = VECTOR('',#2741,1.);
#2741 = DIRECTION('',(0.,-1.,0.));
#2742 = ORIENTED_EDGE('',*,*,#2743,.F.);
#2743 = EDGE_CURVE('',#2744,#2736,#2746,.T.);
#2744 = VERTEX_POINT('',#2745);
#2745 = CARTESIAN_POINT('',(197.,-77.179,0.));
#2746 = LINE('',#2747,#2748);
#2747 = CARTESIAN_POINT('',(197.,-77.179,0.));
#2748 = VECTOR('',#2749,1.);
#2749 = DIRECTION('',(0.,-1.,0.));
#2750 = ORIENTED_EDGE('',*,*,#2751,.F.);
#2751 = EDGE_CURVE('',#2752,#2744,#2754,.T.);
#2752 = VERTEX_POINT('',#2753);
#2753 = CARTESIAN_POINT('',(197.,-76.328,0.));
#2754 = LINE('',#2755,#2756);
#2755 = CARTESIAN_POINT('',(197.,-76.328,0.));
#2756 = VECTOR('',#2757,1.);
#2757 = DIRECTION('',(0.,-1.,0.));
#2758 = ORIENTED_EDGE('',*,*,#2759,.F.);
#2759 = EDGE_CURVE('',#2760,#2752,#2762,.T.);
#2760 = VERTEX_POINT('',#2761);
#2761 = CARTESIAN_POINT('',(197.,-75.485,0.));
#2762 = LINE('',#2763,#2764);
#2763 = CARTESIAN_POINT('',(197.,-75.485,0.));
#2764 = VECTOR('',#2765,1.);
#2765 = DIRECTION('',(0.,-1.,0.));
#2766 = ORIENTED_EDGE('',*,*,#2767,.F.);
#2767 = EDGE_CURVE('',#2768,#2760,#2770,.T.);
#2768 = VERTEX_POINT('',#2769);
#2769 = CARTESIAN_POINT('',(197.,-74.649,0.));
#2770 = LINE('',#2771,#2772);
#2771 = CARTESIAN_POINT('',(197.,-74.649,0.));
#2772 = VECTOR('',#2773,1.);
#2773 = DIRECTION('',(0.,-1.,0.));
#2774 = ORIENTED_EDGE('',*,*,#2775,.F.);
#2775 = EDGE_CURVE('',#2776,#2768,#2778,.T.);
#2776 = VERTEX_POINT('',#2777);
#2777 = CARTESIAN_POINT('',(197.,-73.82,0.));
#2778 = LINE('',#2779,#2780);
#2779 = CARTESIAN_POINT('',(197.,-73.82,0.));
#2780 = VECTOR('',#2781,1.);
#2781 = DIRECTION('',(0.,-1.,0.));
#2782 = ORIENTED_EDGE('',*,*,#2783,.F.);
#2783 = EDGE_CURVE('',#2784,#2776,#2786,.T.);
#2784 = VERTEX_POINT('',#2785);
#2785 = CARTESIAN_POINT('',(196.765,-73.,0.));
#2786 = LINE('',#2787,#2788);
#2787 = CARTESIAN_POINT('',(196.765,-73.,0.));
#2788 = VECTOR('',#2789,1.);
#2789 = DIRECTION('',(0.27549521247,-0.961302443514,0.));
#2790 = ORIENTED_EDGE('',*,*,#2791,.F.);
#2791 = EDGE_CURVE('',#2792,#2784,#2794,.T.);
#2792 = VERTEX_POINT('',#2793);
#2793 = CARTESIAN_POINT('',(196.287,-72.188,0.));
#2794 = LINE('',#2795,#2796);
#2795 = CARTESIAN_POINT('',(196.287,-72.188,0.));
#2796 = VECTOR('',#2797,1.);
#2797 = DIRECTION('',(0.507298382802,-0.86177047455,0.));
#2798 = ORIENTED_EDGE('',*,*,#2799,.F.);
#2799 = EDGE_CURVE('',#2800,#2792,#2802,.T.);
#2800 = VERTEX_POINT('',#2801);
#2801 = CARTESIAN_POINT('',(195.795,-71.384,0.));
#2802 = LINE('',#2803,#2804);
#2803 = CARTESIAN_POINT('',(195.795,-71.384,0.));
#2804 = VECTOR('',#2805,1.);
#2805 = DIRECTION('',(0.521964870245,-0.852966983083,0.));
#2806 = ORIENTED_EDGE('',*,*,#2807,.F.);
#2807 = EDGE_CURVE('',#2808,#2800,#2810,.T.);
#2808 = VERTEX_POINT('',#2809);
#2809 = CARTESIAN_POINT('',(195.288,-70.589,0.));
#2810 = LINE('',#2811,#2812);
#2811 = CARTESIAN_POINT('',(195.288,-70.589,0.));
#2812 = VECTOR('',#2813,1.);
#2813 = DIRECTION('',(0.537698722127,-0.84313704949,0.));
#2814 = ORIENTED_EDGE('',*,*,#2815,.F.);
#2815 = EDGE_CURVE('',#2816,#2808,#2818,.T.);
#2816 = VERTEX_POINT('',#2817);
#2817 = CARTESIAN_POINT('',(194.768,-69.804,0.));
#2818 = LINE('',#2819,#2820);
#2819 = CARTESIAN_POINT('',(194.768,-69.804,0.));
#2820 = VECTOR('',#2821,1.);
#2821 = DIRECTION('',(0.552246989696,-0.833680551753,0.));
#2822 = ORIENTED_EDGE('',*,*,#2823,.F.);
#2823 = EDGE_CURVE('',#2824,#2816,#2826,.T.);
#2824 = VERTEX_POINT('',#2825);
#2825 = CARTESIAN_POINT('',(194.234,-69.027,0.));
#2826 = LINE('',#2827,#2828);
#2827 = CARTESIAN_POINT('',(194.234,-69.027,0.));
#2828 = VECTOR('',#2829,1.);
#2829 = DIRECTION('',(0.566393770718,-0.82413475627,0.));
#2830 = ORIENTED_EDGE('',*,*,#2831,.F.);
#2831 = EDGE_CURVE('',#2832,#2824,#2834,.T.);
#2832 = VERTEX_POINT('',#2833);
#2833 = CARTESIAN_POINT('',(193.687,-68.26,0.));
#2834 = LINE('',#2835,#2836);
#2835 = CARTESIAN_POINT('',(193.687,-68.26,0.));
#2836 = VECTOR('',#2837,1.);
#2837 = DIRECTION('',(0.580635566561,-0.814163582362,0.));
#2838 = ORIENTED_EDGE('',*,*,#2839,.F.);
#2839 = EDGE_CURVE('',#2840,#2832,#2842,.T.);
#2840 = VERTEX_POINT('',#2841);
#2841 = CARTESIAN_POINT('',(193.126,-67.502,0.));
#2842 = LINE('',#2843,#2844);
#2843 = CARTESIAN_POINT('',(193.126,-67.502,0.));
#2844 = VECTOR('',#2845,1.);
#2845 = DIRECTION('',(0.594897820462,-0.803801333173,0.));
#2846 = ORIENTED_EDGE('',*,*,#2847,.F.);
#2847 = EDGE_CURVE('',#2848,#2840,#2850,.T.);
#2848 = VERTEX_POINT('',#2849);
#2849 = CARTESIAN_POINT('',(192.553,-66.754,0.));
#2850 = LINE('',#2851,#2852);
#2851 = CARTESIAN_POINT('',(192.553,-66.754,0.));
#2852 = VECTOR('',#2853,1.);
#2853 = DIRECTION('',(0.608119570772,-0.793845443172,0.));
#2854 = ORIENTED_EDGE('',*,*,#2855,.F.);
#2855 = EDGE_CURVE('',#2856,#2848,#2858,.T.);
#2856 = VERTEX_POINT('',#2857);
#2857 = CARTESIAN_POINT('',(191.966,-66.016999,0.));
#2858 = LINE('',#2859,#2860);
#2859 = CARTESIAN_POINT('',(191.966,-66.016999,0.));
#2860 = VECTOR('',#2861,1.);
#2861 = DIRECTION('',(0.623010455975,-0.782213507775,0.));
#2862 = ORIENTED_EDGE('',*,*,#2863,.F.);
#2863 = EDGE_CURVE('',#2864,#2856,#2866,.T.);
#2864 = VERTEX_POINT('',#2865);
#2865 = CARTESIAN_POINT('',(191.366,-65.289,0.));
#2866 = LINE('',#2867,#2868);
#2867 = CARTESIAN_POINT('',(191.366,-65.289,0.));
#2868 = VECTOR('',#2869,1.);
#2869 = DIRECTION('',(0.63600496517,-0.771684964398,0.));
#2870 = ORIENTED_EDGE('',*,*,#2871,.F.);
#2871 = EDGE_CURVE('',#2872,#2864,#2874,.T.);
#2872 = VERTEX_POINT('',#2873);
#2873 = CARTESIAN_POINT('',(190.754,-64.572999,0.));
#2874 = LINE('',#2875,#2876);
#2875 = CARTESIAN_POINT('',(190.754,-64.572999,0.));
#2876 = VECTOR('',#2877,1.);
#2877 = DIRECTION('',(0.649741048736,-0.760155621954,0.));
#2878 = ORIENTED_EDGE('',*,*,#2879,.F.);
#2879 = EDGE_CURVE('',#2880,#2872,#2882,.T.);
#2880 = VERTEX_POINT('',#2881);
#2881 = CARTESIAN_POINT('',(190.13,-63.867,0.));
#2882 = LINE('',#2883,#2884);
#2883 = CARTESIAN_POINT('',(190.13,-63.867,0.));
#2884 = VECTOR('',#2885,1.);
#2885 = DIRECTION('',(0.662253755292,-0.749279629779,0.));
#2886 = ORIENTED_EDGE('',*,*,#2887,.F.);
#2887 = EDGE_CURVE('',#2888,#2880,#2890,.T.);
#2888 = VERTEX_POINT('',#2889);
#2889 = CARTESIAN_POINT('',(189.493,-63.172,0.));
#2890 = LINE('',#2891,#2892);
#2891 = CARTESIAN_POINT('',(189.493,-63.172,0.));
#2892 = VECTOR('',#2893,1.);
#2893 = DIRECTION('',(0.675676594625,-0.737198168389,0.));
#2894 = ORIENTED_EDGE('',*,*,#2895,.F.);
#2895 = EDGE_CURVE('',#2896,#2888,#2898,.T.);
#2896 = VERTEX_POINT('',#2897);
#2897 = CARTESIAN_POINT('',(188.844,-62.488,0.));
#2898 = LINE('',#2899,#2900);
#2899 = CARTESIAN_POINT('',(188.844,-62.488,0.));
#2900 = VECTOR('',#2901,1.);
#2901 = DIRECTION('',(0.688303366875,-0.725422962932,0.));
#2902 = ORIENTED_EDGE('',*,*,#2903,.F.);
#2903 = EDGE_CURVE('',#2904,#2896,#2906,.T.);
#2904 = VERTEX_POINT('',#2905);
#2905 = CARTESIAN_POINT('',(188.184,-61.816,0.));
#2906 = LINE('',#2907,#2908);
#2907 = CARTESIAN_POINT('',(188.184,-61.816,0.));
#2908 = VECTOR('',#2909,1.);
#2909 = DIRECTION('',(0.700708014884,-0.713448160609,0.));
#2910 = ORIENTED_EDGE('',*,*,#2911,.F.);
#2911 = EDGE_CURVE('',#2912,#2904,#2914,.T.);
#2912 = VERTEX_POINT('',#2913);
#2913 = CARTESIAN_POINT('',(187.512,-61.156,0.));
#2914 = LINE('',#2915,#2916);
#2915 = CARTESIAN_POINT('',(187.512,-61.156,0.));
#2916 = VECTOR('',#2917,1.);
#2917 = DIRECTION('',(0.713448160609,-0.700708014884,0.));
#2918 = ORIENTED_EDGE('',*,*,#2919,.F.);
#2919 = EDGE_CURVE('',#2920,#2912,#2922,.T.);
#2920 = VERTEX_POINT('',#2921);
#2921 = CARTESIAN_POINT('',(186.828,-60.507,0.));
#2922 = LINE('',#2923,#2924);
#2923 = CARTESIAN_POINT('',(186.828,-60.507,0.));
#2924 = VECTOR('',#2925,1.);
#2925 = DIRECTION('',(0.725422962932,-0.688303366875,0.));
#2926 = ORIENTED_EDGE('',*,*,#2927,.F.);
#2927 = EDGE_CURVE('',#2928,#2920,#2930,.T.);
#2928 = VERTEX_POINT('',#2929);
#2929 = CARTESIAN_POINT('',(186.133,-59.87,0.));
#2930 = LINE('',#2931,#2932);
#2931 = CARTESIAN_POINT('',(186.133,-59.87,0.));
#2932 = VECTOR('',#2933,1.);
#2933 = DIRECTION('',(0.737198168389,-0.675676594625,0.));
#2934 = ORIENTED_EDGE('',*,*,#2935,.F.);
#2935 = EDGE_CURVE('',#2936,#2928,#2938,.T.);
#2936 = VERTEX_POINT('',#2937);
#2937 = CARTESIAN_POINT('',(185.427,-59.246,0.));
#2938 = LINE('',#2939,#2940);
#2939 = CARTESIAN_POINT('',(185.427,-59.246,0.));
#2940 = VECTOR('',#2941,1.);
#2941 = DIRECTION('',(0.749280095245,-0.662253228659,0.));
#2942 = ORIENTED_EDGE('',*,*,#2943,.F.);
#2943 = EDGE_CURVE('',#2944,#2936,#2946,.T.);
#2944 = VERTEX_POINT('',#2945);
#2945 = CARTESIAN_POINT('',(184.711,-58.634,0.));
#2946 = LINE('',#2947,#2948);
#2947 = CARTESIAN_POINT('',(184.711,-58.634,0.));
#2948 = VECTOR('',#2949,1.);
#2949 = DIRECTION('',(0.760155173756,-0.649741573098,0.));
#2950 = ORIENTED_EDGE('',*,*,#2951,.F.);
#2951 = EDGE_CURVE('',#2952,#2944,#2954,.T.);
#2952 = VERTEX_POINT('',#2953);
#2953 = CARTESIAN_POINT('',(183.983,-58.034,0.));
#2954 = LINE('',#2955,#2956);
#2955 = CARTESIAN_POINT('',(183.983,-58.034,0.));
#2956 = VECTOR('',#2957,1.);
#2957 = DIRECTION('',(0.771685393174,-0.636004444923,0.));
#2958 = ORIENTED_EDGE('',*,*,#2959,.F.);
#2959 = EDGE_CURVE('',#2960,#2952,#2962,.T.);
#2960 = VERTEX_POINT('',#2961);
#2961 = CARTESIAN_POINT('',(183.246,-57.447,0.));
#2962 = LINE('',#2963,#2964);
#2963 = CARTESIAN_POINT('',(183.246,-57.447,0.));
#2964 = VECTOR('',#2965,1.);
#2965 = DIRECTION('',(0.782213095821,-0.623010973198,0.));
#2966 = ORIENTED_EDGE('',*,*,#2967,.F.);
#2967 = EDGE_CURVE('',#2968,#2960,#2970,.T.);
#2968 = VERTEX_POINT('',#2969);
#2969 = CARTESIAN_POINT('',(182.498,-56.874,0.));
#2970 = LINE('',#2971,#2972);
#2971 = CARTESIAN_POINT('',(182.498,-56.874,0.));
#2972 = VECTOR('',#2973,1.);
#2973 = DIRECTION('',(0.793845443172,-0.608119570772,0.));
#2974 = ORIENTED_EDGE('',*,*,#2975,.F.);
#2975 = EDGE_CURVE('',#2976,#2968,#2978,.T.);
#2976 = VERTEX_POINT('',#2977);
#2977 = CARTESIAN_POINT('',(181.74,-56.313,0.));
#2978 = LINE('',#2979,#2980);
#2979 = CARTESIAN_POINT('',(181.74,-56.313,0.));
#2980 = VECTOR('',#2981,1.);
#2981 = DIRECTION('',(0.803801333173,-0.594897820462,0.));
#2982 = ORIENTED_EDGE('',*,*,#2983,.F.);
#2983 = EDGE_CURVE('',#2984,#2976,#2986,.T.);
#2984 = VERTEX_POINT('',#2985);
#2985 = CARTESIAN_POINT('',(180.973,-55.766,0.));
#2986 = LINE('',#2987,#2988);
#2987 = CARTESIAN_POINT('',(180.973,-55.766,0.));
#2988 = VECTOR('',#2989,1.);
#2989 = DIRECTION('',(0.814163582362,-0.580635566561,0.));
#2990 = ORIENTED_EDGE('',*,*,#2991,.F.);
#2991 = EDGE_CURVE('',#120,#2984,#2992,.T.);
#2992 = LINE('',#2993,#2994);
#2993 = CARTESIAN_POINT('',(180.196,-55.232,0.));
#2994 = VECTOR('',#2995,1.);
#2995 = DIRECTION('',(0.82413475627,-0.566393770718,0.));
#2996 = ORIENTED_EDGE('',*,*,#127,.F.);
#2997 = FACE_BOUND('',#2998,.F.);
#2998 = EDGE_LOOP('',(#2999));
#2999 = ORIENTED_EDGE('',*,*,#3000,.T.);
#3000 = EDGE_CURVE('',#3001,#3001,#3003,.T.);
#3001 = VERTEX_POINT('',#3002);
#3002 = CARTESIAN_POINT('',(123.,-142.6,0.));
#3003 = CIRCLE('',#3004,1.6);
#3004 = AXIS2_PLACEMENT_3D('',#3005,#3006,#3007);
#3005 = CARTESIAN_POINT('',(123.,-141.,0.));
#3006 = DIRECTION('',(-0.,0.,-1.));
#3007 = DIRECTION('',(-0.,-1.,0.));
#3008 = FACE_BOUND('',#3009,.F.);
#3009 = EDGE_LOOP('',(#3010));
#3010 = ORIENTED_EDGE('',*,*,#3011,.T.);
#3011 = EDGE_CURVE('',#3012,#3012,#3014,.T.);
#3012 = VERTEX_POINT('',#3013);
#3013 = CARTESIAN_POINT('',(141.1,-123.36,0.));
#3014 = CIRCLE('',#3015,0.5);
#3015 = AXIS2_PLACEMENT_3D('',#3016,#3017,#3018);
#3016 = CARTESIAN_POINT('',(141.1,-122.86,0.));
#3017 = DIRECTION('',(-0.,0.,-1.));
#3018 = DIRECTION('',(-0.,-1.,0.));
#3019 = FACE_BOUND('',#3020,.F.);
#3020 = EDGE_LOOP('',(#3021));
#3021 = ORIENTED_EDGE('',*,*,#3022,.T.);
#3022 = EDGE_CURVE('',#3023,#3023,#3025,.T.);
#3023 = VERTEX_POINT('',#3024);
#3024 = CARTESIAN_POINT('',(126.5,-109.544,0.));
#3025 = CIRCLE('',#3026,0.375);
#3026 = AXIS2_PLACEMENT_3D('',#3027,#3028,#3029);
#3027 = CARTESIAN_POINT('',(126.5,-109.169,0.));
#3028 = DIRECTION('',(-0.,0.,-1.));
#3029 = DIRECTION('',(-0.,-1.,0.));
#3030 = FACE_BOUND('',#3031,.F.);
#3031 = EDGE_LOOP('',(#3032));
#3032 = ORIENTED_EDGE('',*,*,#3033,.T.);
#3033 = EDGE_CURVE('',#3034,#3034,#3036,.T.);
#3034 = VERTEX_POINT('',#3035);
#3035 = CARTESIAN_POINT('',(141.1,-120.82,0.));
#3036 = CIRCLE('',#3037,0.5);
#3037 = AXIS2_PLACEMENT_3D('',#3038,#3039,#3040);
#3038 = CARTESIAN_POINT('',(141.1,-120.32,0.));
#3039 = DIRECTION('',(-0.,0.,-1.));
#3040 = DIRECTION('',(-0.,-1.,0.));
#3041 = FACE_BOUND('',#3042,.F.);
#3042 = EDGE_LOOP('',(#3043));
#3043 = ORIENTED_EDGE('',*,*,#3044,.T.);
#3044 = EDGE_CURVE('',#3045,#3045,#3047,.T.);
#3045 = VERTEX_POINT('',#3046);
#3046 = CARTESIAN_POINT('',(141.1,-118.28,0.));
#3047 = CIRCLE('',#3048,0.5);
#3048 = AXIS2_PLACEMENT_3D('',#3049,#3050,#3051);
#3049 = CARTESIAN_POINT('',(141.1,-117.78,0.));
#3050 = DIRECTION('',(-0.,0.,-1.));
#3051 = DIRECTION('',(-0.,-1.,0.));
#3052 = FACE_BOUND('',#3053,.F.);
#3053 = EDGE_LOOP('',(#3054));
#3054 = ORIENTED_EDGE('',*,*,#3055,.T.);
#3055 = EDGE_CURVE('',#3056,#3056,#3058,.T.);
#3056 = VERTEX_POINT('',#3057);
#3057 = CARTESIAN_POINT('',(141.1,-115.74,0.));
#3058 = CIRCLE('',#3059,0.5);
#3059 = AXIS2_PLACEMENT_3D('',#3060,#3061,#3062);
#3060 = CARTESIAN_POINT('',(141.1,-115.24,0.));
#3061 = DIRECTION('',(-0.,0.,-1.));
#3062 = DIRECTION('',(-0.,-1.,0.));
#3063 = FACE_BOUND('',#3064,.F.);
#3064 = EDGE_LOOP('',(#3065));
#3065 = ORIENTED_EDGE('',*,*,#3066,.T.);
#3066 = EDGE_CURVE('',#3067,#3067,#3069,.T.);
#3067 = VERTEX_POINT('',#3068);
#3068 = CARTESIAN_POINT('',(141.1,-113.2,0.));
#3069 = CIRCLE('',#3070,0.5);
#3070 = AXIS2_PLACEMENT_3D('',#3071,#3072,#3073);
#3071 = CARTESIAN_POINT('',(141.1,-112.7,0.));
#3072 = DIRECTION('',(-0.,0.,-1.));
#3073 = DIRECTION('',(-0.,-1.,0.));
#3074 = FACE_BOUND('',#3075,.F.);
#3075 = EDGE_LOOP('',(#3076));
#3076 = ORIENTED_EDGE('',*,*,#3077,.T.);
#3077 = EDGE_CURVE('',#3078,#3078,#3080,.T.);
#3078 = VERTEX_POINT('',#3079);
#3079 = CARTESIAN_POINT('',(128.5,-109.544,0.));
#3080 = CIRCLE('',#3081,0.375);
#3081 = AXIS2_PLACEMENT_3D('',#3082,#3083,#3084);
#3082 = CARTESIAN_POINT('',(128.5,-109.169,0.));
#3083 = DIRECTION('',(-0.,0.,-1.));
#3084 = DIRECTION('',(-0.,-1.,0.));
#3085 = FACE_BOUND('',#3086,.F.);
#3086 = EDGE_LOOP('',(#3087));
#3087 = ORIENTED_EDGE('',*,*,#3088,.T.);
#3088 = EDGE_CURVE('',#3089,#3089,#3091,.T.);
#3089 = VERTEX_POINT('',#3090);
#3090 = CARTESIAN_POINT('',(141.1,-110.66,0.));
#3091 = CIRCLE('',#3092,0.5);
#3092 = AXIS2_PLACEMENT_3D('',#3093,#3094,#3095);
#3093 = CARTESIAN_POINT('',(141.1,-110.16,0.));
#3094 = DIRECTION('',(-0.,0.,-1.));
#3095 = DIRECTION('',(-0.,-1.,0.));
#3096 = FACE_BOUND('',#3097,.F.);
#3097 = EDGE_LOOP('',(#3098));
#3098 = ORIENTED_EDGE('',*,*,#3099,.T.);
#3099 = EDGE_CURVE('',#3100,#3100,#3102,.T.);
#3100 = VERTEX_POINT('',#3101);
#3101 = CARTESIAN_POINT('',(141.1,-108.12,0.));
#3102 = CIRCLE('',#3103,0.5);
#3103 = AXIS2_PLACEMENT_3D('',#3104,#3105,#3106);
#3104 = CARTESIAN_POINT('',(141.1,-107.62,0.));
#3105 = DIRECTION('',(-0.,0.,-1.));
#3106 = DIRECTION('',(-0.,-1.,0.));
#3107 = FACE_BOUND('',#3108,.F.);
#3108 = EDGE_LOOP('',(#3109));
#3109 = ORIENTED_EDGE('',*,*,#3110,.T.);
#3110 = EDGE_CURVE('',#3111,#3111,#3113,.T.);
#3111 = VERTEX_POINT('',#3112);
#3112 = CARTESIAN_POINT('',(141.1,-105.58,0.));
#3113 = CIRCLE('',#3114,0.5);
#3114 = AXIS2_PLACEMENT_3D('',#3115,#3116,#3117);
#3115 = CARTESIAN_POINT('',(141.1,-105.08,0.));
#3116 = DIRECTION('',(-0.,0.,-1.));
#3117 = DIRECTION('',(-0.,-1.,0.));
#3118 = FACE_BOUND('',#3119,.F.);
#3119 = EDGE_LOOP('',(#3120));
#3120 = ORIENTED_EDGE('',*,*,#3121,.T.);
#3121 = EDGE_CURVE('',#3122,#3122,#3124,.T.);
#3122 = VERTEX_POINT('',#3123);
#3123 = CARTESIAN_POINT('',(141.1,-103.04,0.));
#3124 = CIRCLE('',#3125,0.5);
#3125 = AXIS2_PLACEMENT_3D('',#3126,#3127,#3128);
#3126 = CARTESIAN_POINT('',(141.1,-102.54,0.));
#3127 = DIRECTION('',(-0.,0.,-1.));
#3128 = DIRECTION('',(-0.,-1.,0.));
#3129 = FACE_BOUND('',#3130,.F.);
#3130 = EDGE_LOOP('',(#3131));
#3131 = ORIENTED_EDGE('',*,*,#3132,.T.);
#3132 = EDGE_CURVE('',#3133,#3133,#3135,.T.);
#3133 = VERTEX_POINT('',#3134);
#3134 = CARTESIAN_POINT('',(141.1,-100.5,0.));
#3135 = CIRCLE('',#3136,0.5);
#3136 = AXIS2_PLACEMENT_3D('',#3137,#3138,#3139);
#3137 = CARTESIAN_POINT('',(141.1,-100.,0.));
#3138 = DIRECTION('',(-0.,0.,-1.));
#3139 = DIRECTION('',(-0.,-1.,0.));
#3140 = FACE_BOUND('',#3141,.F.);
#3141 = EDGE_LOOP('',(#3142));
#3142 = ORIENTED_EDGE('',*,*,#3143,.T.);
#3143 = EDGE_CURVE('',#3144,#3144,#3146,.T.);
#3144 = VERTEX_POINT('',#3145);
#3145 = CARTESIAN_POINT('',(158.9,-123.36,0.));
#3146 = CIRCLE('',#3147,0.5);
#3147 = AXIS2_PLACEMENT_3D('',#3148,#3149,#3150);
#3148 = CARTESIAN_POINT('',(158.9,-122.86,0.));
#3149 = DIRECTION('',(-0.,0.,-1.));
#3150 = DIRECTION('',(-0.,-1.,0.));
#3151 = FACE_BOUND('',#3152,.F.);
#3152 = EDGE_LOOP('',(#3153));
#3153 = ORIENTED_EDGE('',*,*,#3154,.T.);
#3154 = EDGE_CURVE('',#3155,#3155,#3157,.T.);
#3155 = VERTEX_POINT('',#3156);
#3156 = CARTESIAN_POINT('',(170.,-140.6,0.));
#3157 = CIRCLE('',#3158,1.1);
#3158 = AXIS2_PLACEMENT_3D('',#3159,#3160,#3161);
#3159 = CARTESIAN_POINT('',(170.,-139.5,0.));
#3160 = DIRECTION('',(-0.,0.,-1.));
#3161 = DIRECTION('',(-0.,-1.,0.));
#3162 = FACE_BOUND('',#3163,.F.);
#3163 = EDGE_LOOP('',(#3164));
#3164 = ORIENTED_EDGE('',*,*,#3165,.T.);
#3165 = EDGE_CURVE('',#3166,#3166,#3168,.T.);
#3166 = VERTEX_POINT('',#3167);
#3167 = CARTESIAN_POINT('',(177.,-142.6,0.));
#3168 = CIRCLE('',#3169,1.6);
#3169 = AXIS2_PLACEMENT_3D('',#3170,#3171,#3172);
#3170 = CARTESIAN_POINT('',(177.,-141.,0.));
#3171 = DIRECTION('',(-0.,0.,-1.));
#3172 = DIRECTION('',(-0.,-1.,0.));
#3173 = FACE_BOUND('',#3174,.F.);
#3174 = EDGE_LOOP('',(#3175));
#3175 = ORIENTED_EDGE('',*,*,#3176,.T.);
#3176 = EDGE_CURVE('',#3177,#3177,#3179,.T.);
#3177 = VERTEX_POINT('',#3178);
#3178 = CARTESIAN_POINT('',(158.9,-120.82,0.));
#3179 = CIRCLE('',#3180,0.5);
#3180 = AXIS2_PLACEMENT_3D('',#3181,#3182,#3183);
#3181 = CARTESIAN_POINT('',(158.9,-120.32,0.));
#3182 = DIRECTION('',(-0.,0.,-1.));
#3183 = DIRECTION('',(-0.,-1.,0.));
#3184 = FACE_BOUND('',#3185,.F.);
#3185 = EDGE_LOOP('',(#3186));
#3186 = ORIENTED_EDGE('',*,*,#3187,.T.);
#3187 = EDGE_CURVE('',#3188,#3188,#3190,.T.);
#3188 = VERTEX_POINT('',#3189);
#3189 = CARTESIAN_POINT('',(158.9,-118.28,0.));
#3190 = CIRCLE('',#3191,0.5);
#3191 = AXIS2_PLACEMENT_3D('',#3192,#3193,#3194);
#3192 = CARTESIAN_POINT('',(158.9,-117.78,0.));
#3193 = DIRECTION('',(-0.,0.,-1.));
#3194 = DIRECTION('',(-0.,-1.,0.));
#3195 = FACE_BOUND('',#3196,.F.);
#3196 = EDGE_LOOP('',(#3197));
#3197 = ORIENTED_EDGE('',*,*,#3198,.T.);
#3198 = EDGE_CURVE('',#3199,#3199,#3201,.T.);
#3199 = VERTEX_POINT('',#3200);
#3200 = CARTESIAN_POINT('',(158.9,-115.74,0.));
#3201 = CIRCLE('',#3202,0.5);
#3202 = AXIS2_PLACEMENT_3D('',#3203,#3204,#3205);
#3203 = CARTESIAN_POINT('',(158.9,-115.24,0.));
#3204 = DIRECTION('',(-0.,0.,-1.));
#3205 = DIRECTION('',(-0.,-1.,0.));
#3206 = FACE_BOUND('',#3207,.F.);
#3207 = EDGE_LOOP('',(#3208));
#3208 = ORIENTED_EDGE('',*,*,#3209,.T.);
#3209 = EDGE_CURVE('',#3210,#3210,#3212,.T.);
#3210 = VERTEX_POINT('',#3211);
#3211 = CARTESIAN_POINT('',(158.9,-113.2,0.));
#3212 = CIRCLE('',#3213,0.5);
#3213 = AXIS2_PLACEMENT_3D('',#3214,#3215,#3216);
#3214 = CARTESIAN_POINT('',(158.9,-112.7,0.));
#3215 = DIRECTION('',(-0.,0.,-1.));
#3216 = DIRECTION('',(-0.,-1.,0.));
#3217 = FACE_BOUND('',#3218,.F.);
#3218 = EDGE_LOOP('',(#3219,#3229,#3237,#3245));
#3219 = ORIENTED_EDGE('',*,*,#3220,.F.);
#3220 = EDGE_CURVE('',#3221,#3223,#3225,.T.);
#3221 = VERTEX_POINT('',#3222);
#3222 = CARTESIAN_POINT('',(142.25,-129.5,0.));
#3223 = VERTEX_POINT('',#3224);
#3224 = CARTESIAN_POINT('',(157.75,-129.5,0.));
#3225 = LINE('',#3226,#3227);
#3226 = CARTESIAN_POINT('',(142.25,-129.5,0.));
#3227 = VECTOR('',#3228,1.);
#3228 = DIRECTION('',(1.,0.,0.));
#3229 = ORIENTED_EDGE('',*,*,#3230,.F.);
#3230 = EDGE_CURVE('',#3231,#3221,#3233,.T.);
#3231 = VERTEX_POINT('',#3232);
#3232 = CARTESIAN_POINT('',(142.25,-70.5,0.));
#3233 = LINE('',#3234,#3235);
#3234 = CARTESIAN_POINT('',(142.25,-70.5,0.));
#3235 = VECTOR('',#3236,1.);
#3236 = DIRECTION('',(0.,-1.,0.));
#3237 = ORIENTED_EDGE('',*,*,#3238,.F.);
#3238 = EDGE_CURVE('',#3239,#3231,#3241,.T.);
#3239 = VERTEX_POINT('',#3240);
#3240 = CARTESIAN_POINT('',(157.75,-70.5,0.));
#3241 = LINE('',#3242,#3243);
#3242 = CARTESIAN_POINT('',(157.75,-70.5,0.));
#3243 = VECTOR('',#3244,1.);
#3244 = DIRECTION('',(-1.,0.,0.));
#3245 = ORIENTED_EDGE('',*,*,#3246,.F.);
#3246 = EDGE_CURVE('',#3223,#3239,#3247,.T.);
#3247 = LINE('',#3248,#3249);
#3248 = CARTESIAN_POINT('',(157.75,-129.5,0.));
#3249 = VECTOR('',#3250,1.);
#3250 = DIRECTION('',(0.,1.,0.));
#3251 = FACE_BOUND('',#3252,.F.);
#3252 = EDGE_LOOP('',(#3253));
#3253 = ORIENTED_EDGE('',*,*,#3254,.T.);
#3254 = EDGE_CURVE('',#3255,#3255,#3257,.T.);
#3255 = VERTEX_POINT('',#3256);
#3256 = CARTESIAN_POINT('',(158.9,-110.66,0.));
#3257 = CIRCLE('',#3258,0.5);
#3258 = AXIS2_PLACEMENT_3D('',#3259,#3260,#3261);
#3259 = CARTESIAN_POINT('',(158.9,-110.16,0.));
#3260 = DIRECTION('',(-0.,0.,-1.));
#3261 = DIRECTION('',(-0.,-1.,0.));
#3262 = FACE_BOUND('',#3263,.F.);
#3263 = EDGE_LOOP('',(#3264));
#3264 = ORIENTED_EDGE('',*,*,#3265,.T.);
#3265 = EDGE_CURVE('',#3266,#3266,#3268,.T.);
#3266 = VERTEX_POINT('',#3267);
#3267 = CARTESIAN_POINT('',(158.9,-108.12,0.));
#3268 = CIRCLE('',#3269,0.5);
#3269 = AXIS2_PLACEMENT_3D('',#3270,#3271,#3272);
#3270 = CARTESIAN_POINT('',(158.9,-107.62,0.));
#3271 = DIRECTION('',(-0.,0.,-1.));
#3272 = DIRECTION('',(-0.,-1.,0.));
#3273 = FACE_BOUND('',#3274,.F.);
#3274 = EDGE_LOOP('',(#3275));
#3275 = ORIENTED_EDGE('',*,*,#3276,.T.);
#3276 = EDGE_CURVE('',#3277,#3277,#3279,.T.);
#3277 = VERTEX_POINT('',#3278);
#3278 = CARTESIAN_POINT('',(158.9,-105.58,0.));
#3279 = CIRCLE('',#3280,0.5);
#3280 = AXIS2_PLACEMENT_3D('',#3281,#3282,#3283);
#3281 = CARTESIAN_POINT('',(158.9,-105.08,0.));
#3282 = DIRECTION('',(-0.,0.,-1.));
#3283 = DIRECTION('',(-0.,-1.,0.));
#3284 = FACE_BOUND('',#3285,.F.);
#3285 = EDGE_LOOP('',(#3286));
#3286 = ORIENTED_EDGE('',*,*,#3287,.T.);
#3287 = EDGE_CURVE('',#3288,#3288,#3290,.T.);
#3288 = VERTEX_POINT('',#3289);
#3289 = CARTESIAN_POINT('',(158.9,-103.04,0.));
#3290 = CIRCLE('',#3291,0.5);
#3291 = AXIS2_PLACEMENT_3D('',#3292,#3293,#3294);
#3292 = CARTESIAN_POINT('',(158.9,-102.54,0.));
#3293 = DIRECTION('',(-0.,0.,-1.));
#3294 = DIRECTION('',(-0.,-1.,0.));
#3295 = FACE_BOUND('',#3296,.F.);
#3296 = EDGE_LOOP('',(#3297));
#3297 = ORIENTED_EDGE('',*,*,#3298,.T.);
#3298 = EDGE_CURVE('',#3299,#3299,#3301,.T.);
#3299 = VERTEX_POINT('',#3300);
#3300 = CARTESIAN_POINT('',(158.9,-100.5,0.));
#3301 = CIRCLE('',#3302,0.5);
#3302 = AXIS2_PLACEMENT_3D('',#3303,#3304,#3305);
#3303 = CARTESIAN_POINT('',(158.9,-100.,0.));
#3304 = DIRECTION('',(-0.,0.,-1.));
#3305 = DIRECTION('',(-0.,-1.,0.));
#3306 = FACE_BOUND('',#3307,.F.);
#3307 = EDGE_LOOP('',(#3308));
#3308 = ORIENTED_EDGE('',*,*,#3309,.T.);
#3309 = EDGE_CURVE('',#3310,#3310,#3312,.T.);
#3310 = VERTEX_POINT('',#3311);
#3311 = CARTESIAN_POINT('',(163.31,-108.903,0.));
#3312 = CIRCLE('',#3313,0.5);
#3313 = AXIS2_PLACEMENT_3D('',#3314,#3315,#3316);
#3314 = CARTESIAN_POINT('',(163.31,-108.403,0.));
#3315 = DIRECTION('',(-0.,0.,-1.));
#3316 = DIRECTION('',(-0.,-1.,0.));
#3317 = FACE_BOUND('',#3318,.F.);
#3318 = EDGE_LOOP('',(#3319));
#3319 = ORIENTED_EDGE('',*,*,#3320,.T.);
#3320 = EDGE_CURVE('',#3321,#3321,#3323,.T.);
#3321 = VERTEX_POINT('',#3322);
#3322 = CARTESIAN_POINT('',(163.31,-106.363,0.));
#3323 = CIRCLE('',#3324,0.5);
#3324 = AXIS2_PLACEMENT_3D('',#3325,#3326,#3327);
#3325 = CARTESIAN_POINT('',(163.31,-105.863,0.));
#3326 = DIRECTION('',(-0.,0.,-1.));
#3327 = DIRECTION('',(-0.,-1.,0.));
#3328 = FACE_BOUND('',#3329,.F.);
#3329 = EDGE_LOOP('',(#3330));
#3330 = ORIENTED_EDGE('',*,*,#3331,.T.);
#3331 = EDGE_CURVE('',#3332,#3332,#3334,.T.);
#3332 = VERTEX_POINT('',#3333);
#3333 = CARTESIAN_POINT('',(163.31,-103.823,0.));
#3334 = CIRCLE('',#3335,0.5);
#3335 = AXIS2_PLACEMENT_3D('',#3336,#3337,#3338);
#3336 = CARTESIAN_POINT('',(163.31,-103.323,0.));
#3337 = DIRECTION('',(-0.,0.,-1.));
#3338 = DIRECTION('',(-0.,-1.,0.));
#3339 = FACE_BOUND('',#3340,.F.);
#3340 = EDGE_LOOP('',(#3341));
#3341 = ORIENTED_EDGE('',*,*,#3342,.T.);
#3342 = EDGE_CURVE('',#3343,#3343,#3345,.T.);
#3343 = VERTEX_POINT('',#3344);
#3344 = CARTESIAN_POINT('',(163.31,-101.283,0.));
#3345 = CIRCLE('',#3346,0.5);
#3346 = AXIS2_PLACEMENT_3D('',#3347,#3348,#3349);
#3347 = CARTESIAN_POINT('',(163.31,-100.783,0.));
#3348 = DIRECTION('',(-0.,0.,-1.));
#3349 = DIRECTION('',(-0.,-1.,0.));
#3350 = FACE_BOUND('',#3351,.F.);
#3351 = EDGE_LOOP('',(#3352));
#3352 = ORIENTED_EDGE('',*,*,#3353,.T.);
#3353 = EDGE_CURVE('',#3354,#3354,#3356,.T.);
#3354 = VERTEX_POINT('',#3355);
#3355 = CARTESIAN_POINT('',(110.2175,-84.918,0.));
#3356 = CIRCLE('',#3357,0.5);
#3357 = AXIS2_PLACEMENT_3D('',#3358,#3359,#3360);
#3358 = CARTESIAN_POINT('',(110.2175,-84.418,0.));
#3359 = DIRECTION('',(-0.,0.,-1.));
#3360 = DIRECTION('',(-0.,-1.,0.));
#3361 = FACE_BOUND('',#3362,.F.);
#3362 = EDGE_LOOP('',(#3363));
#3363 = ORIENTED_EDGE('',*,*,#3364,.T.);
#3364 = EDGE_CURVE('',#3365,#3365,#3367,.T.);
#3365 = VERTEX_POINT('',#3366);
#3366 = CARTESIAN_POINT('',(115.6475,-84.918,0.));
#3367 = CIRCLE('',#3368,0.5);
#3368 = AXIS2_PLACEMENT_3D('',#3369,#3370,#3371);
#3369 = CARTESIAN_POINT('',(115.6475,-84.418,0.));
#3370 = DIRECTION('',(-0.,0.,-1.));
#3371 = DIRECTION('',(-0.,-1.,0.));
#3372 = FACE_BOUND('',#3373,.F.);
#3373 = EDGE_LOOP('',(#3374));
#3374 = ORIENTED_EDGE('',*,*,#3375,.T.);
#3375 = EDGE_CURVE('',#3376,#3376,#3378,.T.);
#3376 = VERTEX_POINT('',#3377);
#3377 = CARTESIAN_POINT('',(110.2175,-82.378,0.));
#3378 = CIRCLE('',#3379,0.5);
#3379 = AXIS2_PLACEMENT_3D('',#3380,#3381,#3382);
#3380 = CARTESIAN_POINT('',(110.2175,-81.878,0.));
#3381 = DIRECTION('',(-0.,0.,-1.));
#3382 = DIRECTION('',(-0.,-1.,0.));
#3383 = FACE_BOUND('',#3384,.F.);
#3384 = EDGE_LOOP('',(#3385));
#3385 = ORIENTED_EDGE('',*,*,#3386,.T.);
#3386 = EDGE_CURVE('',#3387,#3387,#3389,.T.);
#3387 = VERTEX_POINT('',#3388);
#3388 = CARTESIAN_POINT('',(110.2175,-79.838,0.));
#3389 = CIRCLE('',#3390,0.5);
#3390 = AXIS2_PLACEMENT_3D('',#3391,#3392,#3393);
#3391 = CARTESIAN_POINT('',(110.2175,-79.338,0.));
#3392 = DIRECTION('',(-0.,0.,-1.));
#3393 = DIRECTION('',(-0.,-1.,0.));
#3394 = FACE_BOUND('',#3395,.F.);
#3395 = EDGE_LOOP('',(#3396));
#3396 = ORIENTED_EDGE('',*,*,#3397,.T.);
#3397 = EDGE_CURVE('',#3398,#3398,#3400,.T.);
#3398 = VERTEX_POINT('',#3399);
#3399 = CARTESIAN_POINT('',(115.6475,-82.378,0.));
#3400 = CIRCLE('',#3401,0.5);
#3401 = AXIS2_PLACEMENT_3D('',#3402,#3403,#3404);
#3402 = CARTESIAN_POINT('',(115.6475,-81.878,0.));
#3403 = DIRECTION('',(-0.,0.,-1.));
#3404 = DIRECTION('',(-0.,-1.,0.));
#3405 = FACE_BOUND('',#3406,.F.);
#3406 = EDGE_LOOP('',(#3407));
#3407 = ORIENTED_EDGE('',*,*,#3408,.T.);
#3408 = EDGE_CURVE('',#3409,#3409,#3411,.T.);
#3409 = VERTEX_POINT('',#3410);
#3410 = CARTESIAN_POINT('',(115.6475,-79.838,0.));
#3411 = CIRCLE('',#3412,0.5);
#3412 = AXIS2_PLACEMENT_3D('',#3413,#3414,#3415);
#3413 = CARTESIAN_POINT('',(115.6475,-79.338,0.));
#3414 = DIRECTION('',(-0.,0.,-1.));
#3415 = DIRECTION('',(-0.,-1.,0.));
#3416 = FACE_BOUND('',#3417,.F.);
#3417 = EDGE_LOOP('',(#3418));
#3418 = ORIENTED_EDGE('',*,*,#3419,.T.);
#3419 = EDGE_CURVE('',#3420,#3420,#3422,.T.);
#3420 = VERTEX_POINT('',#3421);
#3421 = CARTESIAN_POINT('',(141.1,-97.96,0.));
#3422 = CIRCLE('',#3423,0.5);
#3423 = AXIS2_PLACEMENT_3D('',#3424,#3425,#3426);
#3424 = CARTESIAN_POINT('',(141.1,-97.46,0.));
#3425 = DIRECTION('',(-0.,0.,-1.));
#3426 = DIRECTION('',(-0.,-1.,0.));
#3427 = FACE_BOUND('',#3428,.F.);
#3428 = EDGE_LOOP('',(#3429));
#3429 = ORIENTED_EDGE('',*,*,#3430,.T.);
#3430 = EDGE_CURVE('',#3431,#3431,#3433,.T.);
#3431 = VERTEX_POINT('',#3432);
#3432 = CARTESIAN_POINT('',(141.1,-95.42,0.));
#3433 = CIRCLE('',#3434,0.5);
#3434 = AXIS2_PLACEMENT_3D('',#3435,#3436,#3437);
#3435 = CARTESIAN_POINT('',(141.1,-94.92,0.));
#3436 = DIRECTION('',(-0.,0.,-1.));
#3437 = DIRECTION('',(-0.,-1.,0.));
#3438 = FACE_BOUND('',#3439,.F.);
#3439 = EDGE_LOOP('',(#3440));
#3440 = ORIENTED_EDGE('',*,*,#3441,.T.);
#3441 = EDGE_CURVE('',#3442,#3442,#3444,.T.);
#3442 = VERTEX_POINT('',#3443);
#3443 = CARTESIAN_POINT('',(141.1,-92.88,0.));
#3444 = CIRCLE('',#3445,0.5);
#3445 = AXIS2_PLACEMENT_3D('',#3446,#3447,#3448);
#3446 = CARTESIAN_POINT('',(141.1,-92.38,0.));
#3447 = DIRECTION('',(-0.,0.,-1.));
#3448 = DIRECTION('',(-0.,-1.,0.));
#3449 = FACE_BOUND('',#3450,.F.);
#3450 = EDGE_LOOP('',(#3451));
#3451 = ORIENTED_EDGE('',*,*,#3452,.T.);
#3452 = EDGE_CURVE('',#3453,#3453,#3455,.T.);
#3453 = VERTEX_POINT('',#3454);
#3454 = CARTESIAN_POINT('',(141.1,-90.34,0.));
#3455 = CIRCLE('',#3456,0.5);
#3456 = AXIS2_PLACEMENT_3D('',#3457,#3458,#3459);
#3457 = CARTESIAN_POINT('',(141.1,-89.84,0.));
#3458 = DIRECTION('',(-0.,0.,-1.));
#3459 = DIRECTION('',(-0.,-1.,0.));
#3460 = FACE_BOUND('',#3461,.F.);
#3461 = EDGE_LOOP('',(#3462));
#3462 = ORIENTED_EDGE('',*,*,#3463,.T.);
#3463 = EDGE_CURVE('',#3464,#3464,#3466,.T.);
#3464 = VERTEX_POINT('',#3465);
#3465 = CARTESIAN_POINT('',(141.1,-87.8,0.));
#3466 = CIRCLE('',#3467,0.5);
#3467 = AXIS2_PLACEMENT_3D('',#3468,#3469,#3470);
#3468 = CARTESIAN_POINT('',(141.1,-87.3,0.));
#3469 = DIRECTION('',(-0.,0.,-1.));
#3470 = DIRECTION('',(-0.,-1.,0.));
#3471 = FACE_BOUND('',#3472,.F.);
#3472 = EDGE_LOOP('',(#3473));
#3473 = ORIENTED_EDGE('',*,*,#3474,.T.);
#3474 = EDGE_CURVE('',#3475,#3475,#3477,.T.);
#3475 = VERTEX_POINT('',#3476);
#3476 = CARTESIAN_POINT('',(141.1,-85.26,0.));
#3477 = CIRCLE('',#3478,0.5);
#3478 = AXIS2_PLACEMENT_3D('',#3479,#3480,#3481);
#3479 = CARTESIAN_POINT('',(141.1,-84.76,0.));
#3480 = DIRECTION('',(-0.,0.,-1.));
#3481 = DIRECTION('',(-0.,-1.,0.));
#3482 = FACE_BOUND('',#3483,.F.);
#3483 = EDGE_LOOP('',(#3484));
#3484 = ORIENTED_EDGE('',*,*,#3485,.T.);
#3485 = EDGE_CURVE('',#3486,#3486,#3488,.T.);
#3486 = VERTEX_POINT('',#3487);
#3487 = CARTESIAN_POINT('',(141.1,-82.72,0.));
#3488 = CIRCLE('',#3489,0.5);
#3489 = AXIS2_PLACEMENT_3D('',#3490,#3491,#3492);
#3490 = CARTESIAN_POINT('',(141.1,-82.22,0.));
#3491 = DIRECTION('',(-0.,0.,-1.));
#3492 = DIRECTION('',(-0.,-1.,0.));
#3493 = FACE_BOUND('',#3494,.F.);
#3494 = EDGE_LOOP('',(#3495));
#3495 = ORIENTED_EDGE('',*,*,#3496,.T.);
#3496 = EDGE_CURVE('',#3497,#3497,#3499,.T.);
#3497 = VERTEX_POINT('',#3498);
#3498 = CARTESIAN_POINT('',(141.1,-80.18,0.));
#3499 = CIRCLE('',#3500,0.5);
#3500 = AXIS2_PLACEMENT_3D('',#3501,#3502,#3503);
#3501 = CARTESIAN_POINT('',(141.1,-79.68,0.));
#3502 = DIRECTION('',(-0.,0.,-1.));
#3503 = DIRECTION('',(-0.,-1.,0.));
#3504 = FACE_BOUND('',#3505,.F.);
#3505 = EDGE_LOOP('',(#3506));
#3506 = ORIENTED_EDGE('',*,*,#3507,.T.);
#3507 = EDGE_CURVE('',#3508,#3508,#3510,.T.);
#3508 = VERTEX_POINT('',#3509);
#3509 = CARTESIAN_POINT('',(110.2175,-77.298,0.));
#3510 = CIRCLE('',#3511,0.5);
#3511 = AXIS2_PLACEMENT_3D('',#3512,#3513,#3514);
#3512 = CARTESIAN_POINT('',(110.2175,-76.798,0.));
#3513 = DIRECTION('',(-0.,0.,-1.));
#3514 = DIRECTION('',(-0.,-1.,0.));
#3515 = FACE_BOUND('',#3516,.F.);
#3516 = EDGE_LOOP('',(#3517));
#3517 = ORIENTED_EDGE('',*,*,#3518,.T.);
#3518 = EDGE_CURVE('',#3519,#3519,#3521,.T.);
#3519 = VERTEX_POINT('',#3520);
#3520 = CARTESIAN_POINT('',(110.2175,-74.758,0.));
#3521 = CIRCLE('',#3522,0.5);
#3522 = AXIS2_PLACEMENT_3D('',#3523,#3524,#3525);
#3523 = CARTESIAN_POINT('',(110.2175,-74.258,0.));
#3524 = DIRECTION('',(-0.,0.,-1.));
#3525 = DIRECTION('',(-0.,-1.,0.));
#3526 = FACE_BOUND('',#3527,.F.);
#3527 = EDGE_LOOP('',(#3528));
#3528 = ORIENTED_EDGE('',*,*,#3529,.T.);
#3529 = EDGE_CURVE('',#3530,#3530,#3532,.T.);
#3530 = VERTEX_POINT('',#3531);
#3531 = CARTESIAN_POINT('',(115.6475,-77.298,0.));
#3532 = CIRCLE('',#3533,0.5);
#3533 = AXIS2_PLACEMENT_3D('',#3534,#3535,#3536);
#3534 = CARTESIAN_POINT('',(115.6475,-76.798,0.));
#3535 = DIRECTION('',(-0.,0.,-1.));
#3536 = DIRECTION('',(-0.,-1.,0.));
#3537 = FACE_BOUND('',#3538,.F.);
#3538 = EDGE_LOOP('',(#3539));
#3539 = ORIENTED_EDGE('',*,*,#3540,.T.);
#3540 = EDGE_CURVE('',#3541,#3541,#3543,.T.);
#3541 = VERTEX_POINT('',#3542);
#3542 = CARTESIAN_POINT('',(115.6475,-74.758,0.));
#3543 = CIRCLE('',#3544,0.5);
#3544 = AXIS2_PLACEMENT_3D('',#3545,#3546,#3547);
#3545 = CARTESIAN_POINT('',(115.6475,-74.258,0.));
#3546 = DIRECTION('',(-0.,0.,-1.));
#3547 = DIRECTION('',(-0.,-1.,0.));
#3548 = FACE_BOUND('',#3549,.F.);
#3549 = EDGE_LOOP('',(#3550));
#3550 = ORIENTED_EDGE('',*,*,#3551,.T.);
#3551 = EDGE_CURVE('',#3552,#3552,#3554,.T.);
#3552 = VERTEX_POINT('',#3553);
#3553 = CARTESIAN_POINT('',(110.2175,-72.218,0.));
#3554 = CIRCLE('',#3555,0.5);
#3555 = AXIS2_PLACEMENT_3D('',#3556,#3557,#3558);
#3556 = CARTESIAN_POINT('',(110.2175,-71.718,0.));
#3557 = DIRECTION('',(-0.,0.,-1.));
#3558 = DIRECTION('',(-0.,-1.,0.));
#3559 = FACE_BOUND('',#3560,.F.);
#3560 = EDGE_LOOP('',(#3561));
#3561 = ORIENTED_EDGE('',*,*,#3562,.T.);
#3562 = EDGE_CURVE('',#3563,#3563,#3565,.T.);
#3563 = VERTEX_POINT('',#3564);
#3564 = CARTESIAN_POINT('',(115.6475,-72.218,0.));
#3565 = CIRCLE('',#3566,0.5);
#3566 = AXIS2_PLACEMENT_3D('',#3567,#3568,#3569);
#3567 = CARTESIAN_POINT('',(115.6475,-71.718,0.));
#3568 = DIRECTION('',(-0.,0.,-1.));
#3569 = DIRECTION('',(-0.,-1.,0.));
#3570 = FACE_BOUND('',#3571,.F.);
#3571 = EDGE_LOOP('',(#3572));
#3572 = ORIENTED_EDGE('',*,*,#3573,.T.);
#3573 = EDGE_CURVE('',#3574,#3574,#3576,.T.);
#3574 = VERTEX_POINT('',#3575);
#3575 = CARTESIAN_POINT('',(123.,-60.6,0.));
#3576 = CIRCLE('',#3577,1.6);
#3577 = AXIS2_PLACEMENT_3D('',#3578,#3579,#3580);
#3578 = CARTESIAN_POINT('',(123.,-59.,0.));
#3579 = DIRECTION('',(-0.,0.,-1.));
#3580 = DIRECTION('',(-0.,-1.,0.));
#3581 = FACE_BOUND('',#3582,.F.);
#3582 = EDGE_LOOP('',(#3583));
#3583 = ORIENTED_EDGE('',*,*,#3584,.T.);
#3584 = EDGE_CURVE('',#3585,#3585,#3587,.T.);
#3585 = VERTEX_POINT('',#3586);
#3586 = CARTESIAN_POINT('',(141.1,-77.64,0.));
#3587 = CIRCLE('',#3588,0.5);
#3588 = AXIS2_PLACEMENT_3D('',#3589,#3590,#3591);
#3589 = CARTESIAN_POINT('',(141.1,-77.14,0.));
#3590 = DIRECTION('',(-0.,0.,-1.));
#3591 = DIRECTION('',(-0.,-1.,0.));
#3592 = FACE_BOUND('',#3593,.F.);
#3593 = EDGE_LOOP('',(#3594));
#3594 = ORIENTED_EDGE('',*,*,#3595,.T.);
#3595 = EDGE_CURVE('',#3596,#3596,#3598,.T.);
#3596 = VERTEX_POINT('',#3597);
#3597 = CARTESIAN_POINT('',(141.1,-75.1,0.));
#3598 = CIRCLE('',#3599,0.5);
#3599 = AXIS2_PLACEMENT_3D('',#3600,#3601,#3602);
#3600 = CARTESIAN_POINT('',(141.1,-74.6,0.));
#3601 = DIRECTION('',(-0.,0.,-1.));
#3602 = DIRECTION('',(-0.,-1.,0.));
#3603 = FACE_BOUND('',#3604,.F.);
#3604 = EDGE_LOOP('',(#3605));
#3605 = ORIENTED_EDGE('',*,*,#3606,.T.);
#3606 = EDGE_CURVE('',#3607,#3607,#3609,.T.);
#3607 = VERTEX_POINT('',#3608);
#3608 = CARTESIAN_POINT('',(130.,-61.6,0.));
#3609 = CIRCLE('',#3610,1.1);
#3610 = AXIS2_PLACEMENT_3D('',#3611,#3612,#3613);
#3611 = CARTESIAN_POINT('',(130.,-60.5,0.));
#3612 = DIRECTION('',(-0.,0.,-1.));
#3613 = DIRECTION('',(-0.,-1.,0.));
#3614 = FACE_BOUND('',#3615,.F.);
#3615 = EDGE_LOOP('',(#3616));
#3616 = ORIENTED_EDGE('',*,*,#3617,.T.);
#3617 = EDGE_CURVE('',#3618,#3618,#3620,.T.);
#3618 = VERTEX_POINT('',#3619);
#3619 = CARTESIAN_POINT('',(158.9,-97.96,0.));
#3620 = CIRCLE('',#3621,0.5);
#3621 = AXIS2_PLACEMENT_3D('',#3622,#3623,#3624);
#3622 = CARTESIAN_POINT('',(158.9,-97.46,0.));
#3623 = DIRECTION('',(-0.,0.,-1.));
#3624 = DIRECTION('',(-0.,-1.,0.));
#3625 = FACE_BOUND('',#3626,.F.);
#3626 = EDGE_LOOP('',(#3627));
#3627 = ORIENTED_EDGE('',*,*,#3628,.T.);
#3628 = EDGE_CURVE('',#3629,#3629,#3631,.T.);
#3629 = VERTEX_POINT('',#3630);
#3630 = CARTESIAN_POINT('',(158.9,-95.42,0.));
#3631 = CIRCLE('',#3632,0.5);
#3632 = AXIS2_PLACEMENT_3D('',#3633,#3634,#3635);
#3633 = CARTESIAN_POINT('',(158.9,-94.92,0.));
#3634 = DIRECTION('',(-0.,0.,-1.));
#3635 = DIRECTION('',(-0.,-1.,0.));
#3636 = FACE_BOUND('',#3637,.F.);
#3637 = EDGE_LOOP('',(#3638));
#3638 = ORIENTED_EDGE('',*,*,#3639,.T.);
#3639 = EDGE_CURVE('',#3640,#3640,#3642,.T.);
#3640 = VERTEX_POINT('',#3641);
#3641 = CARTESIAN_POINT('',(158.9,-92.88,0.));
#3642 = CIRCLE('',#3643,0.5);
#3643 = AXIS2_PLACEMENT_3D('',#3644,#3645,#3646);
#3644 = CARTESIAN_POINT('',(158.9,-92.38,0.));
#3645 = DIRECTION('',(-0.,0.,-1.));
#3646 = DIRECTION('',(-0.,-1.,0.));
#3647 = FACE_BOUND('',#3648,.F.);
#3648 = EDGE_LOOP('',(#3649));
#3649 = ORIENTED_EDGE('',*,*,#3650,.T.);
#3650 = EDGE_CURVE('',#3651,#3651,#3653,.T.);
#3651 = VERTEX_POINT('',#3652);
#3652 = CARTESIAN_POINT('',(158.9,-90.34,0.));
#3653 = CIRCLE('',#3654,0.5);
#3654 = AXIS2_PLACEMENT_3D('',#3655,#3656,#3657);
#3655 = CARTESIAN_POINT('',(158.9,-89.84,0.));
#3656 = DIRECTION('',(-0.,0.,-1.));
#3657 = DIRECTION('',(-0.,-1.,0.));
#3658 = FACE_BOUND('',#3659,.F.);
#3659 = EDGE_LOOP('',(#3660));
#3660 = ORIENTED_EDGE('',*,*,#3661,.T.);
#3661 = EDGE_CURVE('',#3662,#3662,#3664,.T.);
#3662 = VERTEX_POINT('',#3663);
#3663 = CARTESIAN_POINT('',(158.9,-87.8,0.));
#3664 = CIRCLE('',#3665,0.5);
#3665 = AXIS2_PLACEMENT_3D('',#3666,#3667,#3668);
#3666 = CARTESIAN_POINT('',(158.9,-87.3,0.));
#3667 = DIRECTION('',(-0.,0.,-1.));
#3668 = DIRECTION('',(-0.,-1.,0.));
#3669 = FACE_BOUND('',#3670,.F.);
#3670 = EDGE_LOOP('',(#3671));
#3671 = ORIENTED_EDGE('',*,*,#3672,.T.);
#3672 = EDGE_CURVE('',#3673,#3673,#3675,.T.);
#3673 = VERTEX_POINT('',#3674);
#3674 = CARTESIAN_POINT('',(158.9,-85.26,0.));
#3675 = CIRCLE('',#3676,0.5);
#3676 = AXIS2_PLACEMENT_3D('',#3677,#3678,#3679);
#3677 = CARTESIAN_POINT('',(158.9,-84.76,0.));
#3678 = DIRECTION('',(-0.,0.,-1.));
#3679 = DIRECTION('',(-0.,-1.,0.));
#3680 = FACE_BOUND('',#3681,.F.);
#3681 = EDGE_LOOP('',(#3682));
#3682 = ORIENTED_EDGE('',*,*,#3683,.T.);
#3683 = EDGE_CURVE('',#3684,#3684,#3686,.T.);
#3684 = VERTEX_POINT('',#3685);
#3685 = CARTESIAN_POINT('',(158.9,-82.72,0.));
#3686 = CIRCLE('',#3687,0.5);
#3687 = AXIS2_PLACEMENT_3D('',#3688,#3689,#3690);
#3688 = CARTESIAN_POINT('',(158.9,-82.22,0.));
#3689 = DIRECTION('',(-0.,0.,-1.));
#3690 = DIRECTION('',(-0.,-1.,0.));
#3691 = FACE_BOUND('',#3692,.F.);
#3692 = EDGE_LOOP('',(#3693));
#3693 = ORIENTED_EDGE('',*,*,#3694,.T.);
#3694 = EDGE_CURVE('',#3695,#3695,#3697,.T.);
#3695 = VERTEX_POINT('',#3696);
#3696 = CARTESIAN_POINT('',(158.9,-80.18,0.));
#3697 = CIRCLE('',#3698,0.5);
#3698 = AXIS2_PLACEMENT_3D('',#3699,#3700,#3701);
#3699 = CARTESIAN_POINT('',(158.9,-79.68,0.));
#3700 = DIRECTION('',(-0.,0.,-1.));
#3701 = DIRECTION('',(-0.,-1.,0.));
#3702 = FACE_BOUND('',#3703,.F.);
#3703 = EDGE_LOOP('',(#3704));
#3704 = ORIENTED_EDGE('',*,*,#3705,.T.);
#3705 = EDGE_CURVE('',#3706,#3706,#3708,.T.);
#3706 = VERTEX_POINT('',#3707);
#3707 = CARTESIAN_POINT('',(163.31,-98.743,0.));
#3708 = CIRCLE('',#3709,0.5);
#3709 = AXIS2_PLACEMENT_3D('',#3710,#3711,#3712);
#3710 = CARTESIAN_POINT('',(163.31,-98.243,0.));
#3711 = DIRECTION('',(-0.,0.,-1.));
#3712 = DIRECTION('',(-0.,-1.,0.));
#3713 = FACE_BOUND('',#3714,.F.);
#3714 = EDGE_LOOP('',(#3715));
#3715 = ORIENTED_EDGE('',*,*,#3716,.T.);
#3716 = EDGE_CURVE('',#3717,#3717,#3719,.T.);
#3717 = VERTEX_POINT('',#3718);
#3718 = CARTESIAN_POINT('',(163.31,-96.203,0.));
#3719 = CIRCLE('',#3720,0.5);
#3720 = AXIS2_PLACEMENT_3D('',#3721,#3722,#3723);
#3721 = CARTESIAN_POINT('',(163.31,-95.703,0.));
#3722 = DIRECTION('',(-0.,0.,-1.));
#3723 = DIRECTION('',(-0.,-1.,0.));
#3724 = FACE_BOUND('',#3725,.F.);
#3725 = EDGE_LOOP('',(#3726));
#3726 = ORIENTED_EDGE('',*,*,#3727,.T.);
#3727 = EDGE_CURVE('',#3728,#3728,#3730,.T.);
#3728 = VERTEX_POINT('',#3729);
#3729 = CARTESIAN_POINT('',(158.9,-77.64,0.));
#3730 = CIRCLE('',#3731,0.5);
#3731 = AXIS2_PLACEMENT_3D('',#3732,#3733,#3734);
#3732 = CARTESIAN_POINT('',(158.9,-77.14,0.));
#3733 = DIRECTION('',(-0.,0.,-1.));
#3734 = DIRECTION('',(-0.,-1.,0.));
#3735 = FACE_BOUND('',#3736,.F.);
#3736 = EDGE_LOOP('',(#3737));
#3737 = ORIENTED_EDGE('',*,*,#3738,.T.);
#3738 = EDGE_CURVE('',#3739,#3739,#3741,.T.);
#3739 = VERTEX_POINT('',#3740);
#3740 = CARTESIAN_POINT('',(158.9,-75.1,0.));
#3741 = CIRCLE('',#3742,0.5);
#3742 = AXIS2_PLACEMENT_3D('',#3743,#3744,#3745);
#3743 = CARTESIAN_POINT('',(158.9,-74.6,0.));
#3744 = DIRECTION('',(-0.,0.,-1.));
#3745 = DIRECTION('',(-0.,-1.,0.));
#3746 = FACE_BOUND('',#3747,.F.);
#3747 = EDGE_LOOP('',(#3748));
#3748 = ORIENTED_EDGE('',*,*,#3749,.T.);
#3749 = EDGE_CURVE('',#3750,#3750,#3752,.T.);
#3750 = VERTEX_POINT('',#3751);
#3751 = CARTESIAN_POINT('',(163.315,-77.585,0.));
#3752 = CIRCLE('',#3753,0.5);
#3753 = AXIS2_PLACEMENT_3D('',#3754,#3755,#3756);
#3754 = CARTESIAN_POINT('',(163.315,-77.085,0.));
#3755 = DIRECTION('',(-0.,0.,-1.));
#3756 = DIRECTION('',(-0.,-1.,0.));
#3757 = FACE_BOUND('',#3758,.F.);
#3758 = EDGE_LOOP('',(#3759));
#3759 = ORIENTED_EDGE('',*,*,#3760,.T.);
#3760 = EDGE_CURVE('',#3761,#3761,#3763,.T.);
#3761 = VERTEX_POINT('',#3762);
#3762 = CARTESIAN_POINT('',(163.315,-75.045,0.));
#3763 = CIRCLE('',#3764,0.5);
#3764 = AXIS2_PLACEMENT_3D('',#3765,#3766,#3767);
#3765 = CARTESIAN_POINT('',(163.315,-74.545,0.));
#3766 = DIRECTION('',(-0.,0.,-1.));
#3767 = DIRECTION('',(-0.,-1.,0.));
#3768 = FACE_BOUND('',#3769,.F.);
#3769 = EDGE_LOOP('',(#3770));
#3770 = ORIENTED_EDGE('',*,*,#3771,.T.);
#3771 = EDGE_CURVE('',#3772,#3772,#3774,.T.);
#3772 = VERTEX_POINT('',#3773);
#3773 = CARTESIAN_POINT('',(177.,-60.6,0.));
#3774 = CIRCLE('',#3775,1.6);
#3775 = AXIS2_PLACEMENT_3D('',#3776,#3777,#3778);
#3776 = CARTESIAN_POINT('',(177.,-59.,0.));
#3777 = DIRECTION('',(-0.,0.,-1.));
#3778 = DIRECTION('',(-0.,-1.,0.));
#3779 = PLANE('',#3780);
#3780 = AXIS2_PLACEMENT_3D('',#3781,#3782,#3783);
#3781 = CARTESIAN_POINT('',(0.,0.,0.));
#3782 = DIRECTION('',(0.,0.,1.));
#3783 = DIRECTION('',(1.,0.,-0.));
#3784 = ADVANCED_FACE('',(#3785,#6644,#6655,#6666,#6677,#6688,#6699,
    #6710,#6721,#6732,#6743,#6754,#6765,#6776,#6787,#6798,#6809,#6820,
    #6831,#6842,#6853,#6864,#6898,#6909,#6920,#6931,#6942,#6953,#6964,
    #6975,#6986,#6997,#7008,#7019,#7030,#7041,#7052,#7063,#7074,#7085,
    #7096,#7107,#7118,#7129,#7140,#7151,#7162,#7173,#7184,#7195,#7206,
    #7217,#7228,#7239,#7250,#7261,#7272,#7283,#7294,#7305,#7316,#7327,
    #7338,#7349,#7360,#7371,#7382,#7393,#7404,#7415),#7426,.T.);
#3785 = FACE_BOUND('',#3786,.T.);
#3786 = EDGE_LOOP('',(#3787,#3788,#3789,#3797,#3805,#3813,#3821,#3829,
    #3837,#3845,#3853,#3861,#3869,#3877,#3885,#3893,#3901,#3909,#3917,
    #3925,#3933,#3941,#3949,#3957,#3965,#3973,#3981,#3989,#3997,#4005,
    #4013,#4021,#4029,#4037,#4045,#4053,#4061,#4069,#4077,#4085,#4093,
    #4101,#4109,#4117,#4125,#4133,#4141,#4149,#4157,#4165,#4173,#4181,
    #4189,#4197,#4205,#4213,#4221,#4229,#4237,#4245,#4253,#4261,#4269,
    #4277,#4285,#4293,#4301,#4309,#4317,#4325,#4333,#4341,#4349,#4357,
    #4365,#4373,#4381,#4389,#4397,#4405,#4413,#4421,#4429,#4437,#4445,
    #4453,#4461,#4469,#4477,#4485,#4493,#4501,#4509,#4517,#4525,#4533,
    #4541,#4549,#4557,#4565,#4573,#4581,#4589,#4597,#4605,#4613,#4621,
    #4629,#4637,#4645,#4653,#4661,#4669,#4677,#4685,#4693,#4701,#4709,
    #4717,#4725,#4733,#4741,#4749,#4757,#4765,#4773,#4781,#4789,#4797,
    #4805,#4813,#4821,#4829,#4837,#4845,#4853,#4861,#4869,#4877,#4885,
    #4893,#4901,#4909,#4917,#4925,#4933,#4941,#4949,#4957,#4965,#4973,
    #4981,#4989,#4997,#5005,#5013,#5021,#5029,#5037,#5045,#5053,#5061,
    #5069,#5077,#5085,#5093,#5101,#5109,#5117,#5125,#5133,#5141,#5149,
    #5157,#5165,#5173,#5181,#5189,#5197,#5205,#5213,#5221,#5229,#5237,
    #5245,#5253,#5261,#5269,#5277,#5285,#5293,#5301,#5309,#5317,#5325,
    #5333,#5341,#5349,#5357,#5365,#5373,#5381,#5389,#5397,#5405,#5413,
    #5421,#5429,#5437,#5445,#5453,#5461,#5469,#5477,#5485,#5493,#5501,
    #5509,#5517,#5525,#5533,#5541,#5549,#5557,#5565,#5573,#5581,#5589,
    #5597,#5605,#5613,#5621,#5629,#5637,#5645,#5653,#5661,#5669,#5677,
    #5685,#5693,#5701,#5709,#5717,#5725,#5733,#5741,#5749,#5757,#5765,
    #5773,#5781,#5789,#5797,#5805,#5813,#5821,#5829,#5837,#5845,#5853,
    #5861,#5869,#5877,#5885,#5893,#5901,#5909,#5917,#5925,#5933,#5941,
    #5949,#5957,#5965,#5973,#5981,#5989,#5997,#6005,#6013,#6021,#6029,
    #6037,#6045,#6053,#6061,#6069,#6077,#6085,#6093,#6101,#6109,#6117,
    #6125,#6133,#6141,#6149,#6157,#6165,#6173,#6181,#6189,#6197,#6205,
    #6213,#6221,#6229,#6237,#6245,#6253,#6261,#6269,#6277,#6285,#6293,
    #6301,#6309,#6317,#6325,#6333,#6341,#6349,#6357,#6365,#6373,#6381,
    #6389,#6397,#6405,#6413,#6421,#6429,#6437,#6445,#6453,#6461,#6469,
    #6477,#6485,#6493,#6501,#6509,#6517,#6525,#6533,#6541,#6549,#6557,
    #6565,#6573,#6581,#6589,#6597,#6605,#6613,#6621,#6629,#6637,#6643));
#3787 = ORIENTED_EDGE('',*,*,#49,.F.);
#3788 = ORIENTED_EDGE('',*,*,#89,.F.);
#3789 = ORIENTED_EDGE('',*,*,#3790,.F.);
#3790 = EDGE_CURVE('',#3791,#82,#3793,.T.);
#3791 = VERTEX_POINT('',#3792);
#3792 = CARTESIAN_POINT('',(177.,-54.,1.51));
#3793 = LINE('',#3794,#3795);
#3794 = CARTESIAN_POINT('',(177.,-54.,1.51));
#3795 = VECTOR('',#3796,1.);
#3796 = DIRECTION('',(1.,0.,0.));
#3797 = ORIENTED_EDGE('',*,*,#3798,.F.);
#3798 = EDGE_CURVE('',#3799,#3791,#3801,.T.);
#3799 = VERTEX_POINT('',#3800);
#3800 = CARTESIAN_POINT('',(176.18,-54.,1.51));
#3801 = LINE('',#3802,#3803);
#3802 = CARTESIAN_POINT('',(176.18,-54.,1.51));
#3803 = VECTOR('',#3804,1.);
#3804 = DIRECTION('',(1.,0.,0.));
#3805 = ORIENTED_EDGE('',*,*,#3806,.F.);
#3806 = EDGE_CURVE('',#3807,#3799,#3809,.T.);
#3807 = VERTEX_POINT('',#3808);
#3808 = CARTESIAN_POINT('',(175.351,-54.,1.51));
#3809 = LINE('',#3810,#3811);
#3810 = CARTESIAN_POINT('',(175.351,-54.,1.51));
#3811 = VECTOR('',#3812,1.);
#3812 = DIRECTION('',(1.,0.,0.));
#3813 = ORIENTED_EDGE('',*,*,#3814,.F.);
#3814 = EDGE_CURVE('',#3815,#3807,#3817,.T.);
#3815 = VERTEX_POINT('',#3816);
#3816 = CARTESIAN_POINT('',(174.515,-54.,1.51));
#3817 = LINE('',#3818,#3819);
#3818 = CARTESIAN_POINT('',(174.515,-54.,1.51));
#3819 = VECTOR('',#3820,1.);
#3820 = DIRECTION('',(1.,0.,0.));
#3821 = ORIENTED_EDGE('',*,*,#3822,.F.);
#3822 = EDGE_CURVE('',#3823,#3815,#3825,.T.);
#3823 = VERTEX_POINT('',#3824);
#3824 = CARTESIAN_POINT('',(173.672,-54.,1.51));
#3825 = LINE('',#3826,#3827);
#3826 = CARTESIAN_POINT('',(173.672,-54.,1.51));
#3827 = VECTOR('',#3828,1.);
#3828 = DIRECTION('',(1.,0.,0.));
#3829 = ORIENTED_EDGE('',*,*,#3830,.F.);
#3830 = EDGE_CURVE('',#3831,#3823,#3833,.T.);
#3831 = VERTEX_POINT('',#3832);
#3832 = CARTESIAN_POINT('',(172.821,-54.,1.51));
#3833 = LINE('',#3834,#3835);
#3834 = CARTESIAN_POINT('',(172.821,-54.,1.51));
#3835 = VECTOR('',#3836,1.);
#3836 = DIRECTION('',(1.,0.,0.));
#3837 = ORIENTED_EDGE('',*,*,#3838,.F.);
#3838 = EDGE_CURVE('',#3839,#3831,#3841,.T.);
#3839 = VERTEX_POINT('',#3840);
#3840 = CARTESIAN_POINT('',(171.964,-54.,1.51));
#3841 = LINE('',#3842,#3843);
#3842 = CARTESIAN_POINT('',(171.964,-54.,1.51));
#3843 = VECTOR('',#3844,1.);
#3844 = DIRECTION('',(1.,0.,0.));
#3845 = ORIENTED_EDGE('',*,*,#3846,.F.);
#3846 = EDGE_CURVE('',#3847,#3839,#3849,.T.);
#3847 = VERTEX_POINT('',#3848);
#3848 = CARTESIAN_POINT('',(171.099,-54.,1.51));
#3849 = LINE('',#3850,#3851);
#3850 = CARTESIAN_POINT('',(171.099,-54.,1.51));
#3851 = VECTOR('',#3852,1.);
#3852 = DIRECTION('',(1.,0.,0.));
#3853 = ORIENTED_EDGE('',*,*,#3854,.F.);
#3854 = EDGE_CURVE('',#3855,#3847,#3857,.T.);
#3855 = VERTEX_POINT('',#3856);
#3856 = CARTESIAN_POINT('',(170.229,-54.,1.51));
#3857 = LINE('',#3858,#3859);
#3858 = CARTESIAN_POINT('',(170.229,-54.,1.51));
#3859 = VECTOR('',#3860,1.);
#3860 = DIRECTION('',(1.,0.,0.));
#3861 = ORIENTED_EDGE('',*,*,#3862,.F.);
#3862 = EDGE_CURVE('',#3863,#3855,#3865,.T.);
#3863 = VERTEX_POINT('',#3864);
#3864 = CARTESIAN_POINT('',(169.352,-54.,1.51));
#3865 = LINE('',#3866,#3867);
#3866 = CARTESIAN_POINT('',(169.352,-54.,1.51));
#3867 = VECTOR('',#3868,1.);
#3868 = DIRECTION('',(1.,0.,0.));
#3869 = ORIENTED_EDGE('',*,*,#3870,.F.);
#3870 = EDGE_CURVE('',#3871,#3863,#3873,.T.);
#3871 = VERTEX_POINT('',#3872);
#3872 = CARTESIAN_POINT('',(168.469,-54.,1.51));
#3873 = LINE('',#3874,#3875);
#3874 = CARTESIAN_POINT('',(168.469,-54.,1.51));
#3875 = VECTOR('',#3876,1.);
#3876 = DIRECTION('',(1.,0.,0.));
#3877 = ORIENTED_EDGE('',*,*,#3878,.F.);
#3878 = EDGE_CURVE('',#3879,#3871,#3881,.T.);
#3879 = VERTEX_POINT('',#3880);
#3880 = CARTESIAN_POINT('',(167.581,-54.,1.51));
#3881 = LINE('',#3882,#3883);
#3882 = CARTESIAN_POINT('',(167.581,-54.,1.51));
#3883 = VECTOR('',#3884,1.);
#3884 = DIRECTION('',(1.,0.,0.));
#3885 = ORIENTED_EDGE('',*,*,#3886,.F.);
#3886 = EDGE_CURVE('',#3887,#3879,#3889,.T.);
#3887 = VERTEX_POINT('',#3888);
#3888 = CARTESIAN_POINT('',(166.687,-54.,1.51));
#3889 = LINE('',#3890,#3891);
#3890 = CARTESIAN_POINT('',(166.687,-54.,1.51));
#3891 = VECTOR('',#3892,1.);
#3892 = DIRECTION('',(1.,0.,0.));
#3893 = ORIENTED_EDGE('',*,*,#3894,.F.);
#3894 = EDGE_CURVE('',#3895,#3887,#3897,.T.);
#3895 = VERTEX_POINT('',#3896);
#3896 = CARTESIAN_POINT('',(165.788,-54.,1.51));
#3897 = LINE('',#3898,#3899);
#3898 = CARTESIAN_POINT('',(165.788,-54.,1.51));
#3899 = VECTOR('',#3900,1.);
#3900 = DIRECTION('',(1.,0.,0.));
#3901 = ORIENTED_EDGE('',*,*,#3902,.F.);
#3902 = EDGE_CURVE('',#3903,#3895,#3905,.T.);
#3903 = VERTEX_POINT('',#3904);
#3904 = CARTESIAN_POINT('',(164.884,-54.,1.51));
#3905 = LINE('',#3906,#3907);
#3906 = CARTESIAN_POINT('',(164.884,-54.,1.51));
#3907 = VECTOR('',#3908,1.);
#3908 = DIRECTION('',(1.,0.,0.));
#3909 = ORIENTED_EDGE('',*,*,#3910,.F.);
#3910 = EDGE_CURVE('',#3911,#3903,#3913,.T.);
#3911 = VERTEX_POINT('',#3912);
#3912 = CARTESIAN_POINT('',(163.976,-54.,1.51));
#3913 = LINE('',#3914,#3915);
#3914 = CARTESIAN_POINT('',(163.976,-54.,1.51));
#3915 = VECTOR('',#3916,1.);
#3916 = DIRECTION('',(1.,0.,0.));
#3917 = ORIENTED_EDGE('',*,*,#3918,.F.);
#3918 = EDGE_CURVE('',#3919,#3911,#3921,.T.);
#3919 = VERTEX_POINT('',#3920);
#3920 = CARTESIAN_POINT('',(163.064,-54.,1.51));
#3921 = LINE('',#3922,#3923);
#3922 = CARTESIAN_POINT('',(163.064,-54.,1.51));
#3923 = VECTOR('',#3924,1.);
#3924 = DIRECTION('',(1.,0.,0.));
#3925 = ORIENTED_EDGE('',*,*,#3926,.F.);
#3926 = EDGE_CURVE('',#3927,#3919,#3929,.T.);
#3927 = VERTEX_POINT('',#3928);
#3928 = CARTESIAN_POINT('',(162.147,-54.,1.51));
#3929 = LINE('',#3930,#3931);
#3930 = CARTESIAN_POINT('',(162.147,-54.,1.51));
#3931 = VECTOR('',#3932,1.);
#3932 = DIRECTION('',(1.,0.,0.));
#3933 = ORIENTED_EDGE('',*,*,#3934,.F.);
#3934 = EDGE_CURVE('',#3935,#3927,#3937,.T.);
#3935 = VERTEX_POINT('',#3936);
#3936 = CARTESIAN_POINT('',(161.227,-54.,1.51));
#3937 = LINE('',#3938,#3939);
#3938 = CARTESIAN_POINT('',(161.227,-54.,1.51));
#3939 = VECTOR('',#3940,1.);
#3940 = DIRECTION('',(1.,0.,0.));
#3941 = ORIENTED_EDGE('',*,*,#3942,.F.);
#3942 = EDGE_CURVE('',#3943,#3935,#3945,.T.);
#3943 = VERTEX_POINT('',#3944);
#3944 = CARTESIAN_POINT('',(160.304,-54.,1.51));
#3945 = LINE('',#3946,#3947);
#3946 = CARTESIAN_POINT('',(160.304,-54.,1.51));
#3947 = VECTOR('',#3948,1.);
#3948 = DIRECTION('',(1.,0.,0.));
#3949 = ORIENTED_EDGE('',*,*,#3950,.F.);
#3950 = EDGE_CURVE('',#3951,#3943,#3953,.T.);
#3951 = VERTEX_POINT('',#3952);
#3952 = CARTESIAN_POINT('',(159.377,-54.,1.51));
#3953 = LINE('',#3954,#3955);
#3954 = CARTESIAN_POINT('',(159.377,-54.,1.51));
#3955 = VECTOR('',#3956,1.);
#3956 = DIRECTION('',(1.,0.,0.));
#3957 = ORIENTED_EDGE('',*,*,#3958,.F.);
#3958 = EDGE_CURVE('',#3959,#3951,#3961,.T.);
#3959 = VERTEX_POINT('',#3960);
#3960 = CARTESIAN_POINT('',(158.447,-54.,1.51));
#3961 = LINE('',#3962,#3963);
#3962 = CARTESIAN_POINT('',(158.447,-54.,1.51));
#3963 = VECTOR('',#3964,1.);
#3964 = DIRECTION('',(1.,0.,0.));
#3965 = ORIENTED_EDGE('',*,*,#3966,.F.);
#3966 = EDGE_CURVE('',#3967,#3959,#3969,.T.);
#3967 = VERTEX_POINT('',#3968);
#3968 = CARTESIAN_POINT('',(157.515,-54.,1.51));
#3969 = LINE('',#3970,#3971);
#3970 = CARTESIAN_POINT('',(157.515,-54.,1.51));
#3971 = VECTOR('',#3972,1.);
#3972 = DIRECTION('',(1.,0.,0.));
#3973 = ORIENTED_EDGE('',*,*,#3974,.F.);
#3974 = EDGE_CURVE('',#3975,#3967,#3977,.T.);
#3975 = VERTEX_POINT('',#3976);
#3976 = CARTESIAN_POINT('',(156.581,-54.,1.51));
#3977 = LINE('',#3978,#3979);
#3978 = CARTESIAN_POINT('',(156.581,-54.,1.51));
#3979 = VECTOR('',#3980,1.);
#3980 = DIRECTION('',(1.,0.,0.));
#3981 = ORIENTED_EDGE('',*,*,#3982,.F.);
#3982 = EDGE_CURVE('',#3983,#3975,#3985,.T.);
#3983 = VERTEX_POINT('',#3984);
#3984 = CARTESIAN_POINT('',(155.645,-54.,1.51));
#3985 = LINE('',#3986,#3987);
#3986 = CARTESIAN_POINT('',(155.645,-54.,1.51));
#3987 = VECTOR('',#3988,1.);
#3988 = DIRECTION('',(1.,0.,0.));
#3989 = ORIENTED_EDGE('',*,*,#3990,.F.);
#3990 = EDGE_CURVE('',#3991,#3983,#3993,.T.);
#3991 = VERTEX_POINT('',#3992);
#3992 = CARTESIAN_POINT('',(154.706,-54.,1.51));
#3993 = LINE('',#3994,#3995);
#3994 = CARTESIAN_POINT('',(154.706,-54.,1.51));
#3995 = VECTOR('',#3996,1.);
#3996 = DIRECTION('',(1.,0.,0.));
#3997 = ORIENTED_EDGE('',*,*,#3998,.F.);
#3998 = EDGE_CURVE('',#3999,#3991,#4001,.T.);
#3999 = VERTEX_POINT('',#4000);
#4000 = CARTESIAN_POINT('',(153.767,-54.,1.51));
#4001 = LINE('',#4002,#4003);
#4002 = CARTESIAN_POINT('',(153.767,-54.,1.51));
#4003 = VECTOR('',#4004,1.);
#4004 = DIRECTION('',(1.,0.,0.));
#4005 = ORIENTED_EDGE('',*,*,#4006,.F.);
#4006 = EDGE_CURVE('',#4007,#3999,#4009,.T.);
#4007 = VERTEX_POINT('',#4008);
#4008 = CARTESIAN_POINT('',(152.826,-54.,1.51));
#4009 = LINE('',#4010,#4011);
#4010 = CARTESIAN_POINT('',(152.826,-54.,1.51));
#4011 = VECTOR('',#4012,1.);
#4012 = DIRECTION('',(1.,0.,0.));
#4013 = ORIENTED_EDGE('',*,*,#4014,.F.);
#4014 = EDGE_CURVE('',#4015,#4007,#4017,.T.);
#4015 = VERTEX_POINT('',#4016);
#4016 = CARTESIAN_POINT('',(151.885,-54.,1.51));
#4017 = LINE('',#4018,#4019);
#4018 = CARTESIAN_POINT('',(151.885,-54.,1.51));
#4019 = VECTOR('',#4020,1.);
#4020 = DIRECTION('',(1.,0.,0.));
#4021 = ORIENTED_EDGE('',*,*,#4022,.F.);
#4022 = EDGE_CURVE('',#4023,#4015,#4025,.T.);
#4023 = VERTEX_POINT('',#4024);
#4024 = CARTESIAN_POINT('',(150.942,-54.,1.51));
#4025 = LINE('',#4026,#4027);
#4026 = CARTESIAN_POINT('',(150.942,-54.,1.51));
#4027 = VECTOR('',#4028,1.);
#4028 = DIRECTION('',(1.,0.,0.));
#4029 = ORIENTED_EDGE('',*,*,#4030,.F.);
#4030 = EDGE_CURVE('',#4031,#4023,#4033,.T.);
#4031 = VERTEX_POINT('',#4032);
#4032 = CARTESIAN_POINT('',(150.,-54.,1.51));
#4033 = LINE('',#4034,#4035);
#4034 = CARTESIAN_POINT('',(150.,-54.,1.51));
#4035 = VECTOR('',#4036,1.);
#4036 = DIRECTION('',(1.,0.,0.));
#4037 = ORIENTED_EDGE('',*,*,#4038,.F.);
#4038 = EDGE_CURVE('',#4039,#4031,#4041,.T.);
#4039 = VERTEX_POINT('',#4040);
#4040 = CARTESIAN_POINT('',(149.058,-54.,1.51));
#4041 = LINE('',#4042,#4043);
#4042 = CARTESIAN_POINT('',(149.058,-54.,1.51));
#4043 = VECTOR('',#4044,1.);
#4044 = DIRECTION('',(1.,0.,0.));
#4045 = ORIENTED_EDGE('',*,*,#4046,.F.);
#4046 = EDGE_CURVE('',#4047,#4039,#4049,.T.);
#4047 = VERTEX_POINT('',#4048);
#4048 = CARTESIAN_POINT('',(148.115,-54.,1.51));
#4049 = LINE('',#4050,#4051);
#4050 = CARTESIAN_POINT('',(148.115,-54.,1.51));
#4051 = VECTOR('',#4052,1.);
#4052 = DIRECTION('',(1.,0.,0.));
#4053 = ORIENTED_EDGE('',*,*,#4054,.F.);
#4054 = EDGE_CURVE('',#4055,#4047,#4057,.T.);
#4055 = VERTEX_POINT('',#4056);
#4056 = CARTESIAN_POINT('',(147.174,-54.,1.51));
#4057 = LINE('',#4058,#4059);
#4058 = CARTESIAN_POINT('',(147.174,-54.,1.51));
#4059 = VECTOR('',#4060,1.);
#4060 = DIRECTION('',(1.,0.,0.));
#4061 = ORIENTED_EDGE('',*,*,#4062,.F.);
#4062 = EDGE_CURVE('',#4063,#4055,#4065,.T.);
#4063 = VERTEX_POINT('',#4064);
#4064 = CARTESIAN_POINT('',(146.233,-54.,1.51));
#4065 = LINE('',#4066,#4067);
#4066 = CARTESIAN_POINT('',(146.233,-54.,1.51));
#4067 = VECTOR('',#4068,1.);
#4068 = DIRECTION('',(1.,0.,0.));
#4069 = ORIENTED_EDGE('',*,*,#4070,.F.);
#4070 = EDGE_CURVE('',#4071,#4063,#4073,.T.);
#4071 = VERTEX_POINT('',#4072);
#4072 = CARTESIAN_POINT('',(145.294,-54.,1.51));
#4073 = LINE('',#4074,#4075);
#4074 = CARTESIAN_POINT('',(145.294,-54.,1.51));
#4075 = VECTOR('',#4076,1.);
#4076 = DIRECTION('',(1.,0.,0.));
#4077 = ORIENTED_EDGE('',*,*,#4078,.F.);
#4078 = EDGE_CURVE('',#4079,#4071,#4081,.T.);
#4079 = VERTEX_POINT('',#4080);
#4080 = CARTESIAN_POINT('',(144.355,-54.,1.51));
#4081 = LINE('',#4082,#4083);
#4082 = CARTESIAN_POINT('',(144.355,-54.,1.51));
#4083 = VECTOR('',#4084,1.);
#4084 = DIRECTION('',(1.,0.,0.));
#4085 = ORIENTED_EDGE('',*,*,#4086,.F.);
#4086 = EDGE_CURVE('',#4087,#4079,#4089,.T.);
#4087 = VERTEX_POINT('',#4088);
#4088 = CARTESIAN_POINT('',(143.419,-54.,1.51));
#4089 = LINE('',#4090,#4091);
#4090 = CARTESIAN_POINT('',(143.419,-54.,1.51));
#4091 = VECTOR('',#4092,1.);
#4092 = DIRECTION('',(1.,0.,0.));
#4093 = ORIENTED_EDGE('',*,*,#4094,.F.);
#4094 = EDGE_CURVE('',#4095,#4087,#4097,.T.);
#4095 = VERTEX_POINT('',#4096);
#4096 = CARTESIAN_POINT('',(142.485,-54.,1.51));
#4097 = LINE('',#4098,#4099);
#4098 = CARTESIAN_POINT('',(142.485,-54.,1.51));
#4099 = VECTOR('',#4100,1.);
#4100 = DIRECTION('',(1.,0.,0.));
#4101 = ORIENTED_EDGE('',*,*,#4102,.F.);
#4102 = EDGE_CURVE('',#4103,#4095,#4105,.T.);
#4103 = VERTEX_POINT('',#4104);
#4104 = CARTESIAN_POINT('',(141.553,-54.,1.51));
#4105 = LINE('',#4106,#4107);
#4106 = CARTESIAN_POINT('',(141.553,-54.,1.51));
#4107 = VECTOR('',#4108,1.);
#4108 = DIRECTION('',(1.,0.,0.));
#4109 = ORIENTED_EDGE('',*,*,#4110,.F.);
#4110 = EDGE_CURVE('',#4111,#4103,#4113,.T.);
#4111 = VERTEX_POINT('',#4112);
#4112 = CARTESIAN_POINT('',(140.623,-54.,1.51));
#4113 = LINE('',#4114,#4115);
#4114 = CARTESIAN_POINT('',(140.623,-54.,1.51));
#4115 = VECTOR('',#4116,1.);
#4116 = DIRECTION('',(1.,0.,0.));
#4117 = ORIENTED_EDGE('',*,*,#4118,.F.);
#4118 = EDGE_CURVE('',#4119,#4111,#4121,.T.);
#4119 = VERTEX_POINT('',#4120);
#4120 = CARTESIAN_POINT('',(139.696,-54.,1.51));
#4121 = LINE('',#4122,#4123);
#4122 = CARTESIAN_POINT('',(139.696,-54.,1.51));
#4123 = VECTOR('',#4124,1.);
#4124 = DIRECTION('',(1.,0.,0.));
#4125 = ORIENTED_EDGE('',*,*,#4126,.F.);
#4126 = EDGE_CURVE('',#4127,#4119,#4129,.T.);
#4127 = VERTEX_POINT('',#4128);
#4128 = CARTESIAN_POINT('',(138.773,-54.,1.51));
#4129 = LINE('',#4130,#4131);
#4130 = CARTESIAN_POINT('',(138.773,-54.,1.51));
#4131 = VECTOR('',#4132,1.);
#4132 = DIRECTION('',(1.,0.,0.));
#4133 = ORIENTED_EDGE('',*,*,#4134,.F.);
#4134 = EDGE_CURVE('',#4135,#4127,#4137,.T.);
#4135 = VERTEX_POINT('',#4136);
#4136 = CARTESIAN_POINT('',(137.853,-54.,1.51));
#4137 = LINE('',#4138,#4139);
#4138 = CARTESIAN_POINT('',(137.853,-54.,1.51));
#4139 = VECTOR('',#4140,1.);
#4140 = DIRECTION('',(1.,0.,0.));
#4141 = ORIENTED_EDGE('',*,*,#4142,.F.);
#4142 = EDGE_CURVE('',#4143,#4135,#4145,.T.);
#4143 = VERTEX_POINT('',#4144);
#4144 = CARTESIAN_POINT('',(136.936,-54.,1.51));
#4145 = LINE('',#4146,#4147);
#4146 = CARTESIAN_POINT('',(136.936,-54.,1.51));
#4147 = VECTOR('',#4148,1.);
#4148 = DIRECTION('',(1.,0.,0.));
#4149 = ORIENTED_EDGE('',*,*,#4150,.F.);
#4150 = EDGE_CURVE('',#4151,#4143,#4153,.T.);
#4151 = VERTEX_POINT('',#4152);
#4152 = CARTESIAN_POINT('',(136.024,-54.,1.51));
#4153 = LINE('',#4154,#4155);
#4154 = CARTESIAN_POINT('',(136.024,-54.,1.51));
#4155 = VECTOR('',#4156,1.);
#4156 = DIRECTION('',(1.,0.,0.));
#4157 = ORIENTED_EDGE('',*,*,#4158,.F.);
#4158 = EDGE_CURVE('',#4159,#4151,#4161,.T.);
#4159 = VERTEX_POINT('',#4160);
#4160 = CARTESIAN_POINT('',(135.116,-54.,1.51));
#4161 = LINE('',#4162,#4163);
#4162 = CARTESIAN_POINT('',(135.116,-54.,1.51));
#4163 = VECTOR('',#4164,1.);
#4164 = DIRECTION('',(1.,0.,0.));
#4165 = ORIENTED_EDGE('',*,*,#4166,.F.);
#4166 = EDGE_CURVE('',#4167,#4159,#4169,.T.);
#4167 = VERTEX_POINT('',#4168);
#4168 = CARTESIAN_POINT('',(134.211999,-54.,1.51));
#4169 = LINE('',#4170,#4171);
#4170 = CARTESIAN_POINT('',(134.211999,-54.,1.51));
#4171 = VECTOR('',#4172,1.);
#4172 = DIRECTION('',(1.,0.,0.));
#4173 = ORIENTED_EDGE('',*,*,#4174,.F.);
#4174 = EDGE_CURVE('',#4175,#4167,#4177,.T.);
#4175 = VERTEX_POINT('',#4176);
#4176 = CARTESIAN_POINT('',(133.312999,-54.,1.51));
#4177 = LINE('',#4178,#4179);
#4178 = CARTESIAN_POINT('',(133.312999,-54.,1.51));
#4179 = VECTOR('',#4180,1.);
#4180 = DIRECTION('',(1.,0.,0.));
#4181 = ORIENTED_EDGE('',*,*,#4182,.F.);
#4182 = EDGE_CURVE('',#4183,#4175,#4185,.T.);
#4183 = VERTEX_POINT('',#4184);
#4184 = CARTESIAN_POINT('',(132.419,-54.,1.51));
#4185 = LINE('',#4186,#4187);
#4186 = CARTESIAN_POINT('',(132.419,-54.,1.51));
#4187 = VECTOR('',#4188,1.);
#4188 = DIRECTION('',(1.,0.,0.));
#4189 = ORIENTED_EDGE('',*,*,#4190,.F.);
#4190 = EDGE_CURVE('',#4191,#4183,#4193,.T.);
#4191 = VERTEX_POINT('',#4192);
#4192 = CARTESIAN_POINT('',(131.531,-54.,1.51));
#4193 = LINE('',#4194,#4195);
#4194 = CARTESIAN_POINT('',(131.531,-54.,1.51));
#4195 = VECTOR('',#4196,1.);
#4196 = DIRECTION('',(1.,0.,0.));
#4197 = ORIENTED_EDGE('',*,*,#4198,.F.);
#4198 = EDGE_CURVE('',#4199,#4191,#4201,.T.);
#4199 = VERTEX_POINT('',#4200);
#4200 = CARTESIAN_POINT('',(130.648,-54.,1.51));
#4201 = LINE('',#4202,#4203);
#4202 = CARTESIAN_POINT('',(130.648,-54.,1.51));
#4203 = VECTOR('',#4204,1.);
#4204 = DIRECTION('',(1.,0.,0.));
#4205 = ORIENTED_EDGE('',*,*,#4206,.F.);
#4206 = EDGE_CURVE('',#4207,#4199,#4209,.T.);
#4207 = VERTEX_POINT('',#4208);
#4208 = CARTESIAN_POINT('',(129.770999,-54.,1.51));
#4209 = LINE('',#4210,#4211);
#4210 = CARTESIAN_POINT('',(129.770999,-54.,1.51));
#4211 = VECTOR('',#4212,1.);
#4212 = DIRECTION('',(1.,0.,0.));
#4213 = ORIENTED_EDGE('',*,*,#4214,.F.);
#4214 = EDGE_CURVE('',#4215,#4207,#4217,.T.);
#4215 = VERTEX_POINT('',#4216);
#4216 = CARTESIAN_POINT('',(128.901,-54.,1.51));
#4217 = LINE('',#4218,#4219);
#4218 = CARTESIAN_POINT('',(128.901,-54.,1.51));
#4219 = VECTOR('',#4220,1.);
#4220 = DIRECTION('',(1.,0.,0.));
#4221 = ORIENTED_EDGE('',*,*,#4222,.F.);
#4222 = EDGE_CURVE('',#4223,#4215,#4225,.T.);
#4223 = VERTEX_POINT('',#4224);
#4224 = CARTESIAN_POINT('',(128.036,-54.,1.51));
#4225 = LINE('',#4226,#4227);
#4226 = CARTESIAN_POINT('',(128.036,-54.,1.51));
#4227 = VECTOR('',#4228,1.);
#4228 = DIRECTION('',(1.,0.,0.));
#4229 = ORIENTED_EDGE('',*,*,#4230,.F.);
#4230 = EDGE_CURVE('',#4231,#4223,#4233,.T.);
#4231 = VERTEX_POINT('',#4232);
#4232 = CARTESIAN_POINT('',(127.179,-54.,1.51));
#4233 = LINE('',#4234,#4235);
#4234 = CARTESIAN_POINT('',(127.179,-54.,1.51));
#4235 = VECTOR('',#4236,1.);
#4236 = DIRECTION('',(1.,0.,0.));
#4237 = ORIENTED_EDGE('',*,*,#4238,.F.);
#4238 = EDGE_CURVE('',#4239,#4231,#4241,.T.);
#4239 = VERTEX_POINT('',#4240);
#4240 = CARTESIAN_POINT('',(126.328,-54.,1.51));
#4241 = LINE('',#4242,#4243);
#4242 = CARTESIAN_POINT('',(126.328,-54.,1.51));
#4243 = VECTOR('',#4244,1.);
#4244 = DIRECTION('',(1.,0.,0.));
#4245 = ORIENTED_EDGE('',*,*,#4246,.F.);
#4246 = EDGE_CURVE('',#4247,#4239,#4249,.T.);
#4247 = VERTEX_POINT('',#4248);
#4248 = CARTESIAN_POINT('',(125.485,-54.,1.51));
#4249 = LINE('',#4250,#4251);
#4250 = CARTESIAN_POINT('',(125.485,-54.,1.51));
#4251 = VECTOR('',#4252,1.);
#4252 = DIRECTION('',(1.,0.,0.));
#4253 = ORIENTED_EDGE('',*,*,#4254,.F.);
#4254 = EDGE_CURVE('',#4255,#4247,#4257,.T.);
#4255 = VERTEX_POINT('',#4256);
#4256 = CARTESIAN_POINT('',(124.649,-54.,1.51));
#4257 = LINE('',#4258,#4259);
#4258 = CARTESIAN_POINT('',(124.649,-54.,1.51));
#4259 = VECTOR('',#4260,1.);
#4260 = DIRECTION('',(1.,0.,0.));
#4261 = ORIENTED_EDGE('',*,*,#4262,.F.);
#4262 = EDGE_CURVE('',#4263,#4255,#4265,.T.);
#4263 = VERTEX_POINT('',#4264);
#4264 = CARTESIAN_POINT('',(123.82,-54.,1.51));
#4265 = LINE('',#4266,#4267);
#4266 = CARTESIAN_POINT('',(123.82,-54.,1.51));
#4267 = VECTOR('',#4268,1.);
#4268 = DIRECTION('',(1.,0.,0.));
#4269 = ORIENTED_EDGE('',*,*,#4270,.F.);
#4270 = EDGE_CURVE('',#4271,#4263,#4273,.T.);
#4271 = VERTEX_POINT('',#4272);
#4272 = CARTESIAN_POINT('',(123.,-54.,1.51));
#4273 = LINE('',#4274,#4275);
#4274 = CARTESIAN_POINT('',(123.,-54.,1.51));
#4275 = VECTOR('',#4276,1.);
#4276 = DIRECTION('',(1.,0.,0.));
#4277 = ORIENTED_EDGE('',*,*,#4278,.F.);
#4278 = EDGE_CURVE('',#4279,#4271,#4281,.T.);
#4279 = VERTEX_POINT('',#4280);
#4280 = CARTESIAN_POINT('',(122.188,-54.,1.51));
#4281 = LINE('',#4282,#4283);
#4282 = CARTESIAN_POINT('',(122.188,-54.,1.51));
#4283 = VECTOR('',#4284,1.);
#4284 = DIRECTION('',(1.,0.,0.));
#4285 = ORIENTED_EDGE('',*,*,#4286,.F.);
#4286 = EDGE_CURVE('',#4287,#4279,#4289,.T.);
#4287 = VERTEX_POINT('',#4288);
#4288 = CARTESIAN_POINT('',(121.384,-54.205,1.51));
#4289 = LINE('',#4290,#4291);
#4290 = CARTESIAN_POINT('',(121.384,-54.205,1.51));
#4291 = VECTOR('',#4292,1.);
#4292 = DIRECTION('',(0.968997564227,0.247070274461,0.));
#4293 = ORIENTED_EDGE('',*,*,#4294,.F.);
#4294 = EDGE_CURVE('',#4295,#4287,#4297,.T.);
#4295 = VERTEX_POINT('',#4296);
#4296 = CARTESIAN_POINT('',(120.589,-54.712,1.51));
#4297 = LINE('',#4298,#4299);
#4298 = CARTESIAN_POINT('',(120.589,-54.712,1.51));
#4299 = VECTOR('',#4300,1.);
#4300 = DIRECTION('',(0.84313704949,0.537698722127,0.));
#4301 = ORIENTED_EDGE('',*,*,#4302,.F.);
#4302 = EDGE_CURVE('',#4303,#4295,#4305,.T.);
#4303 = VERTEX_POINT('',#4304);
#4304 = CARTESIAN_POINT('',(119.804,-55.232,1.51));
#4305 = LINE('',#4306,#4307);
#4306 = CARTESIAN_POINT('',(119.804,-55.232,1.51));
#4307 = VECTOR('',#4308,1.);
#4308 = DIRECTION('',(0.833680551753,0.552246989696,0.));
#4309 = ORIENTED_EDGE('',*,*,#4310,.F.);
#4310 = EDGE_CURVE('',#4311,#4303,#4313,.T.);
#4311 = VERTEX_POINT('',#4312);
#4312 = CARTESIAN_POINT('',(119.027,-55.766,1.51));
#4313 = LINE('',#4314,#4315);
#4314 = CARTESIAN_POINT('',(119.027,-55.766,1.51));
#4315 = VECTOR('',#4316,1.);
#4316 = DIRECTION('',(0.82413475627,0.566393770718,0.));
#4317 = ORIENTED_EDGE('',*,*,#4318,.F.);
#4318 = EDGE_CURVE('',#4319,#4311,#4321,.T.);
#4319 = VERTEX_POINT('',#4320);
#4320 = CARTESIAN_POINT('',(118.26,-56.313,1.51));
#4321 = LINE('',#4322,#4323);
#4322 = CARTESIAN_POINT('',(118.26,-56.313,1.51));
#4323 = VECTOR('',#4324,1.);
#4324 = DIRECTION('',(0.814163582362,0.580635566561,0.));
#4325 = ORIENTED_EDGE('',*,*,#4326,.F.);
#4326 = EDGE_CURVE('',#4327,#4319,#4329,.T.);
#4327 = VERTEX_POINT('',#4328);
#4328 = CARTESIAN_POINT('',(117.502,-56.874,1.51));
#4329 = LINE('',#4330,#4331);
#4330 = CARTESIAN_POINT('',(117.502,-56.874,1.51));
#4331 = VECTOR('',#4332,1.);
#4332 = DIRECTION('',(0.803801333173,0.594897820462,0.));
#4333 = ORIENTED_EDGE('',*,*,#4334,.F.);
#4334 = EDGE_CURVE('',#4335,#4327,#4337,.T.);
#4335 = VERTEX_POINT('',#4336);
#4336 = CARTESIAN_POINT('',(116.754,-57.447,1.51));
#4337 = LINE('',#4338,#4339);
#4338 = CARTESIAN_POINT('',(116.754,-57.447,1.51));
#4339 = VECTOR('',#4340,1.);
#4340 = DIRECTION('',(0.793845443172,0.608119570772,0.));
#4341 = ORIENTED_EDGE('',*,*,#4342,.F.);
#4342 = EDGE_CURVE('',#4343,#4335,#4345,.T.);
#4343 = VERTEX_POINT('',#4344);
#4344 = CARTESIAN_POINT('',(116.017,-58.034,1.51));
#4345 = LINE('',#4346,#4347);
#4346 = CARTESIAN_POINT('',(116.017,-58.034,1.51));
#4347 = VECTOR('',#4348,1.);
#4348 = DIRECTION('',(0.782213095821,0.623010973198,0.));
#4349 = ORIENTED_EDGE('',*,*,#4350,.F.);
#4350 = EDGE_CURVE('',#4351,#4343,#4353,.T.);
#4351 = VERTEX_POINT('',#4352);
#4352 = CARTESIAN_POINT('',(115.289,-58.634,1.51));
#4353 = LINE('',#4354,#4355);
#4354 = CARTESIAN_POINT('',(115.289,-58.634,1.51));
#4355 = VECTOR('',#4356,1.);
#4356 = DIRECTION('',(0.771685393174,0.636004444923,0.));
#4357 = ORIENTED_EDGE('',*,*,#4358,.F.);
#4358 = EDGE_CURVE('',#4359,#4351,#4361,.T.);
#4359 = VERTEX_POINT('',#4360);
#4360 = CARTESIAN_POINT('',(114.573,-59.246,1.51));
#4361 = LINE('',#4362,#4363);
#4362 = CARTESIAN_POINT('',(114.573,-59.246,1.51));
#4363 = VECTOR('',#4364,1.);
#4364 = DIRECTION('',(0.760155173756,0.649741573098,0.));
#4365 = ORIENTED_EDGE('',*,*,#4366,.F.);
#4366 = EDGE_CURVE('',#4367,#4359,#4369,.T.);
#4367 = VERTEX_POINT('',#4368);
#4368 = CARTESIAN_POINT('',(113.867,-59.87,1.51));
#4369 = LINE('',#4370,#4371);
#4370 = CARTESIAN_POINT('',(113.867,-59.87,1.51));
#4371 = VECTOR('',#4372,1.);
#4372 = DIRECTION('',(0.749280095245,0.662253228659,0.));
#4373 = ORIENTED_EDGE('',*,*,#4374,.F.);
#4374 = EDGE_CURVE('',#4375,#4367,#4377,.T.);
#4375 = VERTEX_POINT('',#4376);
#4376 = CARTESIAN_POINT('',(113.172,-60.507,1.51));
#4377 = LINE('',#4378,#4379);
#4378 = CARTESIAN_POINT('',(113.172,-60.507,1.51));
#4379 = VECTOR('',#4380,1.);
#4380 = DIRECTION('',(0.737198168389,0.675676594624,0.));
#4381 = ORIENTED_EDGE('',*,*,#4382,.F.);
#4382 = EDGE_CURVE('',#4383,#4375,#4385,.T.);
#4383 = VERTEX_POINT('',#4384);
#4384 = CARTESIAN_POINT('',(112.488,-61.156,1.51));
#4385 = LINE('',#4386,#4387);
#4386 = CARTESIAN_POINT('',(112.488,-61.156,1.51));
#4387 = VECTOR('',#4388,1.);
#4388 = DIRECTION('',(0.725422962932,0.688303366875,0.));
#4389 = ORIENTED_EDGE('',*,*,#4390,.F.);
#4390 = EDGE_CURVE('',#4391,#4383,#4393,.T.);
#4391 = VERTEX_POINT('',#4392);
#4392 = CARTESIAN_POINT('',(111.816,-61.816,1.51));
#4393 = LINE('',#4394,#4395);
#4394 = CARTESIAN_POINT('',(111.816,-61.816,1.51));
#4395 = VECTOR('',#4396,1.);
#4396 = DIRECTION('',(0.713448160609,0.700708014884,0.));
#4397 = ORIENTED_EDGE('',*,*,#4398,.F.);
#4398 = EDGE_CURVE('',#4399,#4391,#4401,.T.);
#4399 = VERTEX_POINT('',#4400);
#4400 = CARTESIAN_POINT('',(111.156,-62.488,1.51));
#4401 = LINE('',#4402,#4403);
#4402 = CARTESIAN_POINT('',(111.156,-62.488,1.51));
#4403 = VECTOR('',#4404,1.);
#4404 = DIRECTION('',(0.700708014884,0.713448160609,0.));
#4405 = ORIENTED_EDGE('',*,*,#4406,.F.);
#4406 = EDGE_CURVE('',#4407,#4399,#4409,.T.);
#4407 = VERTEX_POINT('',#4408);
#4408 = CARTESIAN_POINT('',(110.507,-63.172,1.51));
#4409 = LINE('',#4410,#4411);
#4410 = CARTESIAN_POINT('',(110.507,-63.172,1.51));
#4411 = VECTOR('',#4412,1.);
#4412 = DIRECTION('',(0.688303366875,0.725422962932,0.));
#4413 = ORIENTED_EDGE('',*,*,#4414,.F.);
#4414 = EDGE_CURVE('',#4415,#4407,#4417,.T.);
#4415 = VERTEX_POINT('',#4416);
#4416 = CARTESIAN_POINT('',(109.87,-63.867,1.51));
#4417 = LINE('',#4418,#4419);
#4418 = CARTESIAN_POINT('',(109.87,-63.867,1.51));
#4419 = VECTOR('',#4420,1.);
#4420 = DIRECTION('',(0.675676594625,0.737198168389,0.));
#4421 = ORIENTED_EDGE('',*,*,#4422,.F.);
#4422 = EDGE_CURVE('',#4423,#4415,#4425,.T.);
#4423 = VERTEX_POINT('',#4424);
#4424 = CARTESIAN_POINT('',(109.246,-64.572999,1.51));
#4425 = LINE('',#4426,#4427);
#4426 = CARTESIAN_POINT('',(109.246,-64.572999,1.51));
#4427 = VECTOR('',#4428,1.);
#4428 = DIRECTION('',(0.662253755292,0.749279629779,0.));
#4429 = ORIENTED_EDGE('',*,*,#4430,.F.);
#4430 = EDGE_CURVE('',#4431,#4423,#4433,.T.);
#4431 = VERTEX_POINT('',#4432);
#4432 = CARTESIAN_POINT('',(108.634,-65.289,1.51));
#4433 = LINE('',#4434,#4435);
#4434 = CARTESIAN_POINT('',(108.634,-65.289,1.51));
#4435 = VECTOR('',#4436,1.);
#4436 = DIRECTION('',(0.649741048736,0.760155621954,0.));
#4437 = ORIENTED_EDGE('',*,*,#4438,.F.);
#4438 = EDGE_CURVE('',#4439,#4431,#4441,.T.);
#4439 = VERTEX_POINT('',#4440);
#4440 = CARTESIAN_POINT('',(108.034,-66.016999,1.51));
#4441 = LINE('',#4442,#4443);
#4442 = CARTESIAN_POINT('',(108.034,-66.016999,1.51));
#4443 = VECTOR('',#4444,1.);
#4444 = DIRECTION('',(0.63600496517,0.771684964398,0.));
#4445 = ORIENTED_EDGE('',*,*,#4446,.F.);
#4446 = EDGE_CURVE('',#4447,#4439,#4449,.T.);
#4447 = VERTEX_POINT('',#4448);
#4448 = CARTESIAN_POINT('',(107.447,-66.754,1.51));
#4449 = LINE('',#4450,#4451);
#4450 = CARTESIAN_POINT('',(107.447,-66.754,1.51));
#4451 = VECTOR('',#4452,1.);
#4452 = DIRECTION('',(0.623010455975,0.782213507775,0.));
#4453 = ORIENTED_EDGE('',*,*,#4454,.F.);
#4454 = EDGE_CURVE('',#4455,#4447,#4457,.T.);
#4455 = VERTEX_POINT('',#4456);
#4456 = CARTESIAN_POINT('',(106.874,-67.502,1.51));
#4457 = LINE('',#4458,#4459);
#4458 = CARTESIAN_POINT('',(106.874,-67.502,1.51));
#4459 = VECTOR('',#4460,1.);
#4460 = DIRECTION('',(0.608119570772,0.793845443172,0.));
#4461 = ORIENTED_EDGE('',*,*,#4462,.F.);
#4462 = EDGE_CURVE('',#4463,#4455,#4465,.T.);
#4463 = VERTEX_POINT('',#4464);
#4464 = CARTESIAN_POINT('',(106.313,-68.26,1.51));
#4465 = LINE('',#4466,#4467);
#4466 = CARTESIAN_POINT('',(106.313,-68.26,1.51));
#4467 = VECTOR('',#4468,1.);
#4468 = DIRECTION('',(0.594897820462,0.803801333173,0.));
#4469 = ORIENTED_EDGE('',*,*,#4470,.F.);
#4470 = EDGE_CURVE('',#4471,#4463,#4473,.T.);
#4471 = VERTEX_POINT('',#4472);
#4472 = CARTESIAN_POINT('',(105.766,-69.027,1.51));
#4473 = LINE('',#4474,#4475);
#4474 = CARTESIAN_POINT('',(105.766,-69.027,1.51));
#4475 = VECTOR('',#4476,1.);
#4476 = DIRECTION('',(0.580635566561,0.814163582362,0.));
#4477 = ORIENTED_EDGE('',*,*,#4478,.F.);
#4478 = EDGE_CURVE('',#4479,#4471,#4481,.T.);
#4479 = VERTEX_POINT('',#4480);
#4480 = CARTESIAN_POINT('',(105.232,-69.804,1.51));
#4481 = LINE('',#4482,#4483);
#4482 = CARTESIAN_POINT('',(105.232,-69.804,1.51));
#4483 = VECTOR('',#4484,1.);
#4484 = DIRECTION('',(0.566393770718,0.82413475627,0.));
#4485 = ORIENTED_EDGE('',*,*,#4486,.F.);
#4486 = EDGE_CURVE('',#4487,#4479,#4489,.T.);
#4487 = VERTEX_POINT('',#4488);
#4488 = CARTESIAN_POINT('',(104.712,-70.589,1.51));
#4489 = LINE('',#4490,#4491);
#4490 = CARTESIAN_POINT('',(104.712,-70.589,1.51));
#4491 = VECTOR('',#4492,1.);
#4492 = DIRECTION('',(0.552246989696,0.833680551753,0.));
#4493 = ORIENTED_EDGE('',*,*,#4494,.F.);
#4494 = EDGE_CURVE('',#4495,#4487,#4497,.T.);
#4495 = VERTEX_POINT('',#4496);
#4496 = CARTESIAN_POINT('',(104.205,-71.384,1.51));
#4497 = LINE('',#4498,#4499);
#4498 = CARTESIAN_POINT('',(104.205,-71.384,1.51));
#4499 = VECTOR('',#4500,1.);
#4500 = DIRECTION('',(0.537698722127,0.84313704949,0.));
#4501 = ORIENTED_EDGE('',*,*,#4502,.F.);
#4502 = EDGE_CURVE('',#4503,#4495,#4505,.T.);
#4503 = VERTEX_POINT('',#4504);
#4504 = CARTESIAN_POINT('',(103.713,-72.188,1.51));
#4505 = LINE('',#4506,#4507);
#4506 = CARTESIAN_POINT('',(103.713,-72.188,1.51));
#4507 = VECTOR('',#4508,1.);
#4508 = DIRECTION('',(0.521964870245,0.852966983083,0.));
#4509 = ORIENTED_EDGE('',*,*,#4510,.F.);
#4510 = EDGE_CURVE('',#4511,#4503,#4513,.T.);
#4511 = VERTEX_POINT('',#4512);
#4512 = CARTESIAN_POINT('',(103.235,-73.,1.51));
#4513 = LINE('',#4514,#4515);
#4514 = CARTESIAN_POINT('',(103.235,-73.,1.51));
#4515 = VECTOR('',#4516,1.);
#4516 = DIRECTION('',(0.507298382802,0.86177047455,0.));
#4517 = ORIENTED_EDGE('',*,*,#4518,.F.);
#4518 = EDGE_CURVE('',#4519,#4511,#4521,.T.);
#4519 = VERTEX_POINT('',#4520);
#4520 = CARTESIAN_POINT('',(103.,-73.82,1.51));
#4521 = LINE('',#4522,#4523);
#4522 = CARTESIAN_POINT('',(103.,-73.82,1.51));
#4523 = VECTOR('',#4524,1.);
#4524 = DIRECTION('',(0.27549521247,0.961302443514,0.));
#4525 = ORIENTED_EDGE('',*,*,#4526,.F.);
#4526 = EDGE_CURVE('',#4527,#4519,#4529,.T.);
#4527 = VERTEX_POINT('',#4528);
#4528 = CARTESIAN_POINT('',(103.,-74.649,1.51));
#4529 = LINE('',#4530,#4531);
#4530 = CARTESIAN_POINT('',(103.,-74.649,1.51));
#4531 = VECTOR('',#4532,1.);
#4532 = DIRECTION('',(0.,1.,0.));
#4533 = ORIENTED_EDGE('',*,*,#4534,.F.);
#4534 = EDGE_CURVE('',#4535,#4527,#4537,.T.);
#4535 = VERTEX_POINT('',#4536);
#4536 = CARTESIAN_POINT('',(103.,-75.485,1.51));
#4537 = LINE('',#4538,#4539);
#4538 = CARTESIAN_POINT('',(103.,-75.485,1.51));
#4539 = VECTOR('',#4540,1.);
#4540 = DIRECTION('',(0.,1.,0.));
#4541 = ORIENTED_EDGE('',*,*,#4542,.F.);
#4542 = EDGE_CURVE('',#4543,#4535,#4545,.T.);
#4543 = VERTEX_POINT('',#4544);
#4544 = CARTESIAN_POINT('',(103.,-76.328,1.51));
#4545 = LINE('',#4546,#4547);
#4546 = CARTESIAN_POINT('',(103.,-76.328,1.51));
#4547 = VECTOR('',#4548,1.);
#4548 = DIRECTION('',(0.,1.,0.));
#4549 = ORIENTED_EDGE('',*,*,#4550,.F.);
#4550 = EDGE_CURVE('',#4551,#4543,#4553,.T.);
#4551 = VERTEX_POINT('',#4552);
#4552 = CARTESIAN_POINT('',(103.,-77.179,1.51));
#4553 = LINE('',#4554,#4555);
#4554 = CARTESIAN_POINT('',(103.,-77.179,1.51));
#4555 = VECTOR('',#4556,1.);
#4556 = DIRECTION('',(0.,1.,0.));
#4557 = ORIENTED_EDGE('',*,*,#4558,.F.);
#4558 = EDGE_CURVE('',#4559,#4551,#4561,.T.);
#4559 = VERTEX_POINT('',#4560);
#4560 = CARTESIAN_POINT('',(103.,-78.036,1.51));
#4561 = LINE('',#4562,#4563);
#4562 = CARTESIAN_POINT('',(103.,-78.036,1.51));
#4563 = VECTOR('',#4564,1.);
#4564 = DIRECTION('',(0.,1.,0.));
#4565 = ORIENTED_EDGE('',*,*,#4566,.F.);
#4566 = EDGE_CURVE('',#4567,#4559,#4569,.T.);
#4567 = VERTEX_POINT('',#4568);
#4568 = CARTESIAN_POINT('',(103.,-78.901,1.51));
#4569 = LINE('',#4570,#4571);
#4570 = CARTESIAN_POINT('',(103.,-78.901,1.51));
#4571 = VECTOR('',#4572,1.);
#4572 = DIRECTION('',(0.,1.,0.));
#4573 = ORIENTED_EDGE('',*,*,#4574,.F.);
#4574 = EDGE_CURVE('',#4575,#4567,#4577,.T.);
#4575 = VERTEX_POINT('',#4576);
#4576 = CARTESIAN_POINT('',(103.,-79.771,1.51));
#4577 = LINE('',#4578,#4579);
#4578 = CARTESIAN_POINT('',(103.,-79.771,1.51));
#4579 = VECTOR('',#4580,1.);
#4580 = DIRECTION('',(0.,1.,0.));
#4581 = ORIENTED_EDGE('',*,*,#4582,.F.);
#4582 = EDGE_CURVE('',#4583,#4575,#4585,.T.);
#4583 = VERTEX_POINT('',#4584);
#4584 = CARTESIAN_POINT('',(103.,-80.648,1.51));
#4585 = LINE('',#4586,#4587);
#4586 = CARTESIAN_POINT('',(103.,-80.648,1.51));
#4587 = VECTOR('',#4588,1.);
#4588 = DIRECTION('',(0.,1.,0.));
#4589 = ORIENTED_EDGE('',*,*,#4590,.F.);
#4590 = EDGE_CURVE('',#4591,#4583,#4593,.T.);
#4591 = VERTEX_POINT('',#4592);
#4592 = CARTESIAN_POINT('',(103.,-81.531,1.51));
#4593 = LINE('',#4594,#4595);
#4594 = CARTESIAN_POINT('',(103.,-81.531,1.51));
#4595 = VECTOR('',#4596,1.);
#4596 = DIRECTION('',(0.,1.,0.));
#4597 = ORIENTED_EDGE('',*,*,#4598,.F.);
#4598 = EDGE_CURVE('',#4599,#4591,#4601,.T.);
#4599 = VERTEX_POINT('',#4600);
#4600 = CARTESIAN_POINT('',(103.,-82.419,1.51));
#4601 = LINE('',#4602,#4603);
#4602 = CARTESIAN_POINT('',(103.,-82.419,1.51));
#4603 = VECTOR('',#4604,1.);
#4604 = DIRECTION('',(0.,1.,0.));
#4605 = ORIENTED_EDGE('',*,*,#4606,.F.);
#4606 = EDGE_CURVE('',#4607,#4599,#4609,.T.);
#4607 = VERTEX_POINT('',#4608);
#4608 = CARTESIAN_POINT('',(103.,-83.313,1.51));
#4609 = LINE('',#4610,#4611);
#4610 = CARTESIAN_POINT('',(103.,-83.313,1.51));
#4611 = VECTOR('',#4612,1.);
#4612 = DIRECTION('',(0.,1.,0.));
#4613 = ORIENTED_EDGE('',*,*,#4614,.F.);
#4614 = EDGE_CURVE('',#4615,#4607,#4617,.T.);
#4615 = VERTEX_POINT('',#4616);
#4616 = CARTESIAN_POINT('',(103.,-84.212,1.51));
#4617 = LINE('',#4618,#4619);
#4618 = CARTESIAN_POINT('',(103.,-84.212,1.51));
#4619 = VECTOR('',#4620,1.);
#4620 = DIRECTION('',(0.,1.,0.));
#4621 = ORIENTED_EDGE('',*,*,#4622,.F.);
#4622 = EDGE_CURVE('',#4623,#4615,#4625,.T.);
#4623 = VERTEX_POINT('',#4624);
#4624 = CARTESIAN_POINT('',(103.,-85.116,1.51));
#4625 = LINE('',#4626,#4627);
#4626 = CARTESIAN_POINT('',(103.,-85.116,1.51));
#4627 = VECTOR('',#4628,1.);
#4628 = DIRECTION('',(0.,1.,0.));
#4629 = ORIENTED_EDGE('',*,*,#4630,.F.);
#4630 = EDGE_CURVE('',#4631,#4623,#4633,.T.);
#4631 = VERTEX_POINT('',#4632);
#4632 = CARTESIAN_POINT('',(103.,-86.024,1.51));
#4633 = LINE('',#4634,#4635);
#4634 = CARTESIAN_POINT('',(103.,-86.024,1.51));
#4635 = VECTOR('',#4636,1.);
#4636 = DIRECTION('',(0.,1.,0.));
#4637 = ORIENTED_EDGE('',*,*,#4638,.F.);
#4638 = EDGE_CURVE('',#4639,#4631,#4641,.T.);
#4639 = VERTEX_POINT('',#4640);
#4640 = CARTESIAN_POINT('',(103.,-86.936,1.51));
#4641 = LINE('',#4642,#4643);
#4642 = CARTESIAN_POINT('',(103.,-86.936,1.51));
#4643 = VECTOR('',#4644,1.);
#4644 = DIRECTION('',(0.,1.,0.));
#4645 = ORIENTED_EDGE('',*,*,#4646,.F.);
#4646 = EDGE_CURVE('',#4647,#4639,#4649,.T.);
#4647 = VERTEX_POINT('',#4648);
#4648 = CARTESIAN_POINT('',(103.,-87.853,1.51));
#4649 = LINE('',#4650,#4651);
#4650 = CARTESIAN_POINT('',(103.,-87.853,1.51));
#4651 = VECTOR('',#4652,1.);
#4652 = DIRECTION('',(0.,1.,0.));
#4653 = ORIENTED_EDGE('',*,*,#4654,.F.);
#4654 = EDGE_CURVE('',#4655,#4647,#4657,.T.);
#4655 = VERTEX_POINT('',#4656);
#4656 = CARTESIAN_POINT('',(103.,-88.773,1.51));
#4657 = LINE('',#4658,#4659);
#4658 = CARTESIAN_POINT('',(103.,-88.773,1.51));
#4659 = VECTOR('',#4660,1.);
#4660 = DIRECTION('',(0.,1.,0.));
#4661 = ORIENTED_EDGE('',*,*,#4662,.F.);
#4662 = EDGE_CURVE('',#4663,#4655,#4665,.T.);
#4663 = VERTEX_POINT('',#4664);
#4664 = CARTESIAN_POINT('',(103.,-89.696,1.51));
#4665 = LINE('',#4666,#4667);
#4666 = CARTESIAN_POINT('',(103.,-89.696,1.51));
#4667 = VECTOR('',#4668,1.);
#4668 = DIRECTION('',(0.,1.,0.));
#4669 = ORIENTED_EDGE('',*,*,#4670,.F.);
#4670 = EDGE_CURVE('',#4671,#4663,#4673,.T.);
#4671 = VERTEX_POINT('',#4672);
#4672 = CARTESIAN_POINT('',(103.,-90.623,1.51));
#4673 = LINE('',#4674,#4675);
#4674 = CARTESIAN_POINT('',(103.,-90.623,1.51));
#4675 = VECTOR('',#4676,1.);
#4676 = DIRECTION('',(0.,1.,0.));
#4677 = ORIENTED_EDGE('',*,*,#4678,.F.);
#4678 = EDGE_CURVE('',#4679,#4671,#4681,.T.);
#4679 = VERTEX_POINT('',#4680);
#4680 = CARTESIAN_POINT('',(103.,-91.553,1.51));
#4681 = LINE('',#4682,#4683);
#4682 = CARTESIAN_POINT('',(103.,-91.553,1.51));
#4683 = VECTOR('',#4684,1.);
#4684 = DIRECTION('',(0.,1.,0.));
#4685 = ORIENTED_EDGE('',*,*,#4686,.F.);
#4686 = EDGE_CURVE('',#4687,#4679,#4689,.T.);
#4687 = VERTEX_POINT('',#4688);
#4688 = CARTESIAN_POINT('',(103.,-92.485,1.51));
#4689 = LINE('',#4690,#4691);
#4690 = CARTESIAN_POINT('',(103.,-92.485,1.51));
#4691 = VECTOR('',#4692,1.);
#4692 = DIRECTION('',(0.,1.,0.));
#4693 = ORIENTED_EDGE('',*,*,#4694,.F.);
#4694 = EDGE_CURVE('',#4695,#4687,#4697,.T.);
#4695 = VERTEX_POINT('',#4696);
#4696 = CARTESIAN_POINT('',(103.,-93.419,1.51));
#4697 = LINE('',#4698,#4699);
#4698 = CARTESIAN_POINT('',(103.,-93.419,1.51));
#4699 = VECTOR('',#4700,1.);
#4700 = DIRECTION('',(0.,1.,0.));
#4701 = ORIENTED_EDGE('',*,*,#4702,.F.);
#4702 = EDGE_CURVE('',#4703,#4695,#4705,.T.);
#4703 = VERTEX_POINT('',#4704);
#4704 = CARTESIAN_POINT('',(103.,-94.355,1.51));
#4705 = LINE('',#4706,#4707);
#4706 = CARTESIAN_POINT('',(103.,-94.355,1.51));
#4707 = VECTOR('',#4708,1.);
#4708 = DIRECTION('',(0.,1.,0.));
#4709 = ORIENTED_EDGE('',*,*,#4710,.F.);
#4710 = EDGE_CURVE('',#4711,#4703,#4713,.T.);
#4711 = VERTEX_POINT('',#4712);
#4712 = CARTESIAN_POINT('',(103.,-95.294,1.51));
#4713 = LINE('',#4714,#4715);
#4714 = CARTESIAN_POINT('',(103.,-95.294,1.51));
#4715 = VECTOR('',#4716,1.);
#4716 = DIRECTION('',(0.,1.,0.));
#4717 = ORIENTED_EDGE('',*,*,#4718,.F.);
#4718 = EDGE_CURVE('',#4719,#4711,#4721,.T.);
#4719 = VERTEX_POINT('',#4720);
#4720 = CARTESIAN_POINT('',(103.,-96.233,1.51));
#4721 = LINE('',#4722,#4723);
#4722 = CARTESIAN_POINT('',(103.,-96.233,1.51));
#4723 = VECTOR('',#4724,1.);
#4724 = DIRECTION('',(0.,1.,0.));
#4725 = ORIENTED_EDGE('',*,*,#4726,.F.);
#4726 = EDGE_CURVE('',#4727,#4719,#4729,.T.);
#4727 = VERTEX_POINT('',#4728);
#4728 = CARTESIAN_POINT('',(103.,-97.174,1.51));
#4729 = LINE('',#4730,#4731);
#4730 = CARTESIAN_POINT('',(103.,-97.174,1.51));
#4731 = VECTOR('',#4732,1.);
#4732 = DIRECTION('',(0.,1.,0.));
#4733 = ORIENTED_EDGE('',*,*,#4734,.F.);
#4734 = EDGE_CURVE('',#4735,#4727,#4737,.T.);
#4735 = VERTEX_POINT('',#4736);
#4736 = CARTESIAN_POINT('',(103.,-98.115,1.51));
#4737 = LINE('',#4738,#4739);
#4738 = CARTESIAN_POINT('',(103.,-98.115,1.51));
#4739 = VECTOR('',#4740,1.);
#4740 = DIRECTION('',(0.,1.,0.));
#4741 = ORIENTED_EDGE('',*,*,#4742,.F.);
#4742 = EDGE_CURVE('',#4743,#4735,#4745,.T.);
#4743 = VERTEX_POINT('',#4744);
#4744 = CARTESIAN_POINT('',(103.,-99.058,1.51));
#4745 = LINE('',#4746,#4747);
#4746 = CARTESIAN_POINT('',(103.,-99.058,1.51));
#4747 = VECTOR('',#4748,1.);
#4748 = DIRECTION('',(0.,1.,0.));
#4749 = ORIENTED_EDGE('',*,*,#4750,.F.);
#4750 = EDGE_CURVE('',#4751,#4743,#4753,.T.);
#4751 = VERTEX_POINT('',#4752);
#4752 = CARTESIAN_POINT('',(103.,-100.,1.51));
#4753 = LINE('',#4754,#4755);
#4754 = CARTESIAN_POINT('',(103.,-100.,1.51));
#4755 = VECTOR('',#4756,1.);
#4756 = DIRECTION('',(0.,1.,0.));
#4757 = ORIENTED_EDGE('',*,*,#4758,.F.);
#4758 = EDGE_CURVE('',#4759,#4751,#4761,.T.);
#4759 = VERTEX_POINT('',#4760);
#4760 = CARTESIAN_POINT('',(103.,-100.942,1.51));
#4761 = LINE('',#4762,#4763);
#4762 = CARTESIAN_POINT('',(103.,-100.942,1.51));
#4763 = VECTOR('',#4764,1.);
#4764 = DIRECTION('',(0.,1.,0.));
#4765 = ORIENTED_EDGE('',*,*,#4766,.F.);
#4766 = EDGE_CURVE('',#4767,#4759,#4769,.T.);
#4767 = VERTEX_POINT('',#4768);
#4768 = CARTESIAN_POINT('',(103.,-101.885,1.51));
#4769 = LINE('',#4770,#4771);
#4770 = CARTESIAN_POINT('',(103.,-101.885,1.51));
#4771 = VECTOR('',#4772,1.);
#4772 = DIRECTION('',(0.,1.,0.));
#4773 = ORIENTED_EDGE('',*,*,#4774,.F.);
#4774 = EDGE_CURVE('',#4775,#4767,#4777,.T.);
#4775 = VERTEX_POINT('',#4776);
#4776 = CARTESIAN_POINT('',(103.,-102.826,1.51));
#4777 = LINE('',#4778,#4779);
#4778 = CARTESIAN_POINT('',(103.,-102.826,1.51));
#4779 = VECTOR('',#4780,1.);
#4780 = DIRECTION('',(0.,1.,0.));
#4781 = ORIENTED_EDGE('',*,*,#4782,.F.);
#4782 = EDGE_CURVE('',#4783,#4775,#4785,.T.);
#4783 = VERTEX_POINT('',#4784);
#4784 = CARTESIAN_POINT('',(103.,-103.767,1.51));
#4785 = LINE('',#4786,#4787);
#4786 = CARTESIAN_POINT('',(103.,-103.767,1.51));
#4787 = VECTOR('',#4788,1.);
#4788 = DIRECTION('',(0.,1.,0.));
#4789 = ORIENTED_EDGE('',*,*,#4790,.F.);
#4790 = EDGE_CURVE('',#4791,#4783,#4793,.T.);
#4791 = VERTEX_POINT('',#4792);
#4792 = CARTESIAN_POINT('',(103.,-104.706,1.51));
#4793 = LINE('',#4794,#4795);
#4794 = CARTESIAN_POINT('',(103.,-104.706,1.51));
#4795 = VECTOR('',#4796,1.);
#4796 = DIRECTION('',(0.,1.,0.));
#4797 = ORIENTED_EDGE('',*,*,#4798,.F.);
#4798 = EDGE_CURVE('',#4799,#4791,#4801,.T.);
#4799 = VERTEX_POINT('',#4800);
#4800 = CARTESIAN_POINT('',(103.,-105.645,1.51));
#4801 = LINE('',#4802,#4803);
#4802 = CARTESIAN_POINT('',(103.,-105.645,1.51));
#4803 = VECTOR('',#4804,1.);
#4804 = DIRECTION('',(0.,1.,0.));
#4805 = ORIENTED_EDGE('',*,*,#4806,.F.);
#4806 = EDGE_CURVE('',#4807,#4799,#4809,.T.);
#4807 = VERTEX_POINT('',#4808);
#4808 = CARTESIAN_POINT('',(103.,-106.581,1.51));
#4809 = LINE('',#4810,#4811);
#4810 = CARTESIAN_POINT('',(103.,-106.581,1.51));
#4811 = VECTOR('',#4812,1.);
#4812 = DIRECTION('',(0.,1.,0.));
#4813 = ORIENTED_EDGE('',*,*,#4814,.F.);
#4814 = EDGE_CURVE('',#4815,#4807,#4817,.T.);
#4815 = VERTEX_POINT('',#4816);
#4816 = CARTESIAN_POINT('',(103.,-107.515,1.51));
#4817 = LINE('',#4818,#4819);
#4818 = CARTESIAN_POINT('',(103.,-107.515,1.51));
#4819 = VECTOR('',#4820,1.);
#4820 = DIRECTION('',(0.,1.,0.));
#4821 = ORIENTED_EDGE('',*,*,#4822,.F.);
#4822 = EDGE_CURVE('',#4823,#4815,#4825,.T.);
#4823 = VERTEX_POINT('',#4824);
#4824 = CARTESIAN_POINT('',(103.,-108.447,1.51));
#4825 = LINE('',#4826,#4827);
#4826 = CARTESIAN_POINT('',(103.,-108.447,1.51));
#4827 = VECTOR('',#4828,1.);
#4828 = DIRECTION('',(0.,1.,0.));
#4829 = ORIENTED_EDGE('',*,*,#4830,.F.);
#4830 = EDGE_CURVE('',#4831,#4823,#4833,.T.);
#4831 = VERTEX_POINT('',#4832);
#4832 = CARTESIAN_POINT('',(103.,-109.377,1.51));
#4833 = LINE('',#4834,#4835);
#4834 = CARTESIAN_POINT('',(103.,-109.377,1.51));
#4835 = VECTOR('',#4836,1.);
#4836 = DIRECTION('',(0.,1.,0.));
#4837 = ORIENTED_EDGE('',*,*,#4838,.F.);
#4838 = EDGE_CURVE('',#4839,#4831,#4841,.T.);
#4839 = VERTEX_POINT('',#4840);
#4840 = CARTESIAN_POINT('',(103.,-110.304,1.51));
#4841 = LINE('',#4842,#4843);
#4842 = CARTESIAN_POINT('',(103.,-110.304,1.51));
#4843 = VECTOR('',#4844,1.);
#4844 = DIRECTION('',(0.,1.,0.));
#4845 = ORIENTED_EDGE('',*,*,#4846,.F.);
#4846 = EDGE_CURVE('',#4847,#4839,#4849,.T.);
#4847 = VERTEX_POINT('',#4848);
#4848 = CARTESIAN_POINT('',(103.,-111.227,1.51));
#4849 = LINE('',#4850,#4851);
#4850 = CARTESIAN_POINT('',(103.,-111.227,1.51));
#4851 = VECTOR('',#4852,1.);
#4852 = DIRECTION('',(0.,1.,0.));
#4853 = ORIENTED_EDGE('',*,*,#4854,.F.);
#4854 = EDGE_CURVE('',#4855,#4847,#4857,.T.);
#4855 = VERTEX_POINT('',#4856);
#4856 = CARTESIAN_POINT('',(103.,-112.147,1.51));
#4857 = LINE('',#4858,#4859);
#4858 = CARTESIAN_POINT('',(103.,-112.147,1.51));
#4859 = VECTOR('',#4860,1.);
#4860 = DIRECTION('',(0.,1.,0.));
#4861 = ORIENTED_EDGE('',*,*,#4862,.F.);
#4862 = EDGE_CURVE('',#4863,#4855,#4865,.T.);
#4863 = VERTEX_POINT('',#4864);
#4864 = CARTESIAN_POINT('',(103.,-113.064,1.51));
#4865 = LINE('',#4866,#4867);
#4866 = CARTESIAN_POINT('',(103.,-113.064,1.51));
#4867 = VECTOR('',#4868,1.);
#4868 = DIRECTION('',(0.,1.,0.));
#4869 = ORIENTED_EDGE('',*,*,#4870,.F.);
#4870 = EDGE_CURVE('',#4871,#4863,#4873,.T.);
#4871 = VERTEX_POINT('',#4872);
#4872 = CARTESIAN_POINT('',(103.,-113.976,1.51));
#4873 = LINE('',#4874,#4875);
#4874 = CARTESIAN_POINT('',(103.,-113.976,1.51));
#4875 = VECTOR('',#4876,1.);
#4876 = DIRECTION('',(0.,1.,0.));
#4877 = ORIENTED_EDGE('',*,*,#4878,.F.);
#4878 = EDGE_CURVE('',#4879,#4871,#4881,.T.);
#4879 = VERTEX_POINT('',#4880);
#4880 = CARTESIAN_POINT('',(103.,-114.884,1.51));
#4881 = LINE('',#4882,#4883);
#4882 = CARTESIAN_POINT('',(103.,-114.884,1.51));
#4883 = VECTOR('',#4884,1.);
#4884 = DIRECTION('',(0.,1.,0.));
#4885 = ORIENTED_EDGE('',*,*,#4886,.F.);
#4886 = EDGE_CURVE('',#4887,#4879,#4889,.T.);
#4887 = VERTEX_POINT('',#4888);
#4888 = CARTESIAN_POINT('',(103.,-115.788,1.51));
#4889 = LINE('',#4890,#4891);
#4890 = CARTESIAN_POINT('',(103.,-115.788,1.51));
#4891 = VECTOR('',#4892,1.);
#4892 = DIRECTION('',(0.,1.,0.));
#4893 = ORIENTED_EDGE('',*,*,#4894,.F.);
#4894 = EDGE_CURVE('',#4895,#4887,#4897,.T.);
#4895 = VERTEX_POINT('',#4896);
#4896 = CARTESIAN_POINT('',(103.,-116.687,1.51));
#4897 = LINE('',#4898,#4899);
#4898 = CARTESIAN_POINT('',(103.,-116.687,1.51));
#4899 = VECTOR('',#4900,1.);
#4900 = DIRECTION('',(0.,1.,0.));
#4901 = ORIENTED_EDGE('',*,*,#4902,.F.);
#4902 = EDGE_CURVE('',#4903,#4895,#4905,.T.);
#4903 = VERTEX_POINT('',#4904);
#4904 = CARTESIAN_POINT('',(103.,-117.581,1.51));
#4905 = LINE('',#4906,#4907);
#4906 = CARTESIAN_POINT('',(103.,-117.581,1.51));
#4907 = VECTOR('',#4908,1.);
#4908 = DIRECTION('',(0.,1.,0.));
#4909 = ORIENTED_EDGE('',*,*,#4910,.F.);
#4910 = EDGE_CURVE('',#4911,#4903,#4913,.T.);
#4911 = VERTEX_POINT('',#4912);
#4912 = CARTESIAN_POINT('',(103.,-118.469,1.51));
#4913 = LINE('',#4914,#4915);
#4914 = CARTESIAN_POINT('',(103.,-118.469,1.51));
#4915 = VECTOR('',#4916,1.);
#4916 = DIRECTION('',(0.,1.,0.));
#4917 = ORIENTED_EDGE('',*,*,#4918,.F.);
#4918 = EDGE_CURVE('',#4919,#4911,#4921,.T.);
#4919 = VERTEX_POINT('',#4920);
#4920 = CARTESIAN_POINT('',(103.,-119.352,1.51));
#4921 = LINE('',#4922,#4923);
#4922 = CARTESIAN_POINT('',(103.,-119.352,1.51));
#4923 = VECTOR('',#4924,1.);
#4924 = DIRECTION('',(0.,1.,0.));
#4925 = ORIENTED_EDGE('',*,*,#4926,.F.);
#4926 = EDGE_CURVE('',#4927,#4919,#4929,.T.);
#4927 = VERTEX_POINT('',#4928);
#4928 = CARTESIAN_POINT('',(103.,-120.229,1.51));
#4929 = LINE('',#4930,#4931);
#4930 = CARTESIAN_POINT('',(103.,-120.229,1.51));
#4931 = VECTOR('',#4932,1.);
#4932 = DIRECTION('',(0.,1.,0.));
#4933 = ORIENTED_EDGE('',*,*,#4934,.F.);
#4934 = EDGE_CURVE('',#4935,#4927,#4937,.T.);
#4935 = VERTEX_POINT('',#4936);
#4936 = CARTESIAN_POINT('',(103.,-121.099,1.51));
#4937 = LINE('',#4938,#4939);
#4938 = CARTESIAN_POINT('',(103.,-121.099,1.51));
#4939 = VECTOR('',#4940,1.);
#4940 = DIRECTION('',(0.,1.,0.));
#4941 = ORIENTED_EDGE('',*,*,#4942,.F.);
#4942 = EDGE_CURVE('',#4943,#4935,#4945,.T.);
#4943 = VERTEX_POINT('',#4944);
#4944 = CARTESIAN_POINT('',(103.,-121.964,1.51));
#4945 = LINE('',#4946,#4947);
#4946 = CARTESIAN_POINT('',(103.,-121.964,1.51));
#4947 = VECTOR('',#4948,1.);
#4948 = DIRECTION('',(0.,1.,0.));
#4949 = ORIENTED_EDGE('',*,*,#4950,.F.);
#4950 = EDGE_CURVE('',#4951,#4943,#4953,.T.);
#4951 = VERTEX_POINT('',#4952);
#4952 = CARTESIAN_POINT('',(103.,-122.821,1.51));
#4953 = LINE('',#4954,#4955);
#4954 = CARTESIAN_POINT('',(103.,-122.821,1.51));
#4955 = VECTOR('',#4956,1.);
#4956 = DIRECTION('',(0.,1.,0.));
#4957 = ORIENTED_EDGE('',*,*,#4958,.F.);
#4958 = EDGE_CURVE('',#4959,#4951,#4961,.T.);
#4959 = VERTEX_POINT('',#4960);
#4960 = CARTESIAN_POINT('',(103.,-123.672,1.51));
#4961 = LINE('',#4962,#4963);
#4962 = CARTESIAN_POINT('',(103.,-123.672,1.51));
#4963 = VECTOR('',#4964,1.);
#4964 = DIRECTION('',(0.,1.,0.));
#4965 = ORIENTED_EDGE('',*,*,#4966,.F.);
#4966 = EDGE_CURVE('',#4967,#4959,#4969,.T.);
#4967 = VERTEX_POINT('',#4968);
#4968 = CARTESIAN_POINT('',(103.,-124.515,1.51));
#4969 = LINE('',#4970,#4971);
#4970 = CARTESIAN_POINT('',(103.,-124.515,1.51));
#4971 = VECTOR('',#4972,1.);
#4972 = DIRECTION('',(0.,1.,0.));
#4973 = ORIENTED_EDGE('',*,*,#4974,.F.);
#4974 = EDGE_CURVE('',#4975,#4967,#4977,.T.);
#4975 = VERTEX_POINT('',#4976);
#4976 = CARTESIAN_POINT('',(103.,-125.351,1.51));
#4977 = LINE('',#4978,#4979);
#4978 = CARTESIAN_POINT('',(103.,-125.351,1.51));
#4979 = VECTOR('',#4980,1.);
#4980 = DIRECTION('',(0.,1.,0.));
#4981 = ORIENTED_EDGE('',*,*,#4982,.F.);
#4982 = EDGE_CURVE('',#4983,#4975,#4985,.T.);
#4983 = VERTEX_POINT('',#4984);
#4984 = CARTESIAN_POINT('',(103.,-126.18,1.51));
#4985 = LINE('',#4986,#4987);
#4986 = CARTESIAN_POINT('',(103.,-126.18,1.51));
#4987 = VECTOR('',#4988,1.);
#4988 = DIRECTION('',(0.,1.,0.));
#4989 = ORIENTED_EDGE('',*,*,#4990,.F.);
#4990 = EDGE_CURVE('',#4991,#4983,#4993,.T.);
#4991 = VERTEX_POINT('',#4992);
#4992 = CARTESIAN_POINT('',(103.235,-127.,1.51));
#4993 = LINE('',#4994,#4995);
#4994 = CARTESIAN_POINT('',(103.235,-127.,1.51));
#4995 = VECTOR('',#4996,1.);
#4996 = DIRECTION('',(-0.27549521247,0.961302443514,0.));
#4997 = ORIENTED_EDGE('',*,*,#4998,.F.);
#4998 = EDGE_CURVE('',#4999,#4991,#5001,.T.);
#4999 = VERTEX_POINT('',#5000);
#5000 = CARTESIAN_POINT('',(103.713,-127.812,1.51));
#5001 = LINE('',#5002,#5003);
#5002 = CARTESIAN_POINT('',(103.713,-127.812,1.51));
#5003 = VECTOR('',#5004,1.);
#5004 = DIRECTION('',(-0.507298382802,0.86177047455,0.));
#5005 = ORIENTED_EDGE('',*,*,#5006,.F.);
#5006 = EDGE_CURVE('',#5007,#4999,#5009,.T.);
#5007 = VERTEX_POINT('',#5008);
#5008 = CARTESIAN_POINT('',(104.205,-128.616,1.51));
#5009 = LINE('',#5010,#5011);
#5010 = CARTESIAN_POINT('',(104.205,-128.616,1.51));
#5011 = VECTOR('',#5012,1.);
#5012 = DIRECTION('',(-0.521964870245,0.852966983083,0.));
#5013 = ORIENTED_EDGE('',*,*,#5014,.F.);
#5014 = EDGE_CURVE('',#5015,#5007,#5017,.T.);
#5015 = VERTEX_POINT('',#5016);
#5016 = CARTESIAN_POINT('',(104.712,-129.411,1.51));
#5017 = LINE('',#5018,#5019);
#5018 = CARTESIAN_POINT('',(104.712,-129.411,1.51));
#5019 = VECTOR('',#5020,1.);
#5020 = DIRECTION('',(-0.537698722128,0.84313704949,0.));
#5021 = ORIENTED_EDGE('',*,*,#5022,.F.);
#5022 = EDGE_CURVE('',#5023,#5015,#5025,.T.);
#5023 = VERTEX_POINT('',#5024);
#5024 = CARTESIAN_POINT('',(105.232,-130.196,1.51));
#5025 = LINE('',#5026,#5027);
#5026 = CARTESIAN_POINT('',(105.232,-130.196,1.51));
#5027 = VECTOR('',#5028,1.);
#5028 = DIRECTION('',(-0.552246989696,0.833680551753,0.));
#5029 = ORIENTED_EDGE('',*,*,#5030,.F.);
#5030 = EDGE_CURVE('',#5031,#5023,#5033,.T.);
#5031 = VERTEX_POINT('',#5032);
#5032 = CARTESIAN_POINT('',(105.766,-130.973,1.51));
#5033 = LINE('',#5034,#5035);
#5034 = CARTESIAN_POINT('',(105.766,-130.973,1.51));
#5035 = VECTOR('',#5036,1.);
#5036 = DIRECTION('',(-0.566393770718,0.82413475627,0.));
#5037 = ORIENTED_EDGE('',*,*,#5038,.F.);
#5038 = EDGE_CURVE('',#5039,#5031,#5041,.T.);
#5039 = VERTEX_POINT('',#5040);
#5040 = CARTESIAN_POINT('',(106.313,-131.74,1.51));
#5041 = LINE('',#5042,#5043);
#5042 = CARTESIAN_POINT('',(106.313,-131.74,1.51));
#5043 = VECTOR('',#5044,1.);
#5044 = DIRECTION('',(-0.580635566561,0.814163582362,0.));
#5045 = ORIENTED_EDGE('',*,*,#5046,.F.);
#5046 = EDGE_CURVE('',#5047,#5039,#5049,.T.);
#5047 = VERTEX_POINT('',#5048);
#5048 = CARTESIAN_POINT('',(106.874,-132.497999,1.51));
#5049 = LINE('',#5050,#5051);
#5050 = CARTESIAN_POINT('',(106.874,-132.497999,1.51));
#5051 = VECTOR('',#5052,1.);
#5052 = DIRECTION('',(-0.594898327535,0.803800957885,0.));
#5053 = ORIENTED_EDGE('',*,*,#5054,.F.);
#5054 = EDGE_CURVE('',#5055,#5047,#5057,.T.);
#5055 = VERTEX_POINT('',#5056);
#5056 = CARTESIAN_POINT('',(107.447,-133.246,1.51));
#5057 = LINE('',#5058,#5059);
#5058 = CARTESIAN_POINT('',(107.447,-133.246,1.51));
#5059 = VECTOR('',#5060,1.);
#5060 = DIRECTION('',(-0.608119058431,0.793845835646,0.));
#5061 = ORIENTED_EDGE('',*,*,#5062,.F.);
#5062 = EDGE_CURVE('',#5063,#5055,#5065,.T.);
#5063 = VERTEX_POINT('',#5064);
#5064 = CARTESIAN_POINT('',(108.034,-133.983,1.51));
#5065 = LINE('',#5066,#5067);
#5066 = CARTESIAN_POINT('',(108.034,-133.983,1.51));
#5067 = VECTOR('',#5068,1.);
#5068 = DIRECTION('',(-0.623010973198,0.782213095821,0.));
#5069 = ORIENTED_EDGE('',*,*,#5070,.F.);
#5070 = EDGE_CURVE('',#5071,#5063,#5073,.T.);
#5071 = VERTEX_POINT('',#5072);
#5072 = CARTESIAN_POINT('',(108.634,-134.711,1.51));
#5073 = LINE('',#5074,#5075);
#5074 = CARTESIAN_POINT('',(108.634,-134.711,1.51));
#5075 = VECTOR('',#5076,1.);
#5076 = DIRECTION('',(-0.636004444923,0.771685393174,0.));
#5077 = ORIENTED_EDGE('',*,*,#5078,.F.);
#5078 = EDGE_CURVE('',#5079,#5071,#5081,.T.);
#5079 = VERTEX_POINT('',#5080);
#5080 = CARTESIAN_POINT('',(109.246,-135.427,1.51));
#5081 = LINE('',#5082,#5083);
#5082 = CARTESIAN_POINT('',(109.246,-135.427,1.51));
#5083 = VECTOR('',#5084,1.);
#5084 = DIRECTION('',(-0.649741573098,0.760155173756,0.));
#5085 = ORIENTED_EDGE('',*,*,#5086,.F.);
#5086 = EDGE_CURVE('',#5087,#5079,#5089,.T.);
#5087 = VERTEX_POINT('',#5088);
#5088 = CARTESIAN_POINT('',(109.87,-136.133,1.51));
#5089 = LINE('',#5090,#5091);
#5090 = CARTESIAN_POINT('',(109.87,-136.133,1.51));
#5091 = VECTOR('',#5092,1.);
#5092 = DIRECTION('',(-0.662253228659,0.749280095245,0.));
#5093 = ORIENTED_EDGE('',*,*,#5094,.F.);
#5094 = EDGE_CURVE('',#5095,#5087,#5097,.T.);
#5095 = VERTEX_POINT('',#5096);
#5096 = CARTESIAN_POINT('',(110.507,-136.828,1.51));
#5097 = LINE('',#5098,#5099);
#5098 = CARTESIAN_POINT('',(110.507,-136.828,1.51));
#5099 = VECTOR('',#5100,1.);
#5100 = DIRECTION('',(-0.675676594625,0.737198168389,0.));
#5101 = ORIENTED_EDGE('',*,*,#5102,.F.);
#5102 = EDGE_CURVE('',#5103,#5095,#5105,.T.);
#5103 = VERTEX_POINT('',#5104);
#5104 = CARTESIAN_POINT('',(111.156,-137.512,1.51));
#5105 = LINE('',#5106,#5107);
#5106 = CARTESIAN_POINT('',(111.156,-137.512,1.51));
#5107 = VECTOR('',#5108,1.);
#5108 = DIRECTION('',(-0.688303366875,0.725422962932,0.));
#5109 = ORIENTED_EDGE('',*,*,#5110,.F.);
#5110 = EDGE_CURVE('',#5111,#5103,#5113,.T.);
#5111 = VERTEX_POINT('',#5112);
#5112 = CARTESIAN_POINT('',(111.816,-138.184,1.51));
#5113 = LINE('',#5114,#5115);
#5114 = CARTESIAN_POINT('',(111.816,-138.184,1.51));
#5115 = VECTOR('',#5116,1.);
#5116 = DIRECTION('',(-0.700708014884,0.713448160609,0.));
#5117 = ORIENTED_EDGE('',*,*,#5118,.F.);
#5118 = EDGE_CURVE('',#5119,#5111,#5121,.T.);
#5119 = VERTEX_POINT('',#5120);
#5120 = CARTESIAN_POINT('',(112.488,-138.844,1.51));
#5121 = LINE('',#5122,#5123);
#5122 = CARTESIAN_POINT('',(112.488,-138.844,1.51));
#5123 = VECTOR('',#5124,1.);
#5124 = DIRECTION('',(-0.713448160609,0.700708014884,0.));
#5125 = ORIENTED_EDGE('',*,*,#5126,.F.);
#5126 = EDGE_CURVE('',#5127,#5119,#5129,.T.);
#5127 = VERTEX_POINT('',#5128);
#5128 = CARTESIAN_POINT('',(113.172,-139.493,1.51));
#5129 = LINE('',#5130,#5131);
#5130 = CARTESIAN_POINT('',(113.172,-139.493,1.51));
#5131 = VECTOR('',#5132,1.);
#5132 = DIRECTION('',(-0.725422962932,0.688303366875,0.));
#5133 = ORIENTED_EDGE('',*,*,#5134,.F.);
#5134 = EDGE_CURVE('',#5135,#5127,#5137,.T.);
#5135 = VERTEX_POINT('',#5136);
#5136 = CARTESIAN_POINT('',(113.867,-140.13,1.51));
#5137 = LINE('',#5138,#5139);
#5138 = CARTESIAN_POINT('',(113.867,-140.13,1.51));
#5139 = VECTOR('',#5140,1.);
#5140 = DIRECTION('',(-0.737198168389,0.675676594624,0.));
#5141 = ORIENTED_EDGE('',*,*,#5142,.F.);
#5142 = EDGE_CURVE('',#5143,#5135,#5145,.T.);
#5143 = VERTEX_POINT('',#5144);
#5144 = CARTESIAN_POINT('',(114.573,-140.754,1.51));
#5145 = LINE('',#5146,#5147);
#5146 = CARTESIAN_POINT('',(114.573,-140.754,1.51));
#5147 = VECTOR('',#5148,1.);
#5148 = DIRECTION('',(-0.749280095245,0.662253228659,0.));
#5149 = ORIENTED_EDGE('',*,*,#5150,.F.);
#5150 = EDGE_CURVE('',#5151,#5143,#5153,.T.);
#5151 = VERTEX_POINT('',#5152);
#5152 = CARTESIAN_POINT('',(115.289,-141.366,1.51));
#5153 = LINE('',#5154,#5155);
#5154 = CARTESIAN_POINT('',(115.289,-141.366,1.51));
#5155 = VECTOR('',#5156,1.);
#5156 = DIRECTION('',(-0.760155173756,0.649741573098,0.));
#5157 = ORIENTED_EDGE('',*,*,#5158,.F.);
#5158 = EDGE_CURVE('',#5159,#5151,#5161,.T.);
#5159 = VERTEX_POINT('',#5160);
#5160 = CARTESIAN_POINT('',(116.017,-141.966,1.51));
#5161 = LINE('',#5162,#5163);
#5162 = CARTESIAN_POINT('',(116.017,-141.966,1.51));
#5163 = VECTOR('',#5164,1.);
#5164 = DIRECTION('',(-0.771685393174,0.636004444923,0.));
#5165 = ORIENTED_EDGE('',*,*,#5166,.F.);
#5166 = EDGE_CURVE('',#5167,#5159,#5169,.T.);
#5167 = VERTEX_POINT('',#5168);
#5168 = CARTESIAN_POINT('',(116.754,-142.553,1.51));
#5169 = LINE('',#5170,#5171);
#5170 = CARTESIAN_POINT('',(116.754,-142.553,1.51));
#5171 = VECTOR('',#5172,1.);
#5172 = DIRECTION('',(-0.782213095821,0.623010973198,0.));
#5173 = ORIENTED_EDGE('',*,*,#5174,.F.);
#5174 = EDGE_CURVE('',#5175,#5167,#5177,.T.);
#5175 = VERTEX_POINT('',#5176);
#5176 = CARTESIAN_POINT('',(117.502,-143.126,1.51));
#5177 = LINE('',#5178,#5179);
#5178 = CARTESIAN_POINT('',(117.502,-143.126,1.51));
#5179 = VECTOR('',#5180,1.);
#5180 = DIRECTION('',(-0.793845443172,0.608119570772,0.));
#5181 = ORIENTED_EDGE('',*,*,#5182,.F.);
#5182 = EDGE_CURVE('',#5183,#5175,#5185,.T.);
#5183 = VERTEX_POINT('',#5184);
#5184 = CARTESIAN_POINT('',(118.26,-143.687,1.51));
#5185 = LINE('',#5186,#5187);
#5186 = CARTESIAN_POINT('',(118.26,-143.687,1.51));
#5187 = VECTOR('',#5188,1.);
#5188 = DIRECTION('',(-0.803801333173,0.594897820462,0.));
#5189 = ORIENTED_EDGE('',*,*,#5190,.F.);
#5190 = EDGE_CURVE('',#5191,#5183,#5193,.T.);
#5191 = VERTEX_POINT('',#5192);
#5192 = CARTESIAN_POINT('',(119.027,-144.234,1.51));
#5193 = LINE('',#5194,#5195);
#5194 = CARTESIAN_POINT('',(119.027,-144.234,1.51));
#5195 = VECTOR('',#5196,1.);
#5196 = DIRECTION('',(-0.814163582362,0.580635566561,0.));
#5197 = ORIENTED_EDGE('',*,*,#5198,.F.);
#5198 = EDGE_CURVE('',#5199,#5191,#5201,.T.);
#5199 = VERTEX_POINT('',#5200);
#5200 = CARTESIAN_POINT('',(119.804,-144.768,1.51));
#5201 = LINE('',#5202,#5203);
#5202 = CARTESIAN_POINT('',(119.804,-144.768,1.51));
#5203 = VECTOR('',#5204,1.);
#5204 = DIRECTION('',(-0.82413475627,0.566393770718,0.));
#5205 = ORIENTED_EDGE('',*,*,#5206,.F.);
#5206 = EDGE_CURVE('',#5207,#5199,#5209,.T.);
#5207 = VERTEX_POINT('',#5208);
#5208 = CARTESIAN_POINT('',(120.589,-145.288,1.51));
#5209 = LINE('',#5210,#5211);
#5210 = CARTESIAN_POINT('',(120.589,-145.288,1.51));
#5211 = VECTOR('',#5212,1.);
#5212 = DIRECTION('',(-0.833680551753,0.552246989696,0.));
#5213 = ORIENTED_EDGE('',*,*,#5214,.F.);
#5214 = EDGE_CURVE('',#5215,#5207,#5217,.T.);
#5215 = VERTEX_POINT('',#5216);
#5216 = CARTESIAN_POINT('',(121.384,-145.795,1.51));
#5217 = LINE('',#5218,#5219);
#5218 = CARTESIAN_POINT('',(121.384,-145.795,1.51));
#5219 = VECTOR('',#5220,1.);
#5220 = DIRECTION('',(-0.84313704949,0.537698722127,0.));
#5221 = ORIENTED_EDGE('',*,*,#5222,.F.);
#5222 = EDGE_CURVE('',#5223,#5215,#5225,.T.);
#5223 = VERTEX_POINT('',#5224);
#5224 = CARTESIAN_POINT('',(122.188,-146.,1.51));
#5225 = LINE('',#5226,#5227);
#5226 = CARTESIAN_POINT('',(122.188,-146.,1.51));
#5227 = VECTOR('',#5228,1.);
#5228 = DIRECTION('',(-0.968997564227,0.247070274461,0.));
#5229 = ORIENTED_EDGE('',*,*,#5230,.F.);
#5230 = EDGE_CURVE('',#5231,#5223,#5233,.T.);
#5231 = VERTEX_POINT('',#5232);
#5232 = CARTESIAN_POINT('',(123.,-146.,1.51));
#5233 = LINE('',#5234,#5235);
#5234 = CARTESIAN_POINT('',(123.,-146.,1.51));
#5235 = VECTOR('',#5236,1.);
#5236 = DIRECTION('',(-1.,0.,0.));
#5237 = ORIENTED_EDGE('',*,*,#5238,.F.);
#5238 = EDGE_CURVE('',#5239,#5231,#5241,.T.);
#5239 = VERTEX_POINT('',#5240);
#5240 = CARTESIAN_POINT('',(123.82,-146.,1.51));
#5241 = LINE('',#5242,#5243);
#5242 = CARTESIAN_POINT('',(123.82,-146.,1.51));
#5243 = VECTOR('',#5244,1.);
#5244 = DIRECTION('',(-1.,0.,0.));
#5245 = ORIENTED_EDGE('',*,*,#5246,.F.);
#5246 = EDGE_CURVE('',#5247,#5239,#5249,.T.);
#5247 = VERTEX_POINT('',#5248);
#5248 = CARTESIAN_POINT('',(124.649,-146.,1.51));
#5249 = LINE('',#5250,#5251);
#5250 = CARTESIAN_POINT('',(124.649,-146.,1.51));
#5251 = VECTOR('',#5252,1.);
#5252 = DIRECTION('',(-1.,0.,0.));
#5253 = ORIENTED_EDGE('',*,*,#5254,.F.);
#5254 = EDGE_CURVE('',#5255,#5247,#5257,.T.);
#5255 = VERTEX_POINT('',#5256);
#5256 = CARTESIAN_POINT('',(125.485,-146.,1.51));
#5257 = LINE('',#5258,#5259);
#5258 = CARTESIAN_POINT('',(125.485,-146.,1.51));
#5259 = VECTOR('',#5260,1.);
#5260 = DIRECTION('',(-1.,0.,0.));
#5261 = ORIENTED_EDGE('',*,*,#5262,.F.);
#5262 = EDGE_CURVE('',#5263,#5255,#5265,.T.);
#5263 = VERTEX_POINT('',#5264);
#5264 = CARTESIAN_POINT('',(126.328,-146.,1.51));
#5265 = LINE('',#5266,#5267);
#5266 = CARTESIAN_POINT('',(126.328,-146.,1.51));
#5267 = VECTOR('',#5268,1.);
#5268 = DIRECTION('',(-1.,0.,0.));
#5269 = ORIENTED_EDGE('',*,*,#5270,.F.);
#5270 = EDGE_CURVE('',#5271,#5263,#5273,.T.);
#5271 = VERTEX_POINT('',#5272);
#5272 = CARTESIAN_POINT('',(127.179,-146.,1.51));
#5273 = LINE('',#5274,#5275);
#5274 = CARTESIAN_POINT('',(127.179,-146.,1.51));
#5275 = VECTOR('',#5276,1.);
#5276 = DIRECTION('',(-1.,0.,0.));
#5277 = ORIENTED_EDGE('',*,*,#5278,.F.);
#5278 = EDGE_CURVE('',#5279,#5271,#5281,.T.);
#5279 = VERTEX_POINT('',#5280);
#5280 = CARTESIAN_POINT('',(128.036,-146.,1.51));
#5281 = LINE('',#5282,#5283);
#5282 = CARTESIAN_POINT('',(128.036,-146.,1.51));
#5283 = VECTOR('',#5284,1.);
#5284 = DIRECTION('',(-1.,0.,0.));
#5285 = ORIENTED_EDGE('',*,*,#5286,.F.);
#5286 = EDGE_CURVE('',#5287,#5279,#5289,.T.);
#5287 = VERTEX_POINT('',#5288);
#5288 = CARTESIAN_POINT('',(128.901,-146.,1.51));
#5289 = LINE('',#5290,#5291);
#5290 = CARTESIAN_POINT('',(128.901,-146.,1.51));
#5291 = VECTOR('',#5292,1.);
#5292 = DIRECTION('',(-1.,0.,0.));
#5293 = ORIENTED_EDGE('',*,*,#5294,.F.);
#5294 = EDGE_CURVE('',#5295,#5287,#5297,.T.);
#5295 = VERTEX_POINT('',#5296);
#5296 = CARTESIAN_POINT('',(129.770999,-146.,1.51));
#5297 = LINE('',#5298,#5299);
#5298 = CARTESIAN_POINT('',(129.770999,-146.,1.51));
#5299 = VECTOR('',#5300,1.);
#5300 = DIRECTION('',(-1.,0.,0.));
#5301 = ORIENTED_EDGE('',*,*,#5302,.F.);
#5302 = EDGE_CURVE('',#5303,#5295,#5305,.T.);
#5303 = VERTEX_POINT('',#5304);
#5304 = CARTESIAN_POINT('',(130.648,-146.,1.51));
#5305 = LINE('',#5306,#5307);
#5306 = CARTESIAN_POINT('',(130.648,-146.,1.51));
#5307 = VECTOR('',#5308,1.);
#5308 = DIRECTION('',(-1.,0.,0.));
#5309 = ORIENTED_EDGE('',*,*,#5310,.F.);
#5310 = EDGE_CURVE('',#5311,#5303,#5313,.T.);
#5311 = VERTEX_POINT('',#5312);
#5312 = CARTESIAN_POINT('',(131.531,-146.,1.51));
#5313 = LINE('',#5314,#5315);
#5314 = CARTESIAN_POINT('',(131.531,-146.,1.51));
#5315 = VECTOR('',#5316,1.);
#5316 = DIRECTION('',(-1.,0.,0.));
#5317 = ORIENTED_EDGE('',*,*,#5318,.F.);
#5318 = EDGE_CURVE('',#5319,#5311,#5321,.T.);
#5319 = VERTEX_POINT('',#5320);
#5320 = CARTESIAN_POINT('',(132.419,-146.,1.51));
#5321 = LINE('',#5322,#5323);
#5322 = CARTESIAN_POINT('',(132.419,-146.,1.51));
#5323 = VECTOR('',#5324,1.);
#5324 = DIRECTION('',(-1.,0.,0.));
#5325 = ORIENTED_EDGE('',*,*,#5326,.F.);
#5326 = EDGE_CURVE('',#5327,#5319,#5329,.T.);
#5327 = VERTEX_POINT('',#5328);
#5328 = CARTESIAN_POINT('',(133.312999,-146.,1.51));
#5329 = LINE('',#5330,#5331);
#5330 = CARTESIAN_POINT('',(133.312999,-146.,1.51));
#5331 = VECTOR('',#5332,1.);
#5332 = DIRECTION('',(-1.,0.,0.));
#5333 = ORIENTED_EDGE('',*,*,#5334,.F.);
#5334 = EDGE_CURVE('',#5335,#5327,#5337,.T.);
#5335 = VERTEX_POINT('',#5336);
#5336 = CARTESIAN_POINT('',(134.211999,-146.,1.51));
#5337 = LINE('',#5338,#5339);
#5338 = CARTESIAN_POINT('',(134.211999,-146.,1.51));
#5339 = VECTOR('',#5340,1.);
#5340 = DIRECTION('',(-1.,0.,0.));
#5341 = ORIENTED_EDGE('',*,*,#5342,.F.);
#5342 = EDGE_CURVE('',#5343,#5335,#5345,.T.);
#5343 = VERTEX_POINT('',#5344);
#5344 = CARTESIAN_POINT('',(135.116,-146.,1.51));
#5345 = LINE('',#5346,#5347);
#5346 = CARTESIAN_POINT('',(135.116,-146.,1.51));
#5347 = VECTOR('',#5348,1.);
#5348 = DIRECTION('',(-1.,0.,0.));
#5349 = ORIENTED_EDGE('',*,*,#5350,.F.);
#5350 = EDGE_CURVE('',#5351,#5343,#5353,.T.);
#5351 = VERTEX_POINT('',#5352);
#5352 = CARTESIAN_POINT('',(136.024,-146.,1.51));
#5353 = LINE('',#5354,#5355);
#5354 = CARTESIAN_POINT('',(136.024,-146.,1.51));
#5355 = VECTOR('',#5356,1.);
#5356 = DIRECTION('',(-1.,0.,0.));
#5357 = ORIENTED_EDGE('',*,*,#5358,.F.);
#5358 = EDGE_CURVE('',#5359,#5351,#5361,.T.);
#5359 = VERTEX_POINT('',#5360);
#5360 = CARTESIAN_POINT('',(136.936,-146.,1.51));
#5361 = LINE('',#5362,#5363);
#5362 = CARTESIAN_POINT('',(136.936,-146.,1.51));
#5363 = VECTOR('',#5364,1.);
#5364 = DIRECTION('',(-1.,0.,0.));
#5365 = ORIENTED_EDGE('',*,*,#5366,.F.);
#5366 = EDGE_CURVE('',#5367,#5359,#5369,.T.);
#5367 = VERTEX_POINT('',#5368);
#5368 = CARTESIAN_POINT('',(137.853,-146.,1.51));
#5369 = LINE('',#5370,#5371);
#5370 = CARTESIAN_POINT('',(137.853,-146.,1.51));
#5371 = VECTOR('',#5372,1.);
#5372 = DIRECTION('',(-1.,0.,0.));
#5373 = ORIENTED_EDGE('',*,*,#5374,.F.);
#5374 = EDGE_CURVE('',#5375,#5367,#5377,.T.);
#5375 = VERTEX_POINT('',#5376);
#5376 = CARTESIAN_POINT('',(138.773,-146.,1.51));
#5377 = LINE('',#5378,#5379);
#5378 = CARTESIAN_POINT('',(138.773,-146.,1.51));
#5379 = VECTOR('',#5380,1.);
#5380 = DIRECTION('',(-1.,0.,0.));
#5381 = ORIENTED_EDGE('',*,*,#5382,.F.);
#5382 = EDGE_CURVE('',#5383,#5375,#5385,.T.);
#5383 = VERTEX_POINT('',#5384);
#5384 = CARTESIAN_POINT('',(139.696,-146.,1.51));
#5385 = LINE('',#5386,#5387);
#5386 = CARTESIAN_POINT('',(139.696,-146.,1.51));
#5387 = VECTOR('',#5388,1.);
#5388 = DIRECTION('',(-1.,0.,0.));
#5389 = ORIENTED_EDGE('',*,*,#5390,.F.);
#5390 = EDGE_CURVE('',#5391,#5383,#5393,.T.);
#5391 = VERTEX_POINT('',#5392);
#5392 = CARTESIAN_POINT('',(140.623,-146.,1.51));
#5393 = LINE('',#5394,#5395);
#5394 = CARTESIAN_POINT('',(140.623,-146.,1.51));
#5395 = VECTOR('',#5396,1.);
#5396 = DIRECTION('',(-1.,0.,0.));
#5397 = ORIENTED_EDGE('',*,*,#5398,.F.);
#5398 = EDGE_CURVE('',#5399,#5391,#5401,.T.);
#5399 = VERTEX_POINT('',#5400);
#5400 = CARTESIAN_POINT('',(141.553,-146.,1.51));
#5401 = LINE('',#5402,#5403);
#5402 = CARTESIAN_POINT('',(141.553,-146.,1.51));
#5403 = VECTOR('',#5404,1.);
#5404 = DIRECTION('',(-1.,0.,0.));
#5405 = ORIENTED_EDGE('',*,*,#5406,.F.);
#5406 = EDGE_CURVE('',#5407,#5399,#5409,.T.);
#5407 = VERTEX_POINT('',#5408);
#5408 = CARTESIAN_POINT('',(142.485,-146.,1.51));
#5409 = LINE('',#5410,#5411);
#5410 = CARTESIAN_POINT('',(142.485,-146.,1.51));
#5411 = VECTOR('',#5412,1.);
#5412 = DIRECTION('',(-1.,0.,0.));
#5413 = ORIENTED_EDGE('',*,*,#5414,.F.);
#5414 = EDGE_CURVE('',#5415,#5407,#5417,.T.);
#5415 = VERTEX_POINT('',#5416);
#5416 = CARTESIAN_POINT('',(143.419,-146.,1.51));
#5417 = LINE('',#5418,#5419);
#5418 = CARTESIAN_POINT('',(143.419,-146.,1.51));
#5419 = VECTOR('',#5420,1.);
#5420 = DIRECTION('',(-1.,0.,0.));
#5421 = ORIENTED_EDGE('',*,*,#5422,.F.);
#5422 = EDGE_CURVE('',#5423,#5415,#5425,.T.);
#5423 = VERTEX_POINT('',#5424);
#5424 = CARTESIAN_POINT('',(144.355,-146.,1.51));
#5425 = LINE('',#5426,#5427);
#5426 = CARTESIAN_POINT('',(144.355,-146.,1.51));
#5427 = VECTOR('',#5428,1.);
#5428 = DIRECTION('',(-1.,0.,0.));
#5429 = ORIENTED_EDGE('',*,*,#5430,.F.);
#5430 = EDGE_CURVE('',#5431,#5423,#5433,.T.);
#5431 = VERTEX_POINT('',#5432);
#5432 = CARTESIAN_POINT('',(145.294,-146.,1.51));
#5433 = LINE('',#5434,#5435);
#5434 = CARTESIAN_POINT('',(145.294,-146.,1.51));
#5435 = VECTOR('',#5436,1.);
#5436 = DIRECTION('',(-1.,0.,0.));
#5437 = ORIENTED_EDGE('',*,*,#5438,.F.);
#5438 = EDGE_CURVE('',#5439,#5431,#5441,.T.);
#5439 = VERTEX_POINT('',#5440);
#5440 = CARTESIAN_POINT('',(146.233,-146.,1.51));
#5441 = LINE('',#5442,#5443);
#5442 = CARTESIAN_POINT('',(146.233,-146.,1.51));
#5443 = VECTOR('',#5444,1.);
#5444 = DIRECTION('',(-1.,0.,0.));
#5445 = ORIENTED_EDGE('',*,*,#5446,.F.);
#5446 = EDGE_CURVE('',#5447,#5439,#5449,.T.);
#5447 = VERTEX_POINT('',#5448);
#5448 = CARTESIAN_POINT('',(147.174,-146.,1.51));
#5449 = LINE('',#5450,#5451);
#5450 = CARTESIAN_POINT('',(147.174,-146.,1.51));
#5451 = VECTOR('',#5452,1.);
#5452 = DIRECTION('',(-1.,0.,0.));
#5453 = ORIENTED_EDGE('',*,*,#5454,.F.);
#5454 = EDGE_CURVE('',#5455,#5447,#5457,.T.);
#5455 = VERTEX_POINT('',#5456);
#5456 = CARTESIAN_POINT('',(148.115,-146.,1.51));
#5457 = LINE('',#5458,#5459);
#5458 = CARTESIAN_POINT('',(148.115,-146.,1.51));
#5459 = VECTOR('',#5460,1.);
#5460 = DIRECTION('',(-1.,0.,0.));
#5461 = ORIENTED_EDGE('',*,*,#5462,.F.);
#5462 = EDGE_CURVE('',#5463,#5455,#5465,.T.);
#5463 = VERTEX_POINT('',#5464);
#5464 = CARTESIAN_POINT('',(149.058,-146.,1.51));
#5465 = LINE('',#5466,#5467);
#5466 = CARTESIAN_POINT('',(149.058,-146.,1.51));
#5467 = VECTOR('',#5468,1.);
#5468 = DIRECTION('',(-1.,0.,0.));
#5469 = ORIENTED_EDGE('',*,*,#5470,.F.);
#5470 = EDGE_CURVE('',#5471,#5463,#5473,.T.);
#5471 = VERTEX_POINT('',#5472);
#5472 = CARTESIAN_POINT('',(150.,-146.,1.51));
#5473 = LINE('',#5474,#5475);
#5474 = CARTESIAN_POINT('',(150.,-146.,1.51));
#5475 = VECTOR('',#5476,1.);
#5476 = DIRECTION('',(-1.,0.,0.));
#5477 = ORIENTED_EDGE('',*,*,#5478,.F.);
#5478 = EDGE_CURVE('',#5479,#5471,#5481,.T.);
#5479 = VERTEX_POINT('',#5480);
#5480 = CARTESIAN_POINT('',(150.942,-146.,1.51));
#5481 = LINE('',#5482,#5483);
#5482 = CARTESIAN_POINT('',(150.942,-146.,1.51));
#5483 = VECTOR('',#5484,1.);
#5484 = DIRECTION('',(-1.,0.,0.));
#5485 = ORIENTED_EDGE('',*,*,#5486,.F.);
#5486 = EDGE_CURVE('',#5487,#5479,#5489,.T.);
#5487 = VERTEX_POINT('',#5488);
#5488 = CARTESIAN_POINT('',(151.885,-146.,1.51));
#5489 = LINE('',#5490,#5491);
#5490 = CARTESIAN_POINT('',(151.885,-146.,1.51));
#5491 = VECTOR('',#5492,1.);
#5492 = DIRECTION('',(-1.,0.,0.));
#5493 = ORIENTED_EDGE('',*,*,#5494,.F.);
#5494 = EDGE_CURVE('',#5495,#5487,#5497,.T.);
#5495 = VERTEX_POINT('',#5496);
#5496 = CARTESIAN_POINT('',(152.826,-146.,1.51));
#5497 = LINE('',#5498,#5499);
#5498 = CARTESIAN_POINT('',(152.826,-146.,1.51));
#5499 = VECTOR('',#5500,1.);
#5500 = DIRECTION('',(-1.,0.,0.));
#5501 = ORIENTED_EDGE('',*,*,#5502,.F.);
#5502 = EDGE_CURVE('',#5503,#5495,#5505,.T.);
#5503 = VERTEX_POINT('',#5504);
#5504 = CARTESIAN_POINT('',(153.767,-146.,1.51));
#5505 = LINE('',#5506,#5507);
#5506 = CARTESIAN_POINT('',(153.767,-146.,1.51));
#5507 = VECTOR('',#5508,1.);
#5508 = DIRECTION('',(-1.,0.,0.));
#5509 = ORIENTED_EDGE('',*,*,#5510,.F.);
#5510 = EDGE_CURVE('',#5511,#5503,#5513,.T.);
#5511 = VERTEX_POINT('',#5512);
#5512 = CARTESIAN_POINT('',(154.706,-146.,1.51));
#5513 = LINE('',#5514,#5515);
#5514 = CARTESIAN_POINT('',(154.706,-146.,1.51));
#5515 = VECTOR('',#5516,1.);
#5516 = DIRECTION('',(-1.,0.,0.));
#5517 = ORIENTED_EDGE('',*,*,#5518,.F.);
#5518 = EDGE_CURVE('',#5519,#5511,#5521,.T.);
#5519 = VERTEX_POINT('',#5520);
#5520 = CARTESIAN_POINT('',(155.645,-146.,1.51));
#5521 = LINE('',#5522,#5523);
#5522 = CARTESIAN_POINT('',(155.645,-146.,1.51));
#5523 = VECTOR('',#5524,1.);
#5524 = DIRECTION('',(-1.,0.,0.));
#5525 = ORIENTED_EDGE('',*,*,#5526,.F.);
#5526 = EDGE_CURVE('',#5527,#5519,#5529,.T.);
#5527 = VERTEX_POINT('',#5528);
#5528 = CARTESIAN_POINT('',(156.581,-146.,1.51));
#5529 = LINE('',#5530,#5531);
#5530 = CARTESIAN_POINT('',(156.581,-146.,1.51));
#5531 = VECTOR('',#5532,1.);
#5532 = DIRECTION('',(-1.,0.,0.));
#5533 = ORIENTED_EDGE('',*,*,#5534,.F.);
#5534 = EDGE_CURVE('',#5535,#5527,#5537,.T.);
#5535 = VERTEX_POINT('',#5536);
#5536 = CARTESIAN_POINT('',(157.515,-146.,1.51));
#5537 = LINE('',#5538,#5539);
#5538 = CARTESIAN_POINT('',(157.515,-146.,1.51));
#5539 = VECTOR('',#5540,1.);
#5540 = DIRECTION('',(-1.,0.,0.));
#5541 = ORIENTED_EDGE('',*,*,#5542,.F.);
#5542 = EDGE_CURVE('',#5543,#5535,#5545,.T.);
#5543 = VERTEX_POINT('',#5544);
#5544 = CARTESIAN_POINT('',(158.447,-146.,1.51));
#5545 = LINE('',#5546,#5547);
#5546 = CARTESIAN_POINT('',(158.447,-146.,1.51));
#5547 = VECTOR('',#5548,1.);
#5548 = DIRECTION('',(-1.,0.,0.));
#5549 = ORIENTED_EDGE('',*,*,#5550,.F.);
#5550 = EDGE_CURVE('',#5551,#5543,#5553,.T.);
#5551 = VERTEX_POINT('',#5552);
#5552 = CARTESIAN_POINT('',(159.377,-146.,1.51));
#5553 = LINE('',#5554,#5555);
#5554 = CARTESIAN_POINT('',(159.377,-146.,1.51));
#5555 = VECTOR('',#5556,1.);
#5556 = DIRECTION('',(-1.,0.,0.));
#5557 = ORIENTED_EDGE('',*,*,#5558,.F.);
#5558 = EDGE_CURVE('',#5559,#5551,#5561,.T.);
#5559 = VERTEX_POINT('',#5560);
#5560 = CARTESIAN_POINT('',(160.304,-146.,1.51));
#5561 = LINE('',#5562,#5563);
#5562 = CARTESIAN_POINT('',(160.304,-146.,1.51));
#5563 = VECTOR('',#5564,1.);
#5564 = DIRECTION('',(-1.,0.,0.));
#5565 = ORIENTED_EDGE('',*,*,#5566,.F.);
#5566 = EDGE_CURVE('',#5567,#5559,#5569,.T.);
#5567 = VERTEX_POINT('',#5568);
#5568 = CARTESIAN_POINT('',(161.227,-146.,1.51));
#5569 = LINE('',#5570,#5571);
#5570 = CARTESIAN_POINT('',(161.227,-146.,1.51));
#5571 = VECTOR('',#5572,1.);
#5572 = DIRECTION('',(-1.,0.,0.));
#5573 = ORIENTED_EDGE('',*,*,#5574,.F.);
#5574 = EDGE_CURVE('',#5575,#5567,#5577,.T.);
#5575 = VERTEX_POINT('',#5576);
#5576 = CARTESIAN_POINT('',(162.147,-146.,1.51));
#5577 = LINE('',#5578,#5579);
#5578 = CARTESIAN_POINT('',(162.147,-146.,1.51));
#5579 = VECTOR('',#5580,1.);
#5580 = DIRECTION('',(-1.,0.,0.));
#5581 = ORIENTED_EDGE('',*,*,#5582,.F.);
#5582 = EDGE_CURVE('',#5583,#5575,#5585,.T.);
#5583 = VERTEX_POINT('',#5584);
#5584 = CARTESIAN_POINT('',(163.064,-146.,1.51));
#5585 = LINE('',#5586,#5587);
#5586 = CARTESIAN_POINT('',(163.064,-146.,1.51));
#5587 = VECTOR('',#5588,1.);
#5588 = DIRECTION('',(-1.,0.,0.));
#5589 = ORIENTED_EDGE('',*,*,#5590,.F.);
#5590 = EDGE_CURVE('',#5591,#5583,#5593,.T.);
#5591 = VERTEX_POINT('',#5592);
#5592 = CARTESIAN_POINT('',(163.976,-146.,1.51));
#5593 = LINE('',#5594,#5595);
#5594 = CARTESIAN_POINT('',(163.976,-146.,1.51));
#5595 = VECTOR('',#5596,1.);
#5596 = DIRECTION('',(-1.,0.,0.));
#5597 = ORIENTED_EDGE('',*,*,#5598,.F.);
#5598 = EDGE_CURVE('',#5599,#5591,#5601,.T.);
#5599 = VERTEX_POINT('',#5600);
#5600 = CARTESIAN_POINT('',(164.884,-146.,1.51));
#5601 = LINE('',#5602,#5603);
#5602 = CARTESIAN_POINT('',(164.884,-146.,1.51));
#5603 = VECTOR('',#5604,1.);
#5604 = DIRECTION('',(-1.,0.,0.));
#5605 = ORIENTED_EDGE('',*,*,#5606,.F.);
#5606 = EDGE_CURVE('',#5607,#5599,#5609,.T.);
#5607 = VERTEX_POINT('',#5608);
#5608 = CARTESIAN_POINT('',(165.788,-146.,1.51));
#5609 = LINE('',#5610,#5611);
#5610 = CARTESIAN_POINT('',(165.788,-146.,1.51));
#5611 = VECTOR('',#5612,1.);
#5612 = DIRECTION('',(-1.,0.,0.));
#5613 = ORIENTED_EDGE('',*,*,#5614,.F.);
#5614 = EDGE_CURVE('',#5615,#5607,#5617,.T.);
#5615 = VERTEX_POINT('',#5616);
#5616 = CARTESIAN_POINT('',(166.687,-146.,1.51));
#5617 = LINE('',#5618,#5619);
#5618 = CARTESIAN_POINT('',(166.687,-146.,1.51));
#5619 = VECTOR('',#5620,1.);
#5620 = DIRECTION('',(-1.,0.,0.));
#5621 = ORIENTED_EDGE('',*,*,#5622,.F.);
#5622 = EDGE_CURVE('',#5623,#5615,#5625,.T.);
#5623 = VERTEX_POINT('',#5624);
#5624 = CARTESIAN_POINT('',(167.581,-146.,1.51));
#5625 = LINE('',#5626,#5627);
#5626 = CARTESIAN_POINT('',(167.581,-146.,1.51));
#5627 = VECTOR('',#5628,1.);
#5628 = DIRECTION('',(-1.,0.,0.));
#5629 = ORIENTED_EDGE('',*,*,#5630,.F.);
#5630 = EDGE_CURVE('',#5631,#5623,#5633,.T.);
#5631 = VERTEX_POINT('',#5632);
#5632 = CARTESIAN_POINT('',(168.469,-146.,1.51));
#5633 = LINE('',#5634,#5635);
#5634 = CARTESIAN_POINT('',(168.469,-146.,1.51));
#5635 = VECTOR('',#5636,1.);
#5636 = DIRECTION('',(-1.,0.,0.));
#5637 = ORIENTED_EDGE('',*,*,#5638,.F.);
#5638 = EDGE_CURVE('',#5639,#5631,#5641,.T.);
#5639 = VERTEX_POINT('',#5640);
#5640 = CARTESIAN_POINT('',(169.352,-146.,1.51));
#5641 = LINE('',#5642,#5643);
#5642 = CARTESIAN_POINT('',(169.352,-146.,1.51));
#5643 = VECTOR('',#5644,1.);
#5644 = DIRECTION('',(-1.,0.,0.));
#5645 = ORIENTED_EDGE('',*,*,#5646,.F.);
#5646 = EDGE_CURVE('',#5647,#5639,#5649,.T.);
#5647 = VERTEX_POINT('',#5648);
#5648 = CARTESIAN_POINT('',(170.229,-146.,1.51));
#5649 = LINE('',#5650,#5651);
#5650 = CARTESIAN_POINT('',(170.229,-146.,1.51));
#5651 = VECTOR('',#5652,1.);
#5652 = DIRECTION('',(-1.,0.,0.));
#5653 = ORIENTED_EDGE('',*,*,#5654,.F.);
#5654 = EDGE_CURVE('',#5655,#5647,#5657,.T.);
#5655 = VERTEX_POINT('',#5656);
#5656 = CARTESIAN_POINT('',(171.099,-146.,1.51));
#5657 = LINE('',#5658,#5659);
#5658 = CARTESIAN_POINT('',(171.099,-146.,1.51));
#5659 = VECTOR('',#5660,1.);
#5660 = DIRECTION('',(-1.,0.,0.));
#5661 = ORIENTED_EDGE('',*,*,#5662,.F.);
#5662 = EDGE_CURVE('',#5663,#5655,#5665,.T.);
#5663 = VERTEX_POINT('',#5664);
#5664 = CARTESIAN_POINT('',(171.964,-146.,1.51));
#5665 = LINE('',#5666,#5667);
#5666 = CARTESIAN_POINT('',(171.964,-146.,1.51));
#5667 = VECTOR('',#5668,1.);
#5668 = DIRECTION('',(-1.,0.,0.));
#5669 = ORIENTED_EDGE('',*,*,#5670,.F.);
#5670 = EDGE_CURVE('',#5671,#5663,#5673,.T.);
#5671 = VERTEX_POINT('',#5672);
#5672 = CARTESIAN_POINT('',(172.821,-146.,1.51));
#5673 = LINE('',#5674,#5675);
#5674 = CARTESIAN_POINT('',(172.821,-146.,1.51));
#5675 = VECTOR('',#5676,1.);
#5676 = DIRECTION('',(-1.,0.,0.));
#5677 = ORIENTED_EDGE('',*,*,#5678,.F.);
#5678 = EDGE_CURVE('',#5679,#5671,#5681,.T.);
#5679 = VERTEX_POINT('',#5680);
#5680 = CARTESIAN_POINT('',(173.672,-146.,1.51));
#5681 = LINE('',#5682,#5683);
#5682 = CARTESIAN_POINT('',(173.672,-146.,1.51));
#5683 = VECTOR('',#5684,1.);
#5684 = DIRECTION('',(-1.,0.,0.));
#5685 = ORIENTED_EDGE('',*,*,#5686,.F.);
#5686 = EDGE_CURVE('',#5687,#5679,#5689,.T.);
#5687 = VERTEX_POINT('',#5688);
#5688 = CARTESIAN_POINT('',(174.515,-146.,1.51));
#5689 = LINE('',#5690,#5691);
#5690 = CARTESIAN_POINT('',(174.515,-146.,1.51));
#5691 = VECTOR('',#5692,1.);
#5692 = DIRECTION('',(-1.,0.,0.));
#5693 = ORIENTED_EDGE('',*,*,#5694,.F.);
#5694 = EDGE_CURVE('',#5695,#5687,#5697,.T.);
#5695 = VERTEX_POINT('',#5696);
#5696 = CARTESIAN_POINT('',(175.351,-146.,1.51));
#5697 = LINE('',#5698,#5699);
#5698 = CARTESIAN_POINT('',(175.351,-146.,1.51));
#5699 = VECTOR('',#5700,1.);
#5700 = DIRECTION('',(-1.,0.,0.));
#5701 = ORIENTED_EDGE('',*,*,#5702,.F.);
#5702 = EDGE_CURVE('',#5703,#5695,#5705,.T.);
#5703 = VERTEX_POINT('',#5704);
#5704 = CARTESIAN_POINT('',(176.18,-146.,1.51));
#5705 = LINE('',#5706,#5707);
#5706 = CARTESIAN_POINT('',(176.18,-146.,1.51));
#5707 = VECTOR('',#5708,1.);
#5708 = DIRECTION('',(-1.,0.,0.));
#5709 = ORIENTED_EDGE('',*,*,#5710,.F.);
#5710 = EDGE_CURVE('',#5711,#5703,#5713,.T.);
#5711 = VERTEX_POINT('',#5712);
#5712 = CARTESIAN_POINT('',(177.,-146.,1.51));
#5713 = LINE('',#5714,#5715);
#5714 = CARTESIAN_POINT('',(177.,-146.,1.51));
#5715 = VECTOR('',#5716,1.);
#5716 = DIRECTION('',(-1.,0.,0.));
#5717 = ORIENTED_EDGE('',*,*,#5718,.F.);
#5718 = EDGE_CURVE('',#5719,#5711,#5721,.T.);
#5719 = VERTEX_POINT('',#5720);
#5720 = CARTESIAN_POINT('',(177.812,-146.,1.51));
#5721 = LINE('',#5722,#5723);
#5722 = CARTESIAN_POINT('',(177.812,-146.,1.51));
#5723 = VECTOR('',#5724,1.);
#5724 = DIRECTION('',(-1.,0.,0.));
#5725 = ORIENTED_EDGE('',*,*,#5726,.F.);
#5726 = EDGE_CURVE('',#5727,#5719,#5729,.T.);
#5727 = VERTEX_POINT('',#5728);
#5728 = CARTESIAN_POINT('',(178.616,-145.795,1.51));
#5729 = LINE('',#5730,#5731);
#5730 = CARTESIAN_POINT('',(178.616,-145.795,1.51));
#5731 = VECTOR('',#5732,1.);
#5732 = DIRECTION('',(-0.968997564227,-0.247070274461,0.));
#5733 = ORIENTED_EDGE('',*,*,#5734,.F.);
#5734 = EDGE_CURVE('',#5735,#5727,#5737,.T.);
#5735 = VERTEX_POINT('',#5736);
#5736 = CARTESIAN_POINT('',(179.411,-145.288,1.51));
#5737 = LINE('',#5738,#5739);
#5738 = CARTESIAN_POINT('',(179.411,-145.288,1.51));
#5739 = VECTOR('',#5740,1.);
#5740 = DIRECTION('',(-0.84313704949,-0.537698722127,0.));
#5741 = ORIENTED_EDGE('',*,*,#5742,.F.);
#5742 = EDGE_CURVE('',#5743,#5735,#5745,.T.);
#5743 = VERTEX_POINT('',#5744);
#5744 = CARTESIAN_POINT('',(180.196,-144.768,1.51));
#5745 = LINE('',#5746,#5747);
#5746 = CARTESIAN_POINT('',(180.196,-144.768,1.51));
#5747 = VECTOR('',#5748,1.);
#5748 = DIRECTION('',(-0.833680551753,-0.552246989696,0.));
#5749 = ORIENTED_EDGE('',*,*,#5750,.F.);
#5750 = EDGE_CURVE('',#5751,#5743,#5753,.T.);
#5751 = VERTEX_POINT('',#5752);
#5752 = CARTESIAN_POINT('',(180.973,-144.234,1.51));
#5753 = LINE('',#5754,#5755);
#5754 = CARTESIAN_POINT('',(180.973,-144.234,1.51));
#5755 = VECTOR('',#5756,1.);
#5756 = DIRECTION('',(-0.82413475627,-0.566393770718,0.));
#5757 = ORIENTED_EDGE('',*,*,#5758,.F.);
#5758 = EDGE_CURVE('',#5759,#5751,#5761,.T.);
#5759 = VERTEX_POINT('',#5760);
#5760 = CARTESIAN_POINT('',(181.74,-143.687,1.51));
#5761 = LINE('',#5762,#5763);
#5762 = CARTESIAN_POINT('',(181.74,-143.687,1.51));
#5763 = VECTOR('',#5764,1.);
#5764 = DIRECTION('',(-0.814163582362,-0.580635566561,0.));
#5765 = ORIENTED_EDGE('',*,*,#5766,.F.);
#5766 = EDGE_CURVE('',#5767,#5759,#5769,.T.);
#5767 = VERTEX_POINT('',#5768);
#5768 = CARTESIAN_POINT('',(182.498,-143.126,1.51));
#5769 = LINE('',#5770,#5771);
#5770 = CARTESIAN_POINT('',(182.498,-143.126,1.51));
#5771 = VECTOR('',#5772,1.);
#5772 = DIRECTION('',(-0.803801333173,-0.594897820462,0.));
#5773 = ORIENTED_EDGE('',*,*,#5774,.F.);
#5774 = EDGE_CURVE('',#5775,#5767,#5777,.T.);
#5775 = VERTEX_POINT('',#5776);
#5776 = CARTESIAN_POINT('',(183.246,-142.553,1.51));
#5777 = LINE('',#5778,#5779);
#5778 = CARTESIAN_POINT('',(183.246,-142.553,1.51));
#5779 = VECTOR('',#5780,1.);
#5780 = DIRECTION('',(-0.793845443172,-0.608119570772,0.));
#5781 = ORIENTED_EDGE('',*,*,#5782,.F.);
#5782 = EDGE_CURVE('',#5783,#5775,#5785,.T.);
#5783 = VERTEX_POINT('',#5784);
#5784 = CARTESIAN_POINT('',(183.983,-141.966,1.51));
#5785 = LINE('',#5786,#5787);
#5786 = CARTESIAN_POINT('',(183.983,-141.966,1.51));
#5787 = VECTOR('',#5788,1.);
#5788 = DIRECTION('',(-0.782213095821,-0.623010973198,0.));
#5789 = ORIENTED_EDGE('',*,*,#5790,.F.);
#5790 = EDGE_CURVE('',#5791,#5783,#5793,.T.);
#5791 = VERTEX_POINT('',#5792);
#5792 = CARTESIAN_POINT('',(184.711,-141.366,1.51));
#5793 = LINE('',#5794,#5795);
#5794 = CARTESIAN_POINT('',(184.711,-141.366,1.51));
#5795 = VECTOR('',#5796,1.);
#5796 = DIRECTION('',(-0.771685393174,-0.636004444923,0.));
#5797 = ORIENTED_EDGE('',*,*,#5798,.F.);
#5798 = EDGE_CURVE('',#5799,#5791,#5801,.T.);
#5799 = VERTEX_POINT('',#5800);
#5800 = CARTESIAN_POINT('',(185.427,-140.754,1.51));
#5801 = LINE('',#5802,#5803);
#5802 = CARTESIAN_POINT('',(185.427,-140.754,1.51));
#5803 = VECTOR('',#5804,1.);
#5804 = DIRECTION('',(-0.760155173756,-0.649741573098,0.));
#5805 = ORIENTED_EDGE('',*,*,#5806,.F.);
#5806 = EDGE_CURVE('',#5807,#5799,#5809,.T.);
#5807 = VERTEX_POINT('',#5808);
#5808 = CARTESIAN_POINT('',(186.133,-140.13,1.51));
#5809 = LINE('',#5810,#5811);
#5810 = CARTESIAN_POINT('',(186.133,-140.13,1.51));
#5811 = VECTOR('',#5812,1.);
#5812 = DIRECTION('',(-0.749280095245,-0.662253228659,0.));
#5813 = ORIENTED_EDGE('',*,*,#5814,.F.);
#5814 = EDGE_CURVE('',#5815,#5807,#5817,.T.);
#5815 = VERTEX_POINT('',#5816);
#5816 = CARTESIAN_POINT('',(186.828,-139.493,1.51));
#5817 = LINE('',#5818,#5819);
#5818 = CARTESIAN_POINT('',(186.828,-139.493,1.51));
#5819 = VECTOR('',#5820,1.);
#5820 = DIRECTION('',(-0.737198168389,-0.675676594625,0.));
#5821 = ORIENTED_EDGE('',*,*,#5822,.F.);
#5822 = EDGE_CURVE('',#5823,#5815,#5825,.T.);
#5823 = VERTEX_POINT('',#5824);
#5824 = CARTESIAN_POINT('',(187.512,-138.844,1.51));
#5825 = LINE('',#5826,#5827);
#5826 = CARTESIAN_POINT('',(187.512,-138.844,1.51));
#5827 = VECTOR('',#5828,1.);
#5828 = DIRECTION('',(-0.725422962932,-0.688303366875,0.));
#5829 = ORIENTED_EDGE('',*,*,#5830,.F.);
#5830 = EDGE_CURVE('',#5831,#5823,#5833,.T.);
#5831 = VERTEX_POINT('',#5832);
#5832 = CARTESIAN_POINT('',(188.184,-138.184,1.51));
#5833 = LINE('',#5834,#5835);
#5834 = CARTESIAN_POINT('',(188.184,-138.184,1.51));
#5835 = VECTOR('',#5836,1.);
#5836 = DIRECTION('',(-0.713448160609,-0.700708014884,0.));
#5837 = ORIENTED_EDGE('',*,*,#5838,.F.);
#5838 = EDGE_CURVE('',#5839,#5831,#5841,.T.);
#5839 = VERTEX_POINT('',#5840);
#5840 = CARTESIAN_POINT('',(188.844,-137.512,1.51));
#5841 = LINE('',#5842,#5843);
#5842 = CARTESIAN_POINT('',(188.844,-137.512,1.51));
#5843 = VECTOR('',#5844,1.);
#5844 = DIRECTION('',(-0.700708014884,-0.713448160609,0.));
#5845 = ORIENTED_EDGE('',*,*,#5846,.F.);
#5846 = EDGE_CURVE('',#5847,#5839,#5849,.T.);
#5847 = VERTEX_POINT('',#5848);
#5848 = CARTESIAN_POINT('',(189.493,-136.828,1.51));
#5849 = LINE('',#5850,#5851);
#5850 = CARTESIAN_POINT('',(189.493,-136.828,1.51));
#5851 = VECTOR('',#5852,1.);
#5852 = DIRECTION('',(-0.688303366875,-0.725422962932,0.));
#5853 = ORIENTED_EDGE('',*,*,#5854,.F.);
#5854 = EDGE_CURVE('',#5855,#5847,#5857,.T.);
#5855 = VERTEX_POINT('',#5856);
#5856 = CARTESIAN_POINT('',(190.13,-136.133,1.51));
#5857 = LINE('',#5858,#5859);
#5858 = CARTESIAN_POINT('',(190.13,-136.133,1.51));
#5859 = VECTOR('',#5860,1.);
#5860 = DIRECTION('',(-0.675676594625,-0.737198168389,0.));
#5861 = ORIENTED_EDGE('',*,*,#5862,.F.);
#5862 = EDGE_CURVE('',#5863,#5855,#5865,.T.);
#5863 = VERTEX_POINT('',#5864);
#5864 = CARTESIAN_POINT('',(190.754,-135.427,1.51));
#5865 = LINE('',#5866,#5867);
#5866 = CARTESIAN_POINT('',(190.754,-135.427,1.51));
#5867 = VECTOR('',#5868,1.);
#5868 = DIRECTION('',(-0.662253228659,-0.749280095245,0.));
#5869 = ORIENTED_EDGE('',*,*,#5870,.F.);
#5870 = EDGE_CURVE('',#5871,#5863,#5873,.T.);
#5871 = VERTEX_POINT('',#5872);
#5872 = CARTESIAN_POINT('',(191.366,-134.711,1.51));
#5873 = LINE('',#5874,#5875);
#5874 = CARTESIAN_POINT('',(191.366,-134.711,1.51));
#5875 = VECTOR('',#5876,1.);
#5876 = DIRECTION('',(-0.649741573098,-0.760155173756,0.));
#5877 = ORIENTED_EDGE('',*,*,#5878,.F.);
#5878 = EDGE_CURVE('',#5879,#5871,#5881,.T.);
#5879 = VERTEX_POINT('',#5880);
#5880 = CARTESIAN_POINT('',(191.966,-133.983,1.51));
#5881 = LINE('',#5882,#5883);
#5882 = CARTESIAN_POINT('',(191.966,-133.983,1.51));
#5883 = VECTOR('',#5884,1.);
#5884 = DIRECTION('',(-0.636004444923,-0.771685393174,0.));
#5885 = ORIENTED_EDGE('',*,*,#5886,.F.);
#5886 = EDGE_CURVE('',#5887,#5879,#5889,.T.);
#5887 = VERTEX_POINT('',#5888);
#5888 = CARTESIAN_POINT('',(192.553,-133.246,1.51));
#5889 = LINE('',#5890,#5891);
#5890 = CARTESIAN_POINT('',(192.553,-133.246,1.51));
#5891 = VECTOR('',#5892,1.);
#5892 = DIRECTION('',(-0.623010973198,-0.782213095821,0.));
#5893 = ORIENTED_EDGE('',*,*,#5894,.F.);
#5894 = EDGE_CURVE('',#5895,#5887,#5897,.T.);
#5895 = VERTEX_POINT('',#5896);
#5896 = CARTESIAN_POINT('',(193.126,-132.497999,1.51));
#5897 = LINE('',#5898,#5899);
#5898 = CARTESIAN_POINT('',(193.126,-132.497999,1.51));
#5899 = VECTOR('',#5900,1.);
#5900 = DIRECTION('',(-0.608119058431,-0.793845835646,0.));
#5901 = ORIENTED_EDGE('',*,*,#5902,.F.);
#5902 = EDGE_CURVE('',#5903,#5895,#5905,.T.);
#5903 = VERTEX_POINT('',#5904);
#5904 = CARTESIAN_POINT('',(193.687,-131.74,1.51));
#5905 = LINE('',#5906,#5907);
#5906 = CARTESIAN_POINT('',(193.687,-131.74,1.51));
#5907 = VECTOR('',#5908,1.);
#5908 = DIRECTION('',(-0.594898327535,-0.803800957884,0.));
#5909 = ORIENTED_EDGE('',*,*,#5910,.F.);
#5910 = EDGE_CURVE('',#5911,#5903,#5913,.T.);
#5911 = VERTEX_POINT('',#5912);
#5912 = CARTESIAN_POINT('',(194.234,-130.973,1.51));
#5913 = LINE('',#5914,#5915);
#5914 = CARTESIAN_POINT('',(194.234,-130.973,1.51));
#5915 = VECTOR('',#5916,1.);
#5916 = DIRECTION('',(-0.580635566561,-0.814163582362,0.));
#5917 = ORIENTED_EDGE('',*,*,#5918,.F.);
#5918 = EDGE_CURVE('',#5919,#5911,#5921,.T.);
#5919 = VERTEX_POINT('',#5920);
#5920 = CARTESIAN_POINT('',(194.768,-130.196,1.51));
#5921 = LINE('',#5922,#5923);
#5922 = CARTESIAN_POINT('',(194.768,-130.196,1.51));
#5923 = VECTOR('',#5924,1.);
#5924 = DIRECTION('',(-0.566393770718,-0.82413475627,0.));
#5925 = ORIENTED_EDGE('',*,*,#5926,.F.);
#5926 = EDGE_CURVE('',#5927,#5919,#5929,.T.);
#5927 = VERTEX_POINT('',#5928);
#5928 = CARTESIAN_POINT('',(195.288,-129.411,1.51));
#5929 = LINE('',#5930,#5931);
#5930 = CARTESIAN_POINT('',(195.288,-129.411,1.51));
#5931 = VECTOR('',#5932,1.);
#5932 = DIRECTION('',(-0.552246989696,-0.833680551753,0.));
#5933 = ORIENTED_EDGE('',*,*,#5934,.F.);
#5934 = EDGE_CURVE('',#5935,#5927,#5937,.T.);
#5935 = VERTEX_POINT('',#5936);
#5936 = CARTESIAN_POINT('',(195.795,-128.616,1.51));
#5937 = LINE('',#5938,#5939);
#5938 = CARTESIAN_POINT('',(195.795,-128.616,1.51));
#5939 = VECTOR('',#5940,1.);
#5940 = DIRECTION('',(-0.537698722127,-0.84313704949,0.));
#5941 = ORIENTED_EDGE('',*,*,#5942,.F.);
#5942 = EDGE_CURVE('',#5943,#5935,#5945,.T.);
#5943 = VERTEX_POINT('',#5944);
#5944 = CARTESIAN_POINT('',(196.287,-127.812,1.51));
#5945 = LINE('',#5946,#5947);
#5946 = CARTESIAN_POINT('',(196.287,-127.812,1.51));
#5947 = VECTOR('',#5948,1.);
#5948 = DIRECTION('',(-0.521964870245,-0.852966983083,0.));
#5949 = ORIENTED_EDGE('',*,*,#5950,.F.);
#5950 = EDGE_CURVE('',#5951,#5943,#5953,.T.);
#5951 = VERTEX_POINT('',#5952);
#5952 = CARTESIAN_POINT('',(196.765,-127.,1.51));
#5953 = LINE('',#5954,#5955);
#5954 = CARTESIAN_POINT('',(196.765,-127.,1.51));
#5955 = VECTOR('',#5956,1.);
#5956 = DIRECTION('',(-0.507298382802,-0.86177047455,0.));
#5957 = ORIENTED_EDGE('',*,*,#5958,.F.);
#5958 = EDGE_CURVE('',#5959,#5951,#5961,.T.);
#5959 = VERTEX_POINT('',#5960);
#5960 = CARTESIAN_POINT('',(197.,-126.18,1.51));
#5961 = LINE('',#5962,#5963);
#5962 = CARTESIAN_POINT('',(197.,-126.18,1.51));
#5963 = VECTOR('',#5964,1.);
#5964 = DIRECTION('',(-0.27549521247,-0.961302443514,0.));
#5965 = ORIENTED_EDGE('',*,*,#5966,.F.);
#5966 = EDGE_CURVE('',#5967,#5959,#5969,.T.);
#5967 = VERTEX_POINT('',#5968);
#5968 = CARTESIAN_POINT('',(197.,-125.351,1.51));
#5969 = LINE('',#5970,#5971);
#5970 = CARTESIAN_POINT('',(197.,-125.351,1.51));
#5971 = VECTOR('',#5972,1.);
#5972 = DIRECTION('',(0.,-1.,0.));
#5973 = ORIENTED_EDGE('',*,*,#5974,.F.);
#5974 = EDGE_CURVE('',#5975,#5967,#5977,.T.);
#5975 = VERTEX_POINT('',#5976);
#5976 = CARTESIAN_POINT('',(197.,-124.515,1.51));
#5977 = LINE('',#5978,#5979);
#5978 = CARTESIAN_POINT('',(197.,-124.515,1.51));
#5979 = VECTOR('',#5980,1.);
#5980 = DIRECTION('',(0.,-1.,0.));
#5981 = ORIENTED_EDGE('',*,*,#5982,.F.);
#5982 = EDGE_CURVE('',#5983,#5975,#5985,.T.);
#5983 = VERTEX_POINT('',#5984);
#5984 = CARTESIAN_POINT('',(197.,-123.672,1.51));
#5985 = LINE('',#5986,#5987);
#5986 = CARTESIAN_POINT('',(197.,-123.672,1.51));
#5987 = VECTOR('',#5988,1.);
#5988 = DIRECTION('',(0.,-1.,0.));
#5989 = ORIENTED_EDGE('',*,*,#5990,.F.);
#5990 = EDGE_CURVE('',#5991,#5983,#5993,.T.);
#5991 = VERTEX_POINT('',#5992);
#5992 = CARTESIAN_POINT('',(197.,-122.821,1.51));
#5993 = LINE('',#5994,#5995);
#5994 = CARTESIAN_POINT('',(197.,-122.821,1.51));
#5995 = VECTOR('',#5996,1.);
#5996 = DIRECTION('',(0.,-1.,0.));
#5997 = ORIENTED_EDGE('',*,*,#5998,.F.);
#5998 = EDGE_CURVE('',#5999,#5991,#6001,.T.);
#5999 = VERTEX_POINT('',#6000);
#6000 = CARTESIAN_POINT('',(197.,-121.964,1.51));
#6001 = LINE('',#6002,#6003);
#6002 = CARTESIAN_POINT('',(197.,-121.964,1.51));
#6003 = VECTOR('',#6004,1.);
#6004 = DIRECTION('',(0.,-1.,0.));
#6005 = ORIENTED_EDGE('',*,*,#6006,.F.);
#6006 = EDGE_CURVE('',#6007,#5999,#6009,.T.);
#6007 = VERTEX_POINT('',#6008);
#6008 = CARTESIAN_POINT('',(197.,-121.099,1.51));
#6009 = LINE('',#6010,#6011);
#6010 = CARTESIAN_POINT('',(197.,-121.099,1.51));
#6011 = VECTOR('',#6012,1.);
#6012 = DIRECTION('',(0.,-1.,0.));
#6013 = ORIENTED_EDGE('',*,*,#6014,.F.);
#6014 = EDGE_CURVE('',#6015,#6007,#6017,.T.);
#6015 = VERTEX_POINT('',#6016);
#6016 = CARTESIAN_POINT('',(197.,-120.229,1.51));
#6017 = LINE('',#6018,#6019);
#6018 = CARTESIAN_POINT('',(197.,-120.229,1.51));
#6019 = VECTOR('',#6020,1.);
#6020 = DIRECTION('',(0.,-1.,0.));
#6021 = ORIENTED_EDGE('',*,*,#6022,.F.);
#6022 = EDGE_CURVE('',#6023,#6015,#6025,.T.);
#6023 = VERTEX_POINT('',#6024);
#6024 = CARTESIAN_POINT('',(197.,-119.352,1.51));
#6025 = LINE('',#6026,#6027);
#6026 = CARTESIAN_POINT('',(197.,-119.352,1.51));
#6027 = VECTOR('',#6028,1.);
#6028 = DIRECTION('',(0.,-1.,0.));
#6029 = ORIENTED_EDGE('',*,*,#6030,.F.);
#6030 = EDGE_CURVE('',#6031,#6023,#6033,.T.);
#6031 = VERTEX_POINT('',#6032);
#6032 = CARTESIAN_POINT('',(197.,-118.469,1.51));
#6033 = LINE('',#6034,#6035);
#6034 = CARTESIAN_POINT('',(197.,-118.469,1.51));
#6035 = VECTOR('',#6036,1.);
#6036 = DIRECTION('',(0.,-1.,0.));
#6037 = ORIENTED_EDGE('',*,*,#6038,.F.);
#6038 = EDGE_CURVE('',#6039,#6031,#6041,.T.);
#6039 = VERTEX_POINT('',#6040);
#6040 = CARTESIAN_POINT('',(197.,-117.581,1.51));
#6041 = LINE('',#6042,#6043);
#6042 = CARTESIAN_POINT('',(197.,-117.581,1.51));
#6043 = VECTOR('',#6044,1.);
#6044 = DIRECTION('',(0.,-1.,0.));
#6045 = ORIENTED_EDGE('',*,*,#6046,.F.);
#6046 = EDGE_CURVE('',#6047,#6039,#6049,.T.);
#6047 = VERTEX_POINT('',#6048);
#6048 = CARTESIAN_POINT('',(197.,-116.687,1.51));
#6049 = LINE('',#6050,#6051);
#6050 = CARTESIAN_POINT('',(197.,-116.687,1.51));
#6051 = VECTOR('',#6052,1.);
#6052 = DIRECTION('',(0.,-1.,0.));
#6053 = ORIENTED_EDGE('',*,*,#6054,.F.);
#6054 = EDGE_CURVE('',#6055,#6047,#6057,.T.);
#6055 = VERTEX_POINT('',#6056);
#6056 = CARTESIAN_POINT('',(197.,-115.788,1.51));
#6057 = LINE('',#6058,#6059);
#6058 = CARTESIAN_POINT('',(197.,-115.788,1.51));
#6059 = VECTOR('',#6060,1.);
#6060 = DIRECTION('',(0.,-1.,0.));
#6061 = ORIENTED_EDGE('',*,*,#6062,.F.);
#6062 = EDGE_CURVE('',#6063,#6055,#6065,.T.);
#6063 = VERTEX_POINT('',#6064);
#6064 = CARTESIAN_POINT('',(197.,-114.884,1.51));
#6065 = LINE('',#6066,#6067);
#6066 = CARTESIAN_POINT('',(197.,-114.884,1.51));
#6067 = VECTOR('',#6068,1.);
#6068 = DIRECTION('',(0.,-1.,0.));
#6069 = ORIENTED_EDGE('',*,*,#6070,.F.);
#6070 = EDGE_CURVE('',#6071,#6063,#6073,.T.);
#6071 = VERTEX_POINT('',#6072);
#6072 = CARTESIAN_POINT('',(197.,-113.976,1.51));
#6073 = LINE('',#6074,#6075);
#6074 = CARTESIAN_POINT('',(197.,-113.976,1.51));
#6075 = VECTOR('',#6076,1.);
#6076 = DIRECTION('',(0.,-1.,0.));
#6077 = ORIENTED_EDGE('',*,*,#6078,.F.);
#6078 = EDGE_CURVE('',#6079,#6071,#6081,.T.);
#6079 = VERTEX_POINT('',#6080);
#6080 = CARTESIAN_POINT('',(197.,-113.064,1.51));
#6081 = LINE('',#6082,#6083);
#6082 = CARTESIAN_POINT('',(197.,-113.064,1.51));
#6083 = VECTOR('',#6084,1.);
#6084 = DIRECTION('',(0.,-1.,0.));
#6085 = ORIENTED_EDGE('',*,*,#6086,.F.);
#6086 = EDGE_CURVE('',#6087,#6079,#6089,.T.);
#6087 = VERTEX_POINT('',#6088);
#6088 = CARTESIAN_POINT('',(197.,-112.147,1.51));
#6089 = LINE('',#6090,#6091);
#6090 = CARTESIAN_POINT('',(197.,-112.147,1.51));
#6091 = VECTOR('',#6092,1.);
#6092 = DIRECTION('',(0.,-1.,0.));
#6093 = ORIENTED_EDGE('',*,*,#6094,.F.);
#6094 = EDGE_CURVE('',#6095,#6087,#6097,.T.);
#6095 = VERTEX_POINT('',#6096);
#6096 = CARTESIAN_POINT('',(197.,-111.227,1.51));
#6097 = LINE('',#6098,#6099);
#6098 = CARTESIAN_POINT('',(197.,-111.227,1.51));
#6099 = VECTOR('',#6100,1.);
#6100 = DIRECTION('',(0.,-1.,0.));
#6101 = ORIENTED_EDGE('',*,*,#6102,.F.);
#6102 = EDGE_CURVE('',#6103,#6095,#6105,.T.);
#6103 = VERTEX_POINT('',#6104);
#6104 = CARTESIAN_POINT('',(197.,-110.304,1.51));
#6105 = LINE('',#6106,#6107);
#6106 = CARTESIAN_POINT('',(197.,-110.304,1.51));
#6107 = VECTOR('',#6108,1.);
#6108 = DIRECTION('',(0.,-1.,0.));
#6109 = ORIENTED_EDGE('',*,*,#6110,.F.);
#6110 = EDGE_CURVE('',#6111,#6103,#6113,.T.);
#6111 = VERTEX_POINT('',#6112);
#6112 = CARTESIAN_POINT('',(197.,-109.377,1.51));
#6113 = LINE('',#6114,#6115);
#6114 = CARTESIAN_POINT('',(197.,-109.377,1.51));
#6115 = VECTOR('',#6116,1.);
#6116 = DIRECTION('',(0.,-1.,0.));
#6117 = ORIENTED_EDGE('',*,*,#6118,.F.);
#6118 = EDGE_CURVE('',#6119,#6111,#6121,.T.);
#6119 = VERTEX_POINT('',#6120);
#6120 = CARTESIAN_POINT('',(197.,-108.447,1.51));
#6121 = LINE('',#6122,#6123);
#6122 = CARTESIAN_POINT('',(197.,-108.447,1.51));
#6123 = VECTOR('',#6124,1.);
#6124 = DIRECTION('',(0.,-1.,0.));
#6125 = ORIENTED_EDGE('',*,*,#6126,.F.);
#6126 = EDGE_CURVE('',#6127,#6119,#6129,.T.);
#6127 = VERTEX_POINT('',#6128);
#6128 = CARTESIAN_POINT('',(197.,-107.515,1.51));
#6129 = LINE('',#6130,#6131);
#6130 = CARTESIAN_POINT('',(197.,-107.515,1.51));
#6131 = VECTOR('',#6132,1.);
#6132 = DIRECTION('',(0.,-1.,0.));
#6133 = ORIENTED_EDGE('',*,*,#6134,.F.);
#6134 = EDGE_CURVE('',#6135,#6127,#6137,.T.);
#6135 = VERTEX_POINT('',#6136);
#6136 = CARTESIAN_POINT('',(197.,-106.581,1.51));
#6137 = LINE('',#6138,#6139);
#6138 = CARTESIAN_POINT('',(197.,-106.581,1.51));
#6139 = VECTOR('',#6140,1.);
#6140 = DIRECTION('',(0.,-1.,0.));
#6141 = ORIENTED_EDGE('',*,*,#6142,.F.);
#6142 = EDGE_CURVE('',#6143,#6135,#6145,.T.);
#6143 = VERTEX_POINT('',#6144);
#6144 = CARTESIAN_POINT('',(197.,-105.645,1.51));
#6145 = LINE('',#6146,#6147);
#6146 = CARTESIAN_POINT('',(197.,-105.645,1.51));
#6147 = VECTOR('',#6148,1.);
#6148 = DIRECTION('',(0.,-1.,0.));
#6149 = ORIENTED_EDGE('',*,*,#6150,.F.);
#6150 = EDGE_CURVE('',#6151,#6143,#6153,.T.);
#6151 = VERTEX_POINT('',#6152);
#6152 = CARTESIAN_POINT('',(197.,-104.706,1.51));
#6153 = LINE('',#6154,#6155);
#6154 = CARTESIAN_POINT('',(197.,-104.706,1.51));
#6155 = VECTOR('',#6156,1.);
#6156 = DIRECTION('',(0.,-1.,0.));
#6157 = ORIENTED_EDGE('',*,*,#6158,.F.);
#6158 = EDGE_CURVE('',#6159,#6151,#6161,.T.);
#6159 = VERTEX_POINT('',#6160);
#6160 = CARTESIAN_POINT('',(197.,-103.767,1.51));
#6161 = LINE('',#6162,#6163);
#6162 = CARTESIAN_POINT('',(197.,-103.767,1.51));
#6163 = VECTOR('',#6164,1.);
#6164 = DIRECTION('',(0.,-1.,0.));
#6165 = ORIENTED_EDGE('',*,*,#6166,.F.);
#6166 = EDGE_CURVE('',#6167,#6159,#6169,.T.);
#6167 = VERTEX_POINT('',#6168);
#6168 = CARTESIAN_POINT('',(197.,-102.826,1.51));
#6169 = LINE('',#6170,#6171);
#6170 = CARTESIAN_POINT('',(197.,-102.826,1.51));
#6171 = VECTOR('',#6172,1.);
#6172 = DIRECTION('',(0.,-1.,0.));
#6173 = ORIENTED_EDGE('',*,*,#6174,.F.);
#6174 = EDGE_CURVE('',#6175,#6167,#6177,.T.);
#6175 = VERTEX_POINT('',#6176);
#6176 = CARTESIAN_POINT('',(197.,-101.885,1.51));
#6177 = LINE('',#6178,#6179);
#6178 = CARTESIAN_POINT('',(197.,-101.885,1.51));
#6179 = VECTOR('',#6180,1.);
#6180 = DIRECTION('',(0.,-1.,0.));
#6181 = ORIENTED_EDGE('',*,*,#6182,.F.);
#6182 = EDGE_CURVE('',#6183,#6175,#6185,.T.);
#6183 = VERTEX_POINT('',#6184);
#6184 = CARTESIAN_POINT('',(197.,-100.942,1.51));
#6185 = LINE('',#6186,#6187);
#6186 = CARTESIAN_POINT('',(197.,-100.942,1.51));
#6187 = VECTOR('',#6188,1.);
#6188 = DIRECTION('',(0.,-1.,0.));
#6189 = ORIENTED_EDGE('',*,*,#6190,.F.);
#6190 = EDGE_CURVE('',#6191,#6183,#6193,.T.);
#6191 = VERTEX_POINT('',#6192);
#6192 = CARTESIAN_POINT('',(197.,-100.,1.51));
#6193 = LINE('',#6194,#6195);
#6194 = CARTESIAN_POINT('',(197.,-100.,1.51));
#6195 = VECTOR('',#6196,1.);
#6196 = DIRECTION('',(0.,-1.,0.));
#6197 = ORIENTED_EDGE('',*,*,#6198,.F.);
#6198 = EDGE_CURVE('',#6199,#6191,#6201,.T.);
#6199 = VERTEX_POINT('',#6200);
#6200 = CARTESIAN_POINT('',(197.,-99.058,1.51));
#6201 = LINE('',#6202,#6203);
#6202 = CARTESIAN_POINT('',(197.,-99.058,1.51));
#6203 = VECTOR('',#6204,1.);
#6204 = DIRECTION('',(0.,-1.,0.));
#6205 = ORIENTED_EDGE('',*,*,#6206,.F.);
#6206 = EDGE_CURVE('',#6207,#6199,#6209,.T.);
#6207 = VERTEX_POINT('',#6208);
#6208 = CARTESIAN_POINT('',(197.,-98.115,1.51));
#6209 = LINE('',#6210,#6211);
#6210 = CARTESIAN_POINT('',(197.,-98.115,1.51));
#6211 = VECTOR('',#6212,1.);
#6212 = DIRECTION('',(0.,-1.,0.));
#6213 = ORIENTED_EDGE('',*,*,#6214,.F.);
#6214 = EDGE_CURVE('',#6215,#6207,#6217,.T.);
#6215 = VERTEX_POINT('',#6216);
#6216 = CARTESIAN_POINT('',(197.,-97.174,1.51));
#6217 = LINE('',#6218,#6219);
#6218 = CARTESIAN_POINT('',(197.,-97.174,1.51));
#6219 = VECTOR('',#6220,1.);
#6220 = DIRECTION('',(0.,-1.,0.));
#6221 = ORIENTED_EDGE('',*,*,#6222,.F.);
#6222 = EDGE_CURVE('',#6223,#6215,#6225,.T.);
#6223 = VERTEX_POINT('',#6224);
#6224 = CARTESIAN_POINT('',(197.,-96.233,1.51));
#6225 = LINE('',#6226,#6227);
#6226 = CARTESIAN_POINT('',(197.,-96.233,1.51));
#6227 = VECTOR('',#6228,1.);
#6228 = DIRECTION('',(0.,-1.,0.));
#6229 = ORIENTED_EDGE('',*,*,#6230,.F.);
#6230 = EDGE_CURVE('',#6231,#6223,#6233,.T.);
#6231 = VERTEX_POINT('',#6232);
#6232 = CARTESIAN_POINT('',(197.,-95.294,1.51));
#6233 = LINE('',#6234,#6235);
#6234 = CARTESIAN_POINT('',(197.,-95.294,1.51));
#6235 = VECTOR('',#6236,1.);
#6236 = DIRECTION('',(0.,-1.,0.));
#6237 = ORIENTED_EDGE('',*,*,#6238,.F.);
#6238 = EDGE_CURVE('',#6239,#6231,#6241,.T.);
#6239 = VERTEX_POINT('',#6240);
#6240 = CARTESIAN_POINT('',(197.,-94.355,1.51));
#6241 = LINE('',#6242,#6243);
#6242 = CARTESIAN_POINT('',(197.,-94.355,1.51));
#6243 = VECTOR('',#6244,1.);
#6244 = DIRECTION('',(0.,-1.,0.));
#6245 = ORIENTED_EDGE('',*,*,#6246,.F.);
#6246 = EDGE_CURVE('',#6247,#6239,#6249,.T.);
#6247 = VERTEX_POINT('',#6248);
#6248 = CARTESIAN_POINT('',(197.,-93.419,1.51));
#6249 = LINE('',#6250,#6251);
#6250 = CARTESIAN_POINT('',(197.,-93.419,1.51));
#6251 = VECTOR('',#6252,1.);
#6252 = DIRECTION('',(0.,-1.,0.));
#6253 = ORIENTED_EDGE('',*,*,#6254,.F.);
#6254 = EDGE_CURVE('',#6255,#6247,#6257,.T.);
#6255 = VERTEX_POINT('',#6256);
#6256 = CARTESIAN_POINT('',(197.,-92.485,1.51));
#6257 = LINE('',#6258,#6259);
#6258 = CARTESIAN_POINT('',(197.,-92.485,1.51));
#6259 = VECTOR('',#6260,1.);
#6260 = DIRECTION('',(0.,-1.,0.));
#6261 = ORIENTED_EDGE('',*,*,#6262,.F.);
#6262 = EDGE_CURVE('',#6263,#6255,#6265,.T.);
#6263 = VERTEX_POINT('',#6264);
#6264 = CARTESIAN_POINT('',(197.,-91.553,1.51));
#6265 = LINE('',#6266,#6267);
#6266 = CARTESIAN_POINT('',(197.,-91.553,1.51));
#6267 = VECTOR('',#6268,1.);
#6268 = DIRECTION('',(0.,-1.,0.));
#6269 = ORIENTED_EDGE('',*,*,#6270,.F.);
#6270 = EDGE_CURVE('',#6271,#6263,#6273,.T.);
#6271 = VERTEX_POINT('',#6272);
#6272 = CARTESIAN_POINT('',(197.,-90.623,1.51));
#6273 = LINE('',#6274,#6275);
#6274 = CARTESIAN_POINT('',(197.,-90.623,1.51));
#6275 = VECTOR('',#6276,1.);
#6276 = DIRECTION('',(0.,-1.,0.));
#6277 = ORIENTED_EDGE('',*,*,#6278,.F.);
#6278 = EDGE_CURVE('',#6279,#6271,#6281,.T.);
#6279 = VERTEX_POINT('',#6280);
#6280 = CARTESIAN_POINT('',(197.,-89.696,1.51));
#6281 = LINE('',#6282,#6283);
#6282 = CARTESIAN_POINT('',(197.,-89.696,1.51));
#6283 = VECTOR('',#6284,1.);
#6284 = DIRECTION('',(0.,-1.,0.));
#6285 = ORIENTED_EDGE('',*,*,#6286,.F.);
#6286 = EDGE_CURVE('',#6287,#6279,#6289,.T.);
#6287 = VERTEX_POINT('',#6288);
#6288 = CARTESIAN_POINT('',(197.,-88.773,1.51));
#6289 = LINE('',#6290,#6291);
#6290 = CARTESIAN_POINT('',(197.,-88.773,1.51));
#6291 = VECTOR('',#6292,1.);
#6292 = DIRECTION('',(0.,-1.,0.));
#6293 = ORIENTED_EDGE('',*,*,#6294,.F.);
#6294 = EDGE_CURVE('',#6295,#6287,#6297,.T.);
#6295 = VERTEX_POINT('',#6296);
#6296 = CARTESIAN_POINT('',(197.,-87.853,1.51));
#6297 = LINE('',#6298,#6299);
#6298 = CARTESIAN_POINT('',(197.,-87.853,1.51));
#6299 = VECTOR('',#6300,1.);
#6300 = DIRECTION('',(0.,-1.,0.));
#6301 = ORIENTED_EDGE('',*,*,#6302,.F.);
#6302 = EDGE_CURVE('',#6303,#6295,#6305,.T.);
#6303 = VERTEX_POINT('',#6304);
#6304 = CARTESIAN_POINT('',(197.,-86.936,1.51));
#6305 = LINE('',#6306,#6307);
#6306 = CARTESIAN_POINT('',(197.,-86.936,1.51));
#6307 = VECTOR('',#6308,1.);
#6308 = DIRECTION('',(0.,-1.,0.));
#6309 = ORIENTED_EDGE('',*,*,#6310,.F.);
#6310 = EDGE_CURVE('',#6311,#6303,#6313,.T.);
#6311 = VERTEX_POINT('',#6312);
#6312 = CARTESIAN_POINT('',(197.,-86.024,1.51));
#6313 = LINE('',#6314,#6315);
#6314 = CARTESIAN_POINT('',(197.,-86.024,1.51));
#6315 = VECTOR('',#6316,1.);
#6316 = DIRECTION('',(0.,-1.,0.));
#6317 = ORIENTED_EDGE('',*,*,#6318,.F.);
#6318 = EDGE_CURVE('',#6319,#6311,#6321,.T.);
#6319 = VERTEX_POINT('',#6320);
#6320 = CARTESIAN_POINT('',(197.,-85.116,1.51));
#6321 = LINE('',#6322,#6323);
#6322 = CARTESIAN_POINT('',(197.,-85.116,1.51));
#6323 = VECTOR('',#6324,1.);
#6324 = DIRECTION('',(0.,-1.,0.));
#6325 = ORIENTED_EDGE('',*,*,#6326,.F.);
#6326 = EDGE_CURVE('',#6327,#6319,#6329,.T.);
#6327 = VERTEX_POINT('',#6328);
#6328 = CARTESIAN_POINT('',(197.,-84.212,1.51));
#6329 = LINE('',#6330,#6331);
#6330 = CARTESIAN_POINT('',(197.,-84.212,1.51));
#6331 = VECTOR('',#6332,1.);
#6332 = DIRECTION('',(0.,-1.,0.));
#6333 = ORIENTED_EDGE('',*,*,#6334,.F.);
#6334 = EDGE_CURVE('',#6335,#6327,#6337,.T.);
#6335 = VERTEX_POINT('',#6336);
#6336 = CARTESIAN_POINT('',(197.,-83.313,1.51));
#6337 = LINE('',#6338,#6339);
#6338 = CARTESIAN_POINT('',(197.,-83.313,1.51));
#6339 = VECTOR('',#6340,1.);
#6340 = DIRECTION('',(0.,-1.,0.));
#6341 = ORIENTED_EDGE('',*,*,#6342,.F.);
#6342 = EDGE_CURVE('',#6343,#6335,#6345,.T.);
#6343 = VERTEX_POINT('',#6344);
#6344 = CARTESIAN_POINT('',(197.,-82.419,1.51));
#6345 = LINE('',#6346,#6347);
#6346 = CARTESIAN_POINT('',(197.,-82.419,1.51));
#6347 = VECTOR('',#6348,1.);
#6348 = DIRECTION('',(0.,-1.,0.));
#6349 = ORIENTED_EDGE('',*,*,#6350,.F.);
#6350 = EDGE_CURVE('',#6351,#6343,#6353,.T.);
#6351 = VERTEX_POINT('',#6352);
#6352 = CARTESIAN_POINT('',(197.,-81.531,1.51));
#6353 = LINE('',#6354,#6355);
#6354 = CARTESIAN_POINT('',(197.,-81.531,1.51));
#6355 = VECTOR('',#6356,1.);
#6356 = DIRECTION('',(0.,-1.,0.));
#6357 = ORIENTED_EDGE('',*,*,#6358,.F.);
#6358 = EDGE_CURVE('',#6359,#6351,#6361,.T.);
#6359 = VERTEX_POINT('',#6360);
#6360 = CARTESIAN_POINT('',(197.,-80.648,1.51));
#6361 = LINE('',#6362,#6363);
#6362 = CARTESIAN_POINT('',(197.,-80.648,1.51));
#6363 = VECTOR('',#6364,1.);
#6364 = DIRECTION('',(0.,-1.,0.));
#6365 = ORIENTED_EDGE('',*,*,#6366,.F.);
#6366 = EDGE_CURVE('',#6367,#6359,#6369,.T.);
#6367 = VERTEX_POINT('',#6368);
#6368 = CARTESIAN_POINT('',(197.,-79.771,1.51));
#6369 = LINE('',#6370,#6371);
#6370 = CARTESIAN_POINT('',(197.,-79.771,1.51));
#6371 = VECTOR('',#6372,1.);
#6372 = DIRECTION('',(0.,-1.,0.));
#6373 = ORIENTED_EDGE('',*,*,#6374,.F.);
#6374 = EDGE_CURVE('',#6375,#6367,#6377,.T.);
#6375 = VERTEX_POINT('',#6376);
#6376 = CARTESIAN_POINT('',(197.,-78.901,1.51));
#6377 = LINE('',#6378,#6379);
#6378 = CARTESIAN_POINT('',(197.,-78.901,1.51));
#6379 = VECTOR('',#6380,1.);
#6380 = DIRECTION('',(0.,-1.,0.));
#6381 = ORIENTED_EDGE('',*,*,#6382,.F.);
#6382 = EDGE_CURVE('',#6383,#6375,#6385,.T.);
#6383 = VERTEX_POINT('',#6384);
#6384 = CARTESIAN_POINT('',(197.,-78.036,1.51));
#6385 = LINE('',#6386,#6387);
#6386 = CARTESIAN_POINT('',(197.,-78.036,1.51));
#6387 = VECTOR('',#6388,1.);
#6388 = DIRECTION('',(0.,-1.,0.));
#6389 = ORIENTED_EDGE('',*,*,#6390,.F.);
#6390 = EDGE_CURVE('',#6391,#6383,#6393,.T.);
#6391 = VERTEX_POINT('',#6392);
#6392 = CARTESIAN_POINT('',(197.,-77.179,1.51));
#6393 = LINE('',#6394,#6395);
#6394 = CARTESIAN_POINT('',(197.,-77.179,1.51));
#6395 = VECTOR('',#6396,1.);
#6396 = DIRECTION('',(0.,-1.,0.));
#6397 = ORIENTED_EDGE('',*,*,#6398,.F.);
#6398 = EDGE_CURVE('',#6399,#6391,#6401,.T.);
#6399 = VERTEX_POINT('',#6400);
#6400 = CARTESIAN_POINT('',(197.,-76.328,1.51));
#6401 = LINE('',#6402,#6403);
#6402 = CARTESIAN_POINT('',(197.,-76.328,1.51));
#6403 = VECTOR('',#6404,1.);
#6404 = DIRECTION('',(0.,-1.,0.));
#6405 = ORIENTED_EDGE('',*,*,#6406,.F.);
#6406 = EDGE_CURVE('',#6407,#6399,#6409,.T.);
#6407 = VERTEX_POINT('',#6408);
#6408 = CARTESIAN_POINT('',(197.,-75.485,1.51));
#6409 = LINE('',#6410,#6411);
#6410 = CARTESIAN_POINT('',(197.,-75.485,1.51));
#6411 = VECTOR('',#6412,1.);
#6412 = DIRECTION('',(0.,-1.,0.));
#6413 = ORIENTED_EDGE('',*,*,#6414,.F.);
#6414 = EDGE_CURVE('',#6415,#6407,#6417,.T.);
#6415 = VERTEX_POINT('',#6416);
#6416 = CARTESIAN_POINT('',(197.,-74.649,1.51));
#6417 = LINE('',#6418,#6419);
#6418 = CARTESIAN_POINT('',(197.,-74.649,1.51));
#6419 = VECTOR('',#6420,1.);
#6420 = DIRECTION('',(0.,-1.,0.));
#6421 = ORIENTED_EDGE('',*,*,#6422,.F.);
#6422 = EDGE_CURVE('',#6423,#6415,#6425,.T.);
#6423 = VERTEX_POINT('',#6424);
#6424 = CARTESIAN_POINT('',(197.,-73.82,1.51));
#6425 = LINE('',#6426,#6427);
#6426 = CARTESIAN_POINT('',(197.,-73.82,1.51));
#6427 = VECTOR('',#6428,1.);
#6428 = DIRECTION('',(0.,-1.,0.));
#6429 = ORIENTED_EDGE('',*,*,#6430,.F.);
#6430 = EDGE_CURVE('',#6431,#6423,#6433,.T.);
#6431 = VERTEX_POINT('',#6432);
#6432 = CARTESIAN_POINT('',(196.765,-73.,1.51));
#6433 = LINE('',#6434,#6435);
#6434 = CARTESIAN_POINT('',(196.765,-73.,1.51));
#6435 = VECTOR('',#6436,1.);
#6436 = DIRECTION('',(0.27549521247,-0.961302443514,0.));
#6437 = ORIENTED_EDGE('',*,*,#6438,.F.);
#6438 = EDGE_CURVE('',#6439,#6431,#6441,.T.);
#6439 = VERTEX_POINT('',#6440);
#6440 = CARTESIAN_POINT('',(196.287,-72.188,1.51));
#6441 = LINE('',#6442,#6443);
#6442 = CARTESIAN_POINT('',(196.287,-72.188,1.51));
#6443 = VECTOR('',#6444,1.);
#6444 = DIRECTION('',(0.507298382802,-0.86177047455,0.));
#6445 = ORIENTED_EDGE('',*,*,#6446,.F.);
#6446 = EDGE_CURVE('',#6447,#6439,#6449,.T.);
#6447 = VERTEX_POINT('',#6448);
#6448 = CARTESIAN_POINT('',(195.795,-71.384,1.51));
#6449 = LINE('',#6450,#6451);
#6450 = CARTESIAN_POINT('',(195.795,-71.384,1.51));
#6451 = VECTOR('',#6452,1.);
#6452 = DIRECTION('',(0.521964870245,-0.852966983083,0.));
#6453 = ORIENTED_EDGE('',*,*,#6454,.F.);
#6454 = EDGE_CURVE('',#6455,#6447,#6457,.T.);
#6455 = VERTEX_POINT('',#6456);
#6456 = CARTESIAN_POINT('',(195.288,-70.589,1.51));
#6457 = LINE('',#6458,#6459);
#6458 = CARTESIAN_POINT('',(195.288,-70.589,1.51));
#6459 = VECTOR('',#6460,1.);
#6460 = DIRECTION('',(0.537698722127,-0.84313704949,0.));
#6461 = ORIENTED_EDGE('',*,*,#6462,.F.);
#6462 = EDGE_CURVE('',#6463,#6455,#6465,.T.);
#6463 = VERTEX_POINT('',#6464);
#6464 = CARTESIAN_POINT('',(194.768,-69.804,1.51));
#6465 = LINE('',#6466,#6467);
#6466 = CARTESIAN_POINT('',(194.768,-69.804,1.51));
#6467 = VECTOR('',#6468,1.);
#6468 = DIRECTION('',(0.552246989696,-0.833680551753,0.));
#6469 = ORIENTED_EDGE('',*,*,#6470,.F.);
#6470 = EDGE_CURVE('',#6471,#6463,#6473,.T.);
#6471 = VERTEX_POINT('',#6472);
#6472 = CARTESIAN_POINT('',(194.234,-69.027,1.51));
#6473 = LINE('',#6474,#6475);
#6474 = CARTESIAN_POINT('',(194.234,-69.027,1.51));
#6475 = VECTOR('',#6476,1.);
#6476 = DIRECTION('',(0.566393770718,-0.82413475627,0.));
#6477 = ORIENTED_EDGE('',*,*,#6478,.F.);
#6478 = EDGE_CURVE('',#6479,#6471,#6481,.T.);
#6479 = VERTEX_POINT('',#6480);
#6480 = CARTESIAN_POINT('',(193.687,-68.26,1.51));
#6481 = LINE('',#6482,#6483);
#6482 = CARTESIAN_POINT('',(193.687,-68.26,1.51));
#6483 = VECTOR('',#6484,1.);
#6484 = DIRECTION('',(0.580635566561,-0.814163582362,0.));
#6485 = ORIENTED_EDGE('',*,*,#6486,.F.);
#6486 = EDGE_CURVE('',#6487,#6479,#6489,.T.);
#6487 = VERTEX_POINT('',#6488);
#6488 = CARTESIAN_POINT('',(193.126,-67.502,1.51));
#6489 = LINE('',#6490,#6491);
#6490 = CARTESIAN_POINT('',(193.126,-67.502,1.51));
#6491 = VECTOR('',#6492,1.);
#6492 = DIRECTION('',(0.594897820462,-0.803801333173,0.));
#6493 = ORIENTED_EDGE('',*,*,#6494,.F.);
#6494 = EDGE_CURVE('',#6495,#6487,#6497,.T.);
#6495 = VERTEX_POINT('',#6496);
#6496 = CARTESIAN_POINT('',(192.553,-66.754,1.51));
#6497 = LINE('',#6498,#6499);
#6498 = CARTESIAN_POINT('',(192.553,-66.754,1.51));
#6499 = VECTOR('',#6500,1.);
#6500 = DIRECTION('',(0.608119570772,-0.793845443172,0.));
#6501 = ORIENTED_EDGE('',*,*,#6502,.F.);
#6502 = EDGE_CURVE('',#6503,#6495,#6505,.T.);
#6503 = VERTEX_POINT('',#6504);
#6504 = CARTESIAN_POINT('',(191.966,-66.016999,1.51));
#6505 = LINE('',#6506,#6507);
#6506 = CARTESIAN_POINT('',(191.966,-66.016999,1.51));
#6507 = VECTOR('',#6508,1.);
#6508 = DIRECTION('',(0.623010455975,-0.782213507775,0.));
#6509 = ORIENTED_EDGE('',*,*,#6510,.F.);
#6510 = EDGE_CURVE('',#6511,#6503,#6513,.T.);
#6511 = VERTEX_POINT('',#6512);
#6512 = CARTESIAN_POINT('',(191.366,-65.289,1.51));
#6513 = LINE('',#6514,#6515);
#6514 = CARTESIAN_POINT('',(191.366,-65.289,1.51));
#6515 = VECTOR('',#6516,1.);
#6516 = DIRECTION('',(0.63600496517,-0.771684964398,0.));
#6517 = ORIENTED_EDGE('',*,*,#6518,.F.);
#6518 = EDGE_CURVE('',#6519,#6511,#6521,.T.);
#6519 = VERTEX_POINT('',#6520);
#6520 = CARTESIAN_POINT('',(190.754,-64.572999,1.51));
#6521 = LINE('',#6522,#6523);
#6522 = CARTESIAN_POINT('',(190.754,-64.572999,1.51));
#6523 = VECTOR('',#6524,1.);
#6524 = DIRECTION('',(0.649741048736,-0.760155621954,0.));
#6525 = ORIENTED_EDGE('',*,*,#6526,.F.);
#6526 = EDGE_CURVE('',#6527,#6519,#6529,.T.);
#6527 = VERTEX_POINT('',#6528);
#6528 = CARTESIAN_POINT('',(190.13,-63.867,1.51));
#6529 = LINE('',#6530,#6531);
#6530 = CARTESIAN_POINT('',(190.13,-63.867,1.51));
#6531 = VECTOR('',#6532,1.);
#6532 = DIRECTION('',(0.662253755292,-0.749279629779,0.));
#6533 = ORIENTED_EDGE('',*,*,#6534,.F.);
#6534 = EDGE_CURVE('',#6535,#6527,#6537,.T.);
#6535 = VERTEX_POINT('',#6536);
#6536 = CARTESIAN_POINT('',(189.493,-63.172,1.51));
#6537 = LINE('',#6538,#6539);
#6538 = CARTESIAN_POINT('',(189.493,-63.172,1.51));
#6539 = VECTOR('',#6540,1.);
#6540 = DIRECTION('',(0.675676594625,-0.737198168389,0.));
#6541 = ORIENTED_EDGE('',*,*,#6542,.F.);
#6542 = EDGE_CURVE('',#6543,#6535,#6545,.T.);
#6543 = VERTEX_POINT('',#6544);
#6544 = CARTESIAN_POINT('',(188.844,-62.488,1.51));
#6545 = LINE('',#6546,#6547);
#6546 = CARTESIAN_POINT('',(188.844,-62.488,1.51));
#6547 = VECTOR('',#6548,1.);
#6548 = DIRECTION('',(0.688303366875,-0.725422962932,0.));
#6549 = ORIENTED_EDGE('',*,*,#6550,.F.);
#6550 = EDGE_CURVE('',#6551,#6543,#6553,.T.);
#6551 = VERTEX_POINT('',#6552);
#6552 = CARTESIAN_POINT('',(188.184,-61.816,1.51));
#6553 = LINE('',#6554,#6555);
#6554 = CARTESIAN_POINT('',(188.184,-61.816,1.51));
#6555 = VECTOR('',#6556,1.);
#6556 = DIRECTION('',(0.700708014884,-0.713448160609,0.));
#6557 = ORIENTED_EDGE('',*,*,#6558,.F.);
#6558 = EDGE_CURVE('',#6559,#6551,#6561,.T.);
#6559 = VERTEX_POINT('',#6560);
#6560 = CARTESIAN_POINT('',(187.512,-61.156,1.51));
#6561 = LINE('',#6562,#6563);
#6562 = CARTESIAN_POINT('',(187.512,-61.156,1.51));
#6563 = VECTOR('',#6564,1.);
#6564 = DIRECTION('',(0.713448160609,-0.700708014884,0.));
#6565 = ORIENTED_EDGE('',*,*,#6566,.F.);
#6566 = EDGE_CURVE('',#6567,#6559,#6569,.T.);
#6567 = VERTEX_POINT('',#6568);
#6568 = CARTESIAN_POINT('',(186.828,-60.507,1.51));
#6569 = LINE('',#6570,#6571);
#6570 = CARTESIAN_POINT('',(186.828,-60.507,1.51));
#6571 = VECTOR('',#6572,1.);
#6572 = DIRECTION('',(0.725422962932,-0.688303366875,0.));
#6573 = ORIENTED_EDGE('',*,*,#6574,.F.);
#6574 = EDGE_CURVE('',#6575,#6567,#6577,.T.);
#6575 = VERTEX_POINT('',#6576);
#6576 = CARTESIAN_POINT('',(186.133,-59.87,1.51));
#6577 = LINE('',#6578,#6579);
#6578 = CARTESIAN_POINT('',(186.133,-59.87,1.51));
#6579 = VECTOR('',#6580,1.);
#6580 = DIRECTION('',(0.737198168389,-0.675676594625,0.));
#6581 = ORIENTED_EDGE('',*,*,#6582,.F.);
#6582 = EDGE_CURVE('',#6583,#6575,#6585,.T.);
#6583 = VERTEX_POINT('',#6584);
#6584 = CARTESIAN_POINT('',(185.427,-59.246,1.51));
#6585 = LINE('',#6586,#6587);
#6586 = CARTESIAN_POINT('',(185.427,-59.246,1.51));
#6587 = VECTOR('',#6588,1.);
#6588 = DIRECTION('',(0.749280095245,-0.662253228659,0.));
#6589 = ORIENTED_EDGE('',*,*,#6590,.F.);
#6590 = EDGE_CURVE('',#6591,#6583,#6593,.T.);
#6591 = VERTEX_POINT('',#6592);
#6592 = CARTESIAN_POINT('',(184.711,-58.634,1.51));
#6593 = LINE('',#6594,#6595);
#6594 = CARTESIAN_POINT('',(184.711,-58.634,1.51));
#6595 = VECTOR('',#6596,1.);
#6596 = DIRECTION('',(0.760155173756,-0.649741573098,0.));
#6597 = ORIENTED_EDGE('',*,*,#6598,.F.);
#6598 = EDGE_CURVE('',#6599,#6591,#6601,.T.);
#6599 = VERTEX_POINT('',#6600);
#6600 = CARTESIAN_POINT('',(183.983,-58.034,1.51));
#6601 = LINE('',#6602,#6603);
#6602 = CARTESIAN_POINT('',(183.983,-58.034,1.51));
#6603 = VECTOR('',#6604,1.);
#6604 = DIRECTION('',(0.771685393174,-0.636004444923,0.));
#6605 = ORIENTED_EDGE('',*,*,#6606,.F.);
#6606 = EDGE_CURVE('',#6607,#6599,#6609,.T.);
#6607 = VERTEX_POINT('',#6608);
#6608 = CARTESIAN_POINT('',(183.246,-57.447,1.51));
#6609 = LINE('',#6610,#6611);
#6610 = CARTESIAN_POINT('',(183.246,-57.447,1.51));
#6611 = VECTOR('',#6612,1.);
#6612 = DIRECTION('',(0.782213095821,-0.623010973198,0.));
#6613 = ORIENTED_EDGE('',*,*,#6614,.F.);
#6614 = EDGE_CURVE('',#6615,#6607,#6617,.T.);
#6615 = VERTEX_POINT('',#6616);
#6616 = CARTESIAN_POINT('',(182.498,-56.874,1.51));
#6617 = LINE('',#6618,#6619);
#6618 = CARTESIAN_POINT('',(182.498,-56.874,1.51));
#6619 = VECTOR('',#6620,1.);
#6620 = DIRECTION('',(0.793845443172,-0.608119570772,0.));
#6621 = ORIENTED_EDGE('',*,*,#6622,.F.);
#6622 = EDGE_CURVE('',#6623,#6615,#6625,.T.);
#6623 = VERTEX_POINT('',#6624);
#6624 = CARTESIAN_POINT('',(181.74,-56.313,1.51));
#6625 = LINE('',#6626,#6627);
#6626 = CARTESIAN_POINT('',(181.74,-56.313,1.51));
#6627 = VECTOR('',#6628,1.);
#6628 = DIRECTION('',(0.803801333173,-0.594897820462,0.));
#6629 = ORIENTED_EDGE('',*,*,#6630,.F.);
#6630 = EDGE_CURVE('',#6631,#6623,#6633,.T.);
#6631 = VERTEX_POINT('',#6632);
#6632 = CARTESIAN_POINT('',(180.973,-55.766,1.51));
#6633 = LINE('',#6634,#6635);
#6634 = CARTESIAN_POINT('',(180.973,-55.766,1.51));
#6635 = VECTOR('',#6636,1.);
#6636 = DIRECTION('',(0.814163582362,-0.580635566561,0.));
#6637 = ORIENTED_EDGE('',*,*,#6638,.F.);
#6638 = EDGE_CURVE('',#112,#6631,#6639,.T.);
#6639 = LINE('',#6640,#6641);
#6640 = CARTESIAN_POINT('',(180.196,-55.232,1.51));
#6641 = VECTOR('',#6642,1.);
#6642 = DIRECTION('',(0.82413475627,-0.566393770718,0.));
#6643 = ORIENTED_EDGE('',*,*,#111,.F.);
#6644 = FACE_BOUND('',#6645,.T.);
#6645 = EDGE_LOOP('',(#6646));
#6646 = ORIENTED_EDGE('',*,*,#6647,.T.);
#6647 = EDGE_CURVE('',#6648,#6648,#6650,.T.);
#6648 = VERTEX_POINT('',#6649);
#6649 = CARTESIAN_POINT('',(123.,-142.6,1.51));
#6650 = CIRCLE('',#6651,1.6);
#6651 = AXIS2_PLACEMENT_3D('',#6652,#6653,#6654);
#6652 = CARTESIAN_POINT('',(123.,-141.,1.51));
#6653 = DIRECTION('',(-0.,0.,-1.));
#6654 = DIRECTION('',(-0.,-1.,0.));
#6655 = FACE_BOUND('',#6656,.T.);
#6656 = EDGE_LOOP('',(#6657));
#6657 = ORIENTED_EDGE('',*,*,#6658,.T.);
#6658 = EDGE_CURVE('',#6659,#6659,#6661,.T.);
#6659 = VERTEX_POINT('',#6660);
#6660 = CARTESIAN_POINT('',(141.1,-123.36,1.51));
#6661 = CIRCLE('',#6662,0.5);
#6662 = AXIS2_PLACEMENT_3D('',#6663,#6664,#6665);
#6663 = CARTESIAN_POINT('',(141.1,-122.86,1.51));
#6664 = DIRECTION('',(-0.,0.,-1.));
#6665 = DIRECTION('',(-0.,-1.,0.));
#6666 = FACE_BOUND('',#6667,.T.);
#6667 = EDGE_LOOP('',(#6668));
#6668 = ORIENTED_EDGE('',*,*,#6669,.T.);
#6669 = EDGE_CURVE('',#6670,#6670,#6672,.T.);
#6670 = VERTEX_POINT('',#6671);
#6671 = CARTESIAN_POINT('',(126.5,-109.544,1.51));
#6672 = CIRCLE('',#6673,0.375);
#6673 = AXIS2_PLACEMENT_3D('',#6674,#6675,#6676);
#6674 = CARTESIAN_POINT('',(126.5,-109.169,1.51));
#6675 = DIRECTION('',(-0.,0.,-1.));
#6676 = DIRECTION('',(-0.,-1.,0.));
#6677 = FACE_BOUND('',#6678,.T.);
#6678 = EDGE_LOOP('',(#6679));
#6679 = ORIENTED_EDGE('',*,*,#6680,.T.);
#6680 = EDGE_CURVE('',#6681,#6681,#6683,.T.);
#6681 = VERTEX_POINT('',#6682);
#6682 = CARTESIAN_POINT('',(141.1,-120.82,1.51));
#6683 = CIRCLE('',#6684,0.5);
#6684 = AXIS2_PLACEMENT_3D('',#6685,#6686,#6687);
#6685 = CARTESIAN_POINT('',(141.1,-120.32,1.51));
#6686 = DIRECTION('',(-0.,0.,-1.));
#6687 = DIRECTION('',(-0.,-1.,0.));
#6688 = FACE_BOUND('',#6689,.T.);
#6689 = EDGE_LOOP('',(#6690));
#6690 = ORIENTED_EDGE('',*,*,#6691,.T.);
#6691 = EDGE_CURVE('',#6692,#6692,#6694,.T.);
#6692 = VERTEX_POINT('',#6693);
#6693 = CARTESIAN_POINT('',(141.1,-118.28,1.51));
#6694 = CIRCLE('',#6695,0.5);
#6695 = AXIS2_PLACEMENT_3D('',#6696,#6697,#6698);
#6696 = CARTESIAN_POINT('',(141.1,-117.78,1.51));
#6697 = DIRECTION('',(-0.,0.,-1.));
#6698 = DIRECTION('',(-0.,-1.,0.));
#6699 = FACE_BOUND('',#6700,.T.);
#6700 = EDGE_LOOP('',(#6701));
#6701 = ORIENTED_EDGE('',*,*,#6702,.T.);
#6702 = EDGE_CURVE('',#6703,#6703,#6705,.T.);
#6703 = VERTEX_POINT('',#6704);
#6704 = CARTESIAN_POINT('',(141.1,-115.74,1.51));
#6705 = CIRCLE('',#6706,0.5);
#6706 = AXIS2_PLACEMENT_3D('',#6707,#6708,#6709);
#6707 = CARTESIAN_POINT('',(141.1,-115.24,1.51));
#6708 = DIRECTION('',(-0.,0.,-1.));
#6709 = DIRECTION('',(-0.,-1.,0.));
#6710 = FACE_BOUND('',#6711,.T.);
#6711 = EDGE_LOOP('',(#6712));
#6712 = ORIENTED_EDGE('',*,*,#6713,.T.);
#6713 = EDGE_CURVE('',#6714,#6714,#6716,.T.);
#6714 = VERTEX_POINT('',#6715);
#6715 = CARTESIAN_POINT('',(141.1,-113.2,1.51));
#6716 = CIRCLE('',#6717,0.5);
#6717 = AXIS2_PLACEMENT_3D('',#6718,#6719,#6720);
#6718 = CARTESIAN_POINT('',(141.1,-112.7,1.51));
#6719 = DIRECTION('',(-0.,0.,-1.));
#6720 = DIRECTION('',(-0.,-1.,0.));
#6721 = FACE_BOUND('',#6722,.T.);
#6722 = EDGE_LOOP('',(#6723));
#6723 = ORIENTED_EDGE('',*,*,#6724,.T.);
#6724 = EDGE_CURVE('',#6725,#6725,#6727,.T.);
#6725 = VERTEX_POINT('',#6726);
#6726 = CARTESIAN_POINT('',(128.5,-109.544,1.51));
#6727 = CIRCLE('',#6728,0.375);
#6728 = AXIS2_PLACEMENT_3D('',#6729,#6730,#6731);
#6729 = CARTESIAN_POINT('',(128.5,-109.169,1.51));
#6730 = DIRECTION('',(-0.,0.,-1.));
#6731 = DIRECTION('',(-0.,-1.,0.));
#6732 = FACE_BOUND('',#6733,.T.);
#6733 = EDGE_LOOP('',(#6734));
#6734 = ORIENTED_EDGE('',*,*,#6735,.T.);
#6735 = EDGE_CURVE('',#6736,#6736,#6738,.T.);
#6736 = VERTEX_POINT('',#6737);
#6737 = CARTESIAN_POINT('',(141.1,-110.66,1.51));
#6738 = CIRCLE('',#6739,0.5);
#6739 = AXIS2_PLACEMENT_3D('',#6740,#6741,#6742);
#6740 = CARTESIAN_POINT('',(141.1,-110.16,1.51));
#6741 = DIRECTION('',(-0.,0.,-1.));
#6742 = DIRECTION('',(-0.,-1.,0.));
#6743 = FACE_BOUND('',#6744,.T.);
#6744 = EDGE_LOOP('',(#6745));
#6745 = ORIENTED_EDGE('',*,*,#6746,.T.);
#6746 = EDGE_CURVE('',#6747,#6747,#6749,.T.);
#6747 = VERTEX_POINT('',#6748);
#6748 = CARTESIAN_POINT('',(141.1,-108.12,1.51));
#6749 = CIRCLE('',#6750,0.5);
#6750 = AXIS2_PLACEMENT_3D('',#6751,#6752,#6753);
#6751 = CARTESIAN_POINT('',(141.1,-107.62,1.51));
#6752 = DIRECTION('',(-0.,0.,-1.));
#6753 = DIRECTION('',(-0.,-1.,0.));
#6754 = FACE_BOUND('',#6755,.T.);
#6755 = EDGE_LOOP('',(#6756));
#6756 = ORIENTED_EDGE('',*,*,#6757,.T.);
#6757 = EDGE_CURVE('',#6758,#6758,#6760,.T.);
#6758 = VERTEX_POINT('',#6759);
#6759 = CARTESIAN_POINT('',(141.1,-105.58,1.51));
#6760 = CIRCLE('',#6761,0.5);
#6761 = AXIS2_PLACEMENT_3D('',#6762,#6763,#6764);
#6762 = CARTESIAN_POINT('',(141.1,-105.08,1.51));
#6763 = DIRECTION('',(-0.,0.,-1.));
#6764 = DIRECTION('',(-0.,-1.,0.));
#6765 = FACE_BOUND('',#6766,.T.);
#6766 = EDGE_LOOP('',(#6767));
#6767 = ORIENTED_EDGE('',*,*,#6768,.T.);
#6768 = EDGE_CURVE('',#6769,#6769,#6771,.T.);
#6769 = VERTEX_POINT('',#6770);
#6770 = CARTESIAN_POINT('',(141.1,-103.04,1.51));
#6771 = CIRCLE('',#6772,0.5);
#6772 = AXIS2_PLACEMENT_3D('',#6773,#6774,#6775);
#6773 = CARTESIAN_POINT('',(141.1,-102.54,1.51));
#6774 = DIRECTION('',(-0.,0.,-1.));
#6775 = DIRECTION('',(-0.,-1.,0.));
#6776 = FACE_BOUND('',#6777,.T.);
#6777 = EDGE_LOOP('',(#6778));
#6778 = ORIENTED_EDGE('',*,*,#6779,.T.);
#6779 = EDGE_CURVE('',#6780,#6780,#6782,.T.);
#6780 = VERTEX_POINT('',#6781);
#6781 = CARTESIAN_POINT('',(141.1,-100.5,1.51));
#6782 = CIRCLE('',#6783,0.5);
#6783 = AXIS2_PLACEMENT_3D('',#6784,#6785,#6786);
#6784 = CARTESIAN_POINT('',(141.1,-100.,1.51));
#6785 = DIRECTION('',(-0.,0.,-1.));
#6786 = DIRECTION('',(-0.,-1.,0.));
#6787 = FACE_BOUND('',#6788,.T.);
#6788 = EDGE_LOOP('',(#6789));
#6789 = ORIENTED_EDGE('',*,*,#6790,.T.);
#6790 = EDGE_CURVE('',#6791,#6791,#6793,.T.);
#6791 = VERTEX_POINT('',#6792);
#6792 = CARTESIAN_POINT('',(158.9,-123.36,1.51));
#6793 = CIRCLE('',#6794,0.5);
#6794 = AXIS2_PLACEMENT_3D('',#6795,#6796,#6797);
#6795 = CARTESIAN_POINT('',(158.9,-122.86,1.51));
#6796 = DIRECTION('',(-0.,0.,-1.));
#6797 = DIRECTION('',(-0.,-1.,0.));
#6798 = FACE_BOUND('',#6799,.T.);
#6799 = EDGE_LOOP('',(#6800));
#6800 = ORIENTED_EDGE('',*,*,#6801,.T.);
#6801 = EDGE_CURVE('',#6802,#6802,#6804,.T.);
#6802 = VERTEX_POINT('',#6803);
#6803 = CARTESIAN_POINT('',(170.,-140.6,1.51));
#6804 = CIRCLE('',#6805,1.1);
#6805 = AXIS2_PLACEMENT_3D('',#6806,#6807,#6808);
#6806 = CARTESIAN_POINT('',(170.,-139.5,1.51));
#6807 = DIRECTION('',(-0.,0.,-1.));
#6808 = DIRECTION('',(-0.,-1.,0.));
#6809 = FACE_BOUND('',#6810,.T.);
#6810 = EDGE_LOOP('',(#6811));
#6811 = ORIENTED_EDGE('',*,*,#6812,.T.);
#6812 = EDGE_CURVE('',#6813,#6813,#6815,.T.);
#6813 = VERTEX_POINT('',#6814);
#6814 = CARTESIAN_POINT('',(177.,-142.6,1.51));
#6815 = CIRCLE('',#6816,1.6);
#6816 = AXIS2_PLACEMENT_3D('',#6817,#6818,#6819);
#6817 = CARTESIAN_POINT('',(177.,-141.,1.51));
#6818 = DIRECTION('',(-0.,0.,-1.));
#6819 = DIRECTION('',(-0.,-1.,0.));
#6820 = FACE_BOUND('',#6821,.T.);
#6821 = EDGE_LOOP('',(#6822));
#6822 = ORIENTED_EDGE('',*,*,#6823,.T.);
#6823 = EDGE_CURVE('',#6824,#6824,#6826,.T.);
#6824 = VERTEX_POINT('',#6825);
#6825 = CARTESIAN_POINT('',(158.9,-120.82,1.51));
#6826 = CIRCLE('',#6827,0.5);
#6827 = AXIS2_PLACEMENT_3D('',#6828,#6829,#6830);
#6828 = CARTESIAN_POINT('',(158.9,-120.32,1.51));
#6829 = DIRECTION('',(-0.,0.,-1.));
#6830 = DIRECTION('',(-0.,-1.,0.));
#6831 = FACE_BOUND('',#6832,.T.);
#6832 = EDGE_LOOP('',(#6833));
#6833 = ORIENTED_EDGE('',*,*,#6834,.T.);
#6834 = EDGE_CURVE('',#6835,#6835,#6837,.T.);
#6835 = VERTEX_POINT('',#6836);
#6836 = CARTESIAN_POINT('',(158.9,-118.28,1.51));
#6837 = CIRCLE('',#6838,0.5);
#6838 = AXIS2_PLACEMENT_3D('',#6839,#6840,#6841);
#6839 = CARTESIAN_POINT('',(158.9,-117.78,1.51));
#6840 = DIRECTION('',(-0.,0.,-1.));
#6841 = DIRECTION('',(-0.,-1.,0.));
#6842 = FACE_BOUND('',#6843,.T.);
#6843 = EDGE_LOOP('',(#6844));
#6844 = ORIENTED_EDGE('',*,*,#6845,.T.);
#6845 = EDGE_CURVE('',#6846,#6846,#6848,.T.);
#6846 = VERTEX_POINT('',#6847);
#6847 = CARTESIAN_POINT('',(158.9,-115.74,1.51));
#6848 = CIRCLE('',#6849,0.5);
#6849 = AXIS2_PLACEMENT_3D('',#6850,#6851,#6852);
#6850 = CARTESIAN_POINT('',(158.9,-115.24,1.51));
#6851 = DIRECTION('',(-0.,0.,-1.));
#6852 = DIRECTION('',(-0.,-1.,0.));
#6853 = FACE_BOUND('',#6854,.T.);
#6854 = EDGE_LOOP('',(#6855));
#6855 = ORIENTED_EDGE('',*,*,#6856,.T.);
#6856 = EDGE_CURVE('',#6857,#6857,#6859,.T.);
#6857 = VERTEX_POINT('',#6858);
#6858 = CARTESIAN_POINT('',(158.9,-113.2,1.51));
#6859 = CIRCLE('',#6860,0.5);
#6860 = AXIS2_PLACEMENT_3D('',#6861,#6862,#6863);
#6861 = CARTESIAN_POINT('',(158.9,-112.7,1.51));
#6862 = DIRECTION('',(-0.,0.,-1.));
#6863 = DIRECTION('',(-0.,-1.,0.));
#6864 = FACE_BOUND('',#6865,.T.);
#6865 = EDGE_LOOP('',(#6866,#6876,#6884,#6892));
#6866 = ORIENTED_EDGE('',*,*,#6867,.F.);
#6867 = EDGE_CURVE('',#6868,#6870,#6872,.T.);
#6868 = VERTEX_POINT('',#6869);
#6869 = CARTESIAN_POINT('',(142.25,-129.5,1.51));
#6870 = VERTEX_POINT('',#6871);
#6871 = CARTESIAN_POINT('',(157.75,-129.5,1.51));
#6872 = LINE('',#6873,#6874);
#6873 = CARTESIAN_POINT('',(142.25,-129.5,1.51));
#6874 = VECTOR('',#6875,1.);
#6875 = DIRECTION('',(1.,0.,0.));
#6876 = ORIENTED_EDGE('',*,*,#6877,.F.);
#6877 = EDGE_CURVE('',#6878,#6868,#6880,.T.);
#6878 = VERTEX_POINT('',#6879);
#6879 = CARTESIAN_POINT('',(142.25,-70.5,1.51));
#6880 = LINE('',#6881,#6882);
#6881 = CARTESIAN_POINT('',(142.25,-70.5,1.51));
#6882 = VECTOR('',#6883,1.);
#6883 = DIRECTION('',(0.,-1.,0.));
#6884 = ORIENTED_EDGE('',*,*,#6885,.F.);
#6885 = EDGE_CURVE('',#6886,#6878,#6888,.T.);
#6886 = VERTEX_POINT('',#6887);
#6887 = CARTESIAN_POINT('',(157.75,-70.5,1.51));
#6888 = LINE('',#6889,#6890);
#6889 = CARTESIAN_POINT('',(157.75,-70.5,1.51));
#6890 = VECTOR('',#6891,1.);
#6891 = DIRECTION('',(-1.,0.,0.));
#6892 = ORIENTED_EDGE('',*,*,#6893,.F.);
#6893 = EDGE_CURVE('',#6870,#6886,#6894,.T.);
#6894 = LINE('',#6895,#6896);
#6895 = CARTESIAN_POINT('',(157.75,-129.5,1.51));
#6896 = VECTOR('',#6897,1.);
#6897 = DIRECTION('',(0.,1.,0.));
#6898 = FACE_BOUND('',#6899,.T.);
#6899 = EDGE_LOOP('',(#6900));
#6900 = ORIENTED_EDGE('',*,*,#6901,.T.);
#6901 = EDGE_CURVE('',#6902,#6902,#6904,.T.);
#6902 = VERTEX_POINT('',#6903);
#6903 = CARTESIAN_POINT('',(158.9,-110.66,1.51));
#6904 = CIRCLE('',#6905,0.5);
#6905 = AXIS2_PLACEMENT_3D('',#6906,#6907,#6908);
#6906 = CARTESIAN_POINT('',(158.9,-110.16,1.51));
#6907 = DIRECTION('',(-0.,0.,-1.));
#6908 = DIRECTION('',(-0.,-1.,0.));
#6909 = FACE_BOUND('',#6910,.T.);
#6910 = EDGE_LOOP('',(#6911));
#6911 = ORIENTED_EDGE('',*,*,#6912,.T.);
#6912 = EDGE_CURVE('',#6913,#6913,#6915,.T.);
#6913 = VERTEX_POINT('',#6914);
#6914 = CARTESIAN_POINT('',(158.9,-108.12,1.51));
#6915 = CIRCLE('',#6916,0.5);
#6916 = AXIS2_PLACEMENT_3D('',#6917,#6918,#6919);
#6917 = CARTESIAN_POINT('',(158.9,-107.62,1.51));
#6918 = DIRECTION('',(-0.,0.,-1.));
#6919 = DIRECTION('',(-0.,-1.,0.));
#6920 = FACE_BOUND('',#6921,.T.);
#6921 = EDGE_LOOP('',(#6922));
#6922 = ORIENTED_EDGE('',*,*,#6923,.T.);
#6923 = EDGE_CURVE('',#6924,#6924,#6926,.T.);
#6924 = VERTEX_POINT('',#6925);
#6925 = CARTESIAN_POINT('',(158.9,-105.58,1.51));
#6926 = CIRCLE('',#6927,0.5);
#6927 = AXIS2_PLACEMENT_3D('',#6928,#6929,#6930);
#6928 = CARTESIAN_POINT('',(158.9,-105.08,1.51));
#6929 = DIRECTION('',(-0.,0.,-1.));
#6930 = DIRECTION('',(-0.,-1.,0.));
#6931 = FACE_BOUND('',#6932,.T.);
#6932 = EDGE_LOOP('',(#6933));
#6933 = ORIENTED_EDGE('',*,*,#6934,.T.);
#6934 = EDGE_CURVE('',#6935,#6935,#6937,.T.);
#6935 = VERTEX_POINT('',#6936);
#6936 = CARTESIAN_POINT('',(158.9,-103.04,1.51));
#6937 = CIRCLE('',#6938,0.5);
#6938 = AXIS2_PLACEMENT_3D('',#6939,#6940,#6941);
#6939 = CARTESIAN_POINT('',(158.9,-102.54,1.51));
#6940 = DIRECTION('',(-0.,0.,-1.));
#6941 = DIRECTION('',(-0.,-1.,0.));
#6942 = FACE_BOUND('',#6943,.T.);
#6943 = EDGE_LOOP('',(#6944));
#6944 = ORIENTED_EDGE('',*,*,#6945,.T.);
#6945 = EDGE_CURVE('',#6946,#6946,#6948,.T.);
#6946 = VERTEX_POINT('',#6947);
#6947 = CARTESIAN_POINT('',(158.9,-100.5,1.51));
#6948 = CIRCLE('',#6949,0.5);
#6949 = AXIS2_PLACEMENT_3D('',#6950,#6951,#6952);
#6950 = CARTESIAN_POINT('',(158.9,-100.,1.51));
#6951 = DIRECTION('',(-0.,0.,-1.));
#6952 = DIRECTION('',(-0.,-1.,0.));
#6953 = FACE_BOUND('',#6954,.T.);
#6954 = EDGE_LOOP('',(#6955));
#6955 = ORIENTED_EDGE('',*,*,#6956,.T.);
#6956 = EDGE_CURVE('',#6957,#6957,#6959,.T.);
#6957 = VERTEX_POINT('',#6958);
#6958 = CARTESIAN_POINT('',(163.31,-108.903,1.51));
#6959 = CIRCLE('',#6960,0.5);
#6960 = AXIS2_PLACEMENT_3D('',#6961,#6962,#6963);
#6961 = CARTESIAN_POINT('',(163.31,-108.403,1.51));
#6962 = DIRECTION('',(-0.,0.,-1.));
#6963 = DIRECTION('',(-0.,-1.,0.));
#6964 = FACE_BOUND('',#6965,.T.);
#6965 = EDGE_LOOP('',(#6966));
#6966 = ORIENTED_EDGE('',*,*,#6967,.T.);
#6967 = EDGE_CURVE('',#6968,#6968,#6970,.T.);
#6968 = VERTEX_POINT('',#6969);
#6969 = CARTESIAN_POINT('',(163.31,-106.363,1.51));
#6970 = CIRCLE('',#6971,0.5);
#6971 = AXIS2_PLACEMENT_3D('',#6972,#6973,#6974);
#6972 = CARTESIAN_POINT('',(163.31,-105.863,1.51));
#6973 = DIRECTION('',(-0.,0.,-1.));
#6974 = DIRECTION('',(-0.,-1.,0.));
#6975 = FACE_BOUND('',#6976,.T.);
#6976 = EDGE_LOOP('',(#6977));
#6977 = ORIENTED_EDGE('',*,*,#6978,.T.);
#6978 = EDGE_CURVE('',#6979,#6979,#6981,.T.);
#6979 = VERTEX_POINT('',#6980);
#6980 = CARTESIAN_POINT('',(163.31,-103.823,1.51));
#6981 = CIRCLE('',#6982,0.5);
#6982 = AXIS2_PLACEMENT_3D('',#6983,#6984,#6985);
#6983 = CARTESIAN_POINT('',(163.31,-103.323,1.51));
#6984 = DIRECTION('',(-0.,0.,-1.));
#6985 = DIRECTION('',(-0.,-1.,0.));
#6986 = FACE_BOUND('',#6987,.T.);
#6987 = EDGE_LOOP('',(#6988));
#6988 = ORIENTED_EDGE('',*,*,#6989,.T.);
#6989 = EDGE_CURVE('',#6990,#6990,#6992,.T.);
#6990 = VERTEX_POINT('',#6991);
#6991 = CARTESIAN_POINT('',(163.31,-101.283,1.51));
#6992 = CIRCLE('',#6993,0.5);
#6993 = AXIS2_PLACEMENT_3D('',#6994,#6995,#6996);
#6994 = CARTESIAN_POINT('',(163.31,-100.783,1.51));
#6995 = DIRECTION('',(-0.,0.,-1.));
#6996 = DIRECTION('',(-0.,-1.,0.));
#6997 = FACE_BOUND('',#6998,.T.);
#6998 = EDGE_LOOP('',(#6999));
#6999 = ORIENTED_EDGE('',*,*,#7000,.T.);
#7000 = EDGE_CURVE('',#7001,#7001,#7003,.T.);
#7001 = VERTEX_POINT('',#7002);
#7002 = CARTESIAN_POINT('',(110.2175,-84.918,1.51));
#7003 = CIRCLE('',#7004,0.5);
#7004 = AXIS2_PLACEMENT_3D('',#7005,#7006,#7007);
#7005 = CARTESIAN_POINT('',(110.2175,-84.418,1.51));
#7006 = DIRECTION('',(-0.,0.,-1.));
#7007 = DIRECTION('',(-0.,-1.,0.));
#7008 = FACE_BOUND('',#7009,.T.);
#7009 = EDGE_LOOP('',(#7010));
#7010 = ORIENTED_EDGE('',*,*,#7011,.T.);
#7011 = EDGE_CURVE('',#7012,#7012,#7014,.T.);
#7012 = VERTEX_POINT('',#7013);
#7013 = CARTESIAN_POINT('',(115.6475,-84.918,1.51));
#7014 = CIRCLE('',#7015,0.5);
#7015 = AXIS2_PLACEMENT_3D('',#7016,#7017,#7018);
#7016 = CARTESIAN_POINT('',(115.6475,-84.418,1.51));
#7017 = DIRECTION('',(-0.,0.,-1.));
#7018 = DIRECTION('',(-0.,-1.,0.));
#7019 = FACE_BOUND('',#7020,.T.);
#7020 = EDGE_LOOP('',(#7021));
#7021 = ORIENTED_EDGE('',*,*,#7022,.T.);
#7022 = EDGE_CURVE('',#7023,#7023,#7025,.T.);
#7023 = VERTEX_POINT('',#7024);
#7024 = CARTESIAN_POINT('',(110.2175,-82.378,1.51));
#7025 = CIRCLE('',#7026,0.5);
#7026 = AXIS2_PLACEMENT_3D('',#7027,#7028,#7029);
#7027 = CARTESIAN_POINT('',(110.2175,-81.878,1.51));
#7028 = DIRECTION('',(-0.,0.,-1.));
#7029 = DIRECTION('',(-0.,-1.,0.));
#7030 = FACE_BOUND('',#7031,.T.);
#7031 = EDGE_LOOP('',(#7032));
#7032 = ORIENTED_EDGE('',*,*,#7033,.T.);
#7033 = EDGE_CURVE('',#7034,#7034,#7036,.T.);
#7034 = VERTEX_POINT('',#7035);
#7035 = CARTESIAN_POINT('',(110.2175,-79.838,1.51));
#7036 = CIRCLE('',#7037,0.5);
#7037 = AXIS2_PLACEMENT_3D('',#7038,#7039,#7040);
#7038 = CARTESIAN_POINT('',(110.2175,-79.338,1.51));
#7039 = DIRECTION('',(-0.,0.,-1.));
#7040 = DIRECTION('',(-0.,-1.,0.));
#7041 = FACE_BOUND('',#7042,.T.);
#7042 = EDGE_LOOP('',(#7043));
#7043 = ORIENTED_EDGE('',*,*,#7044,.T.);
#7044 = EDGE_CURVE('',#7045,#7045,#7047,.T.);
#7045 = VERTEX_POINT('',#7046);
#7046 = CARTESIAN_POINT('',(115.6475,-82.378,1.51));
#7047 = CIRCLE('',#7048,0.5);
#7048 = AXIS2_PLACEMENT_3D('',#7049,#7050,#7051);
#7049 = CARTESIAN_POINT('',(115.6475,-81.878,1.51));
#7050 = DIRECTION('',(-0.,0.,-1.));
#7051 = DIRECTION('',(-0.,-1.,0.));
#7052 = FACE_BOUND('',#7053,.T.);
#7053 = EDGE_LOOP('',(#7054));
#7054 = ORIENTED_EDGE('',*,*,#7055,.T.);
#7055 = EDGE_CURVE('',#7056,#7056,#7058,.T.);
#7056 = VERTEX_POINT('',#7057);
#7057 = CARTESIAN_POINT('',(115.6475,-79.838,1.51));
#7058 = CIRCLE('',#7059,0.5);
#7059 = AXIS2_PLACEMENT_3D('',#7060,#7061,#7062);
#7060 = CARTESIAN_POINT('',(115.6475,-79.338,1.51));
#7061 = DIRECTION('',(-0.,0.,-1.));
#7062 = DIRECTION('',(-0.,-1.,0.));
#7063 = FACE_BOUND('',#7064,.T.);
#7064 = EDGE_LOOP('',(#7065));
#7065 = ORIENTED_EDGE('',*,*,#7066,.T.);
#7066 = EDGE_CURVE('',#7067,#7067,#7069,.T.);
#7067 = VERTEX_POINT('',#7068);
#7068 = CARTESIAN_POINT('',(141.1,-97.96,1.51));
#7069 = CIRCLE('',#7070,0.5);
#7070 = AXIS2_PLACEMENT_3D('',#7071,#7072,#7073);
#7071 = CARTESIAN_POINT('',(141.1,-97.46,1.51));
#7072 = DIRECTION('',(-0.,0.,-1.));
#7073 = DIRECTION('',(-0.,-1.,0.));
#7074 = FACE_BOUND('',#7075,.T.);
#7075 = EDGE_LOOP('',(#7076));
#7076 = ORIENTED_EDGE('',*,*,#7077,.T.);
#7077 = EDGE_CURVE('',#7078,#7078,#7080,.T.);
#7078 = VERTEX_POINT('',#7079);
#7079 = CARTESIAN_POINT('',(141.1,-95.42,1.51));
#7080 = CIRCLE('',#7081,0.5);
#7081 = AXIS2_PLACEMENT_3D('',#7082,#7083,#7084);
#7082 = CARTESIAN_POINT('',(141.1,-94.92,1.51));
#7083 = DIRECTION('',(-0.,0.,-1.));
#7084 = DIRECTION('',(-0.,-1.,0.));
#7085 = FACE_BOUND('',#7086,.T.);
#7086 = EDGE_LOOP('',(#7087));
#7087 = ORIENTED_EDGE('',*,*,#7088,.T.);
#7088 = EDGE_CURVE('',#7089,#7089,#7091,.T.);
#7089 = VERTEX_POINT('',#7090);
#7090 = CARTESIAN_POINT('',(141.1,-92.88,1.51));
#7091 = CIRCLE('',#7092,0.5);
#7092 = AXIS2_PLACEMENT_3D('',#7093,#7094,#7095);
#7093 = CARTESIAN_POINT('',(141.1,-92.38,1.51));
#7094 = DIRECTION('',(-0.,0.,-1.));
#7095 = DIRECTION('',(-0.,-1.,0.));
#7096 = FACE_BOUND('',#7097,.T.);
#7097 = EDGE_LOOP('',(#7098));
#7098 = ORIENTED_EDGE('',*,*,#7099,.T.);
#7099 = EDGE_CURVE('',#7100,#7100,#7102,.T.);
#7100 = VERTEX_POINT('',#7101);
#7101 = CARTESIAN_POINT('',(141.1,-90.34,1.51));
#7102 = CIRCLE('',#7103,0.5);
#7103 = AXIS2_PLACEMENT_3D('',#7104,#7105,#7106);
#7104 = CARTESIAN_POINT('',(141.1,-89.84,1.51));
#7105 = DIRECTION('',(-0.,0.,-1.));
#7106 = DIRECTION('',(-0.,-1.,0.));
#7107 = FACE_BOUND('',#7108,.T.);
#7108 = EDGE_LOOP('',(#7109));
#7109 = ORIENTED_EDGE('',*,*,#7110,.T.);
#7110 = EDGE_CURVE('',#7111,#7111,#7113,.T.);
#7111 = VERTEX_POINT('',#7112);
#7112 = CARTESIAN_POINT('',(141.1,-87.8,1.51));
#7113 = CIRCLE('',#7114,0.5);
#7114 = AXIS2_PLACEMENT_3D('',#7115,#7116,#7117);
#7115 = CARTESIAN_POINT('',(141.1,-87.3,1.51));
#7116 = DIRECTION('',(-0.,0.,-1.));
#7117 = DIRECTION('',(-0.,-1.,0.));
#7118 = FACE_BOUND('',#7119,.T.);
#7119 = EDGE_LOOP('',(#7120));
#7120 = ORIENTED_EDGE('',*,*,#7121,.T.);
#7121 = EDGE_CURVE('',#7122,#7122,#7124,.T.);
#7122 = VERTEX_POINT('',#7123);
#7123 = CARTESIAN_POINT('',(141.1,-85.26,1.51));
#7124 = CIRCLE('',#7125,0.5);
#7125 = AXIS2_PLACEMENT_3D('',#7126,#7127,#7128);
#7126 = CARTESIAN_POINT('',(141.1,-84.76,1.51));
#7127 = DIRECTION('',(-0.,0.,-1.));
#7128 = DIRECTION('',(-0.,-1.,0.));
#7129 = FACE_BOUND('',#7130,.T.);
#7130 = EDGE_LOOP('',(#7131));
#7131 = ORIENTED_EDGE('',*,*,#7132,.T.);
#7132 = EDGE_CURVE('',#7133,#7133,#7135,.T.);
#7133 = VERTEX_POINT('',#7134);
#7134 = CARTESIAN_POINT('',(141.1,-82.72,1.51));
#7135 = CIRCLE('',#7136,0.5);
#7136 = AXIS2_PLACEMENT_3D('',#7137,#7138,#7139);
#7137 = CARTESIAN_POINT('',(141.1,-82.22,1.51));
#7138 = DIRECTION('',(-0.,0.,-1.));
#7139 = DIRECTION('',(-0.,-1.,0.));
#7140 = FACE_BOUND('',#7141,.T.);
#7141 = EDGE_LOOP('',(#7142));
#7142 = ORIENTED_EDGE('',*,*,#7143,.T.);
#7143 = EDGE_CURVE('',#7144,#7144,#7146,.T.);
#7144 = VERTEX_POINT('',#7145);
#7145 = CARTESIAN_POINT('',(141.1,-80.18,1.51));
#7146 = CIRCLE('',#7147,0.5);
#7147 = AXIS2_PLACEMENT_3D('',#7148,#7149,#7150);
#7148 = CARTESIAN_POINT('',(141.1,-79.68,1.51));
#7149 = DIRECTION('',(-0.,0.,-1.));
#7150 = DIRECTION('',(-0.,-1.,0.));
#7151 = FACE_BOUND('',#7152,.T.);
#7152 = EDGE_LOOP('',(#7153));
#7153 = ORIENTED_EDGE('',*,*,#7154,.T.);
#7154 = EDGE_CURVE('',#7155,#7155,#7157,.T.);
#7155 = VERTEX_POINT('',#7156);
#7156 = CARTESIAN_POINT('',(110.2175,-77.298,1.51));
#7157 = CIRCLE('',#7158,0.5);
#7158 = AXIS2_PLACEMENT_3D('',#7159,#7160,#7161);
#7159 = CARTESIAN_POINT('',(110.2175,-76.798,1.51));
#7160 = DIRECTION('',(-0.,0.,-1.));
#7161 = DIRECTION('',(-0.,-1.,0.));
#7162 = FACE_BOUND('',#7163,.T.);
#7163 = EDGE_LOOP('',(#7164));
#7164 = ORIENTED_EDGE('',*,*,#7165,.T.);
#7165 = EDGE_CURVE('',#7166,#7166,#7168,.T.);
#7166 = VERTEX_POINT('',#7167);
#7167 = CARTESIAN_POINT('',(110.2175,-74.758,1.51));
#7168 = CIRCLE('',#7169,0.5);
#7169 = AXIS2_PLACEMENT_3D('',#7170,#7171,#7172);
#7170 = CARTESIAN_POINT('',(110.2175,-74.258,1.51));
#7171 = DIRECTION('',(-0.,0.,-1.));
#7172 = DIRECTION('',(-0.,-1.,0.));
#7173 = FACE_BOUND('',#7174,.T.);
#7174 = EDGE_LOOP('',(#7175));
#7175 = ORIENTED_EDGE('',*,*,#7176,.T.);
#7176 = EDGE_CURVE('',#7177,#7177,#7179,.T.);
#7177 = VERTEX_POINT('',#7178);
#7178 = CARTESIAN_POINT('',(115.6475,-77.298,1.51));
#7179 = CIRCLE('',#7180,0.5);
#7180 = AXIS2_PLACEMENT_3D('',#7181,#7182,#7183);
#7181 = CARTESIAN_POINT('',(115.6475,-76.798,1.51));
#7182 = DIRECTION('',(-0.,0.,-1.));
#7183 = DIRECTION('',(-0.,-1.,0.));
#7184 = FACE_BOUND('',#7185,.T.);
#7185 = EDGE_LOOP('',(#7186));
#7186 = ORIENTED_EDGE('',*,*,#7187,.T.);
#7187 = EDGE_CURVE('',#7188,#7188,#7190,.T.);
#7188 = VERTEX_POINT('',#7189);
#7189 = CARTESIAN_POINT('',(115.6475,-74.758,1.51));
#7190 = CIRCLE('',#7191,0.5);
#7191 = AXIS2_PLACEMENT_3D('',#7192,#7193,#7194);
#7192 = CARTESIAN_POINT('',(115.6475,-74.258,1.51));
#7193 = DIRECTION('',(-0.,0.,-1.));
#7194 = DIRECTION('',(-0.,-1.,0.));
#7195 = FACE_BOUND('',#7196,.T.);
#7196 = EDGE_LOOP('',(#7197));
#7197 = ORIENTED_EDGE('',*,*,#7198,.T.);
#7198 = EDGE_CURVE('',#7199,#7199,#7201,.T.);
#7199 = VERTEX_POINT('',#7200);
#7200 = CARTESIAN_POINT('',(110.2175,-72.218,1.51));
#7201 = CIRCLE('',#7202,0.5);
#7202 = AXIS2_PLACEMENT_3D('',#7203,#7204,#7205);
#7203 = CARTESIAN_POINT('',(110.2175,-71.718,1.51));
#7204 = DIRECTION('',(-0.,0.,-1.));
#7205 = DIRECTION('',(-0.,-1.,0.));
#7206 = FACE_BOUND('',#7207,.T.);
#7207 = EDGE_LOOP('',(#7208));
#7208 = ORIENTED_EDGE('',*,*,#7209,.T.);
#7209 = EDGE_CURVE('',#7210,#7210,#7212,.T.);
#7210 = VERTEX_POINT('',#7211);
#7211 = CARTESIAN_POINT('',(115.6475,-72.218,1.51));
#7212 = CIRCLE('',#7213,0.5);
#7213 = AXIS2_PLACEMENT_3D('',#7214,#7215,#7216);
#7214 = CARTESIAN_POINT('',(115.6475,-71.718,1.51));
#7215 = DIRECTION('',(-0.,0.,-1.));
#7216 = DIRECTION('',(-0.,-1.,0.));
#7217 = FACE_BOUND('',#7218,.T.);
#7218 = EDGE_LOOP('',(#7219));
#7219 = ORIENTED_EDGE('',*,*,#7220,.T.);
#7220 = EDGE_CURVE('',#7221,#7221,#7223,.T.);
#7221 = VERTEX_POINT('',#7222);
#7222 = CARTESIAN_POINT('',(123.,-60.6,1.51));
#7223 = CIRCLE('',#7224,1.6);
#7224 = AXIS2_PLACEMENT_3D('',#7225,#7226,#7227);
#7225 = CARTESIAN_POINT('',(123.,-59.,1.51));
#7226 = DIRECTION('',(-0.,0.,-1.));
#7227 = DIRECTION('',(-0.,-1.,0.));
#7228 = FACE_BOUND('',#7229,.T.);
#7229 = EDGE_LOOP('',(#7230));
#7230 = ORIENTED_EDGE('',*,*,#7231,.T.);
#7231 = EDGE_CURVE('',#7232,#7232,#7234,.T.);
#7232 = VERTEX_POINT('',#7233);
#7233 = CARTESIAN_POINT('',(141.1,-77.64,1.51));
#7234 = CIRCLE('',#7235,0.5);
#7235 = AXIS2_PLACEMENT_3D('',#7236,#7237,#7238);
#7236 = CARTESIAN_POINT('',(141.1,-77.14,1.51));
#7237 = DIRECTION('',(-0.,0.,-1.));
#7238 = DIRECTION('',(-0.,-1.,0.));
#7239 = FACE_BOUND('',#7240,.T.);
#7240 = EDGE_LOOP('',(#7241));
#7241 = ORIENTED_EDGE('',*,*,#7242,.T.);
#7242 = EDGE_CURVE('',#7243,#7243,#7245,.T.);
#7243 = VERTEX_POINT('',#7244);
#7244 = CARTESIAN_POINT('',(141.1,-75.1,1.51));
#7245 = CIRCLE('',#7246,0.5);
#7246 = AXIS2_PLACEMENT_3D('',#7247,#7248,#7249);
#7247 = CARTESIAN_POINT('',(141.1,-74.6,1.51));
#7248 = DIRECTION('',(-0.,0.,-1.));
#7249 = DIRECTION('',(-0.,-1.,0.));
#7250 = FACE_BOUND('',#7251,.T.);
#7251 = EDGE_LOOP('',(#7252));
#7252 = ORIENTED_EDGE('',*,*,#7253,.T.);
#7253 = EDGE_CURVE('',#7254,#7254,#7256,.T.);
#7254 = VERTEX_POINT('',#7255);
#7255 = CARTESIAN_POINT('',(130.,-61.6,1.51));
#7256 = CIRCLE('',#7257,1.1);
#7257 = AXIS2_PLACEMENT_3D('',#7258,#7259,#7260);
#7258 = CARTESIAN_POINT('',(130.,-60.5,1.51));
#7259 = DIRECTION('',(-0.,0.,-1.));
#7260 = DIRECTION('',(-0.,-1.,0.));
#7261 = FACE_BOUND('',#7262,.T.);
#7262 = EDGE_LOOP('',(#7263));
#7263 = ORIENTED_EDGE('',*,*,#7264,.T.);
#7264 = EDGE_CURVE('',#7265,#7265,#7267,.T.);
#7265 = VERTEX_POINT('',#7266);
#7266 = CARTESIAN_POINT('',(158.9,-97.96,1.51));
#7267 = CIRCLE('',#7268,0.5);
#7268 = AXIS2_PLACEMENT_3D('',#7269,#7270,#7271);
#7269 = CARTESIAN_POINT('',(158.9,-97.46,1.51));
#7270 = DIRECTION('',(-0.,0.,-1.));
#7271 = DIRECTION('',(-0.,-1.,0.));
#7272 = FACE_BOUND('',#7273,.T.);
#7273 = EDGE_LOOP('',(#7274));
#7274 = ORIENTED_EDGE('',*,*,#7275,.T.);
#7275 = EDGE_CURVE('',#7276,#7276,#7278,.T.);
#7276 = VERTEX_POINT('',#7277);
#7277 = CARTESIAN_POINT('',(158.9,-95.42,1.51));
#7278 = CIRCLE('',#7279,0.5);
#7279 = AXIS2_PLACEMENT_3D('',#7280,#7281,#7282);
#7280 = CARTESIAN_POINT('',(158.9,-94.92,1.51));
#7281 = DIRECTION('',(-0.,0.,-1.));
#7282 = DIRECTION('',(-0.,-1.,0.));
#7283 = FACE_BOUND('',#7284,.T.);
#7284 = EDGE_LOOP('',(#7285));
#7285 = ORIENTED_EDGE('',*,*,#7286,.T.);
#7286 = EDGE_CURVE('',#7287,#7287,#7289,.T.);
#7287 = VERTEX_POINT('',#7288);
#7288 = CARTESIAN_POINT('',(158.9,-92.88,1.51));
#7289 = CIRCLE('',#7290,0.5);
#7290 = AXIS2_PLACEMENT_3D('',#7291,#7292,#7293);
#7291 = CARTESIAN_POINT('',(158.9,-92.38,1.51));
#7292 = DIRECTION('',(-0.,0.,-1.));
#7293 = DIRECTION('',(-0.,-1.,0.));
#7294 = FACE_BOUND('',#7295,.T.);
#7295 = EDGE_LOOP('',(#7296));
#7296 = ORIENTED_EDGE('',*,*,#7297,.T.);
#7297 = EDGE_CURVE('',#7298,#7298,#7300,.T.);
#7298 = VERTEX_POINT('',#7299);
#7299 = CARTESIAN_POINT('',(158.9,-90.34,1.51));
#7300 = CIRCLE('',#7301,0.5);
#7301 = AXIS2_PLACEMENT_3D('',#7302,#7303,#7304);
#7302 = CARTESIAN_POINT('',(158.9,-89.84,1.51));
#7303 = DIRECTION('',(-0.,0.,-1.));
#7304 = DIRECTION('',(-0.,-1.,0.));
#7305 = FACE_BOUND('',#7306,.T.);
#7306 = EDGE_LOOP('',(#7307));
#7307 = ORIENTED_EDGE('',*,*,#7308,.T.);
#7308 = EDGE_CURVE('',#7309,#7309,#7311,.T.);
#7309 = VERTEX_POINT('',#7310);
#7310 = CARTESIAN_POINT('',(158.9,-87.8,1.51));
#7311 = CIRCLE('',#7312,0.5);
#7312 = AXIS2_PLACEMENT_3D('',#7313,#7314,#7315);
#7313 = CARTESIAN_POINT('',(158.9,-87.3,1.51));
#7314 = DIRECTION('',(-0.,0.,-1.));
#7315 = DIRECTION('',(-0.,-1.,0.));
#7316 = FACE_BOUND('',#7317,.T.);
#7317 = EDGE_LOOP('',(#7318));
#7318 = ORIENTED_EDGE('',*,*,#7319,.T.);
#7319 = EDGE_CURVE('',#7320,#7320,#7322,.T.);
#7320 = VERTEX_POINT('',#7321);
#7321 = CARTESIAN_POINT('',(158.9,-85.26,1.51));
#7322 = CIRCLE('',#7323,0.5);
#7323 = AXIS2_PLACEMENT_3D('',#7324,#7325,#7326);
#7324 = CARTESIAN_POINT('',(158.9,-84.76,1.51));
#7325 = DIRECTION('',(-0.,0.,-1.));
#7326 = DIRECTION('',(-0.,-1.,0.));
#7327 = FACE_BOUND('',#7328,.T.);
#7328 = EDGE_LOOP('',(#7329));
#7329 = ORIENTED_EDGE('',*,*,#7330,.T.);
#7330 = EDGE_CURVE('',#7331,#7331,#7333,.T.);
#7331 = VERTEX_POINT('',#7332);
#7332 = CARTESIAN_POINT('',(158.9,-82.72,1.51));
#7333 = CIRCLE('',#7334,0.5);
#7334 = AXIS2_PLACEMENT_3D('',#7335,#7336,#7337);
#7335 = CARTESIAN_POINT('',(158.9,-82.22,1.51));
#7336 = DIRECTION('',(-0.,0.,-1.));
#7337 = DIRECTION('',(-0.,-1.,0.));
#7338 = FACE_BOUND('',#7339,.T.);
#7339 = EDGE_LOOP('',(#7340));
#7340 = ORIENTED_EDGE('',*,*,#7341,.T.);
#7341 = EDGE_CURVE('',#7342,#7342,#7344,.T.);
#7342 = VERTEX_POINT('',#7343);
#7343 = CARTESIAN_POINT('',(158.9,-80.18,1.51));
#7344 = CIRCLE('',#7345,0.5);
#7345 = AXIS2_PLACEMENT_3D('',#7346,#7347,#7348);
#7346 = CARTESIAN_POINT('',(158.9,-79.68,1.51));
#7347 = DIRECTION('',(-0.,0.,-1.));
#7348 = DIRECTION('',(-0.,-1.,0.));
#7349 = FACE_BOUND('',#7350,.T.);
#7350 = EDGE_LOOP('',(#7351));
#7351 = ORIENTED_EDGE('',*,*,#7352,.T.);
#7352 = EDGE_CURVE('',#7353,#7353,#7355,.T.);
#7353 = VERTEX_POINT('',#7354);
#7354 = CARTESIAN_POINT('',(163.31,-98.743,1.51));
#7355 = CIRCLE('',#7356,0.5);
#7356 = AXIS2_PLACEMENT_3D('',#7357,#7358,#7359);
#7357 = CARTESIAN_POINT('',(163.31,-98.243,1.51));
#7358 = DIRECTION('',(-0.,0.,-1.));
#7359 = DIRECTION('',(-0.,-1.,0.));
#7360 = FACE_BOUND('',#7361,.T.);
#7361 = EDGE_LOOP('',(#7362));
#7362 = ORIENTED_EDGE('',*,*,#7363,.T.);
#7363 = EDGE_CURVE('',#7364,#7364,#7366,.T.);
#7364 = VERTEX_POINT('',#7365);
#7365 = CARTESIAN_POINT('',(163.31,-96.203,1.51));
#7366 = CIRCLE('',#7367,0.5);
#7367 = AXIS2_PLACEMENT_3D('',#7368,#7369,#7370);
#7368 = CARTESIAN_POINT('',(163.31,-95.703,1.51));
#7369 = DIRECTION('',(-0.,0.,-1.));
#7370 = DIRECTION('',(-0.,-1.,0.));
#7371 = FACE_BOUND('',#7372,.T.);
#7372 = EDGE_LOOP('',(#7373));
#7373 = ORIENTED_EDGE('',*,*,#7374,.T.);
#7374 = EDGE_CURVE('',#7375,#7375,#7377,.T.);
#7375 = VERTEX_POINT('',#7376);
#7376 = CARTESIAN_POINT('',(158.9,-77.64,1.51));
#7377 = CIRCLE('',#7378,0.5);
#7378 = AXIS2_PLACEMENT_3D('',#7379,#7380,#7381);
#7379 = CARTESIAN_POINT('',(158.9,-77.14,1.51));
#7380 = DIRECTION('',(-0.,0.,-1.));
#7381 = DIRECTION('',(-0.,-1.,0.));
#7382 = FACE_BOUND('',#7383,.T.);
#7383 = EDGE_LOOP('',(#7384));
#7384 = ORIENTED_EDGE('',*,*,#7385,.T.);
#7385 = EDGE_CURVE('',#7386,#7386,#7388,.T.);
#7386 = VERTEX_POINT('',#7387);
#7387 = CARTESIAN_POINT('',(158.9,-75.1,1.51));
#7388 = CIRCLE('',#7389,0.5);
#7389 = AXIS2_PLACEMENT_3D('',#7390,#7391,#7392);
#7390 = CARTESIAN_POINT('',(158.9,-74.6,1.51));
#7391 = DIRECTION('',(-0.,0.,-1.));
#7392 = DIRECTION('',(-0.,-1.,0.));
#7393 = FACE_BOUND('',#7394,.T.);
#7394 = EDGE_LOOP('',(#7395));
#7395 = ORIENTED_EDGE('',*,*,#7396,.T.);
#7396 = EDGE_CURVE('',#7397,#7397,#7399,.T.);
#7397 = VERTEX_POINT('',#7398);
#7398 = CARTESIAN_POINT('',(163.315,-77.585,1.51));
#7399 = CIRCLE('',#7400,0.5);
#7400 = AXIS2_PLACEMENT_3D('',#7401,#7402,#7403);
#7401 = CARTESIAN_POINT('',(163.315,-77.085,1.51));
#7402 = DIRECTION('',(-0.,0.,-1.));
#7403 = DIRECTION('',(-0.,-1.,0.));
#7404 = FACE_BOUND('',#7405,.T.);
#7405 = EDGE_LOOP('',(#7406));
#7406 = ORIENTED_EDGE('',*,*,#7407,.T.);
#7407 = EDGE_CURVE('',#7408,#7408,#7410,.T.);
#7408 = VERTEX_POINT('',#7409);
#7409 = CARTESIAN_POINT('',(163.315,-75.045,1.51));
#7410 = CIRCLE('',#7411,0.5);
#7411 = AXIS2_PLACEMENT_3D('',#7412,#7413,#7414);
#7412 = CARTESIAN_POINT('',(163.315,-74.545,1.51));
#7413 = DIRECTION('',(-0.,0.,-1.));
#7414 = DIRECTION('',(-0.,-1.,0.));
#7415 = FACE_BOUND('',#7416,.T.);
#7416 = EDGE_LOOP('',(#7417));
#7417 = ORIENTED_EDGE('',*,*,#7418,.T.);
#7418 = EDGE_CURVE('',#7419,#7419,#7421,.T.);
#7419 = VERTEX_POINT('',#7420);
#7420 = CARTESIAN_POINT('',(177.,-60.6,1.51));
#7421 = CIRCLE('',#7422,1.6);
#7422 = AXIS2_PLACEMENT_3D('',#7423,#7424,#7425);
#7423 = CARTESIAN_POINT('',(177.,-59.,1.51));
#7424 = DIRECTION('',(-0.,0.,-1.));
#7425 = DIRECTION('',(-0.,-1.,0.));
#7426 = PLANE('',#7427);
#7427 = AXIS2_PLACEMENT_3D('',#7428,#7429,#7430);
#7428 = CARTESIAN_POINT('',(0.,0.,1.51));
#7429 = DIRECTION('',(0.,0.,1.));
#7430 = DIRECTION('',(1.,0.,-0.));
#7431 = ADVANCED_FACE('',(#7432),#7443,.T.);
#7432 = FACE_BOUND('',#7433,.T.);
#7433 = EDGE_LOOP('',(#7434,#7440,#7441,#7442));
#7434 = ORIENTED_EDGE('',*,*,#7435,.T.);
#7435 = EDGE_CURVE('',#144,#3791,#7436,.T.);
#7436 = LINE('',#7437,#7438);
#7437 = CARTESIAN_POINT('',(177.,-54.,0.));
#7438 = VECTOR('',#7439,1.);
#7439 = DIRECTION('',(0.,0.,1.));
#7440 = ORIENTED_EDGE('',*,*,#3790,.T.);
#7441 = ORIENTED_EDGE('',*,*,#79,.F.);
#7442 = ORIENTED_EDGE('',*,*,#143,.F.);
#7443 = PLANE('',#7444);
#7444 = AXIS2_PLACEMENT_3D('',#7445,#7446,#7447);
#7445 = CARTESIAN_POINT('',(177.,-54.,0.));
#7446 = DIRECTION('',(0.,1.,0.));
#7447 = DIRECTION('',(1.,0.,0.));
#7448 = ADVANCED_FACE('',(#7449),#7460,.T.);
#7449 = FACE_BOUND('',#7450,.T.);
#7450 = EDGE_LOOP('',(#7451,#7452,#7453,#7459));
#7451 = ORIENTED_EDGE('',*,*,#119,.T.);
#7452 = ORIENTED_EDGE('',*,*,#6638,.T.);
#7453 = ORIENTED_EDGE('',*,*,#7454,.F.);
#7454 = EDGE_CURVE('',#2984,#6631,#7455,.T.);
#7455 = LINE('',#7456,#7457);
#7456 = CARTESIAN_POINT('',(180.973,-55.766,0.));
#7457 = VECTOR('',#7458,1.);
#7458 = DIRECTION('',(0.,0.,1.));
#7459 = ORIENTED_EDGE('',*,*,#2991,.F.);
#7460 = PLANE('',#7461);
#7461 = AXIS2_PLACEMENT_3D('',#7462,#7463,#7464);
#7462 = CARTESIAN_POINT('',(180.196,-55.232,0.));
#7463 = DIRECTION('',(0.566393770718,0.82413475627,-0.));
#7464 = DIRECTION('',(0.82413475627,-0.566393770718,0.));
#7465 = ADVANCED_FACE('',(#7466),#7477,.T.);
#7466 = FACE_BOUND('',#7467,.T.);
#7467 = EDGE_LOOP('',(#7468,#7474,#7475,#7476));
#7468 = ORIENTED_EDGE('',*,*,#7469,.T.);
#7469 = EDGE_CURVE('',#152,#3799,#7470,.T.);
#7470 = LINE('',#7471,#7472);
#7471 = CARTESIAN_POINT('',(176.18,-54.,0.));
#7472 = VECTOR('',#7473,1.);
#7473 = DIRECTION('',(0.,0.,1.));
#7474 = ORIENTED_EDGE('',*,*,#3798,.T.);
#7475 = ORIENTED_EDGE('',*,*,#7435,.F.);
#7476 = ORIENTED_EDGE('',*,*,#151,.F.);
#7477 = PLANE('',#7478);
#7478 = AXIS2_PLACEMENT_3D('',#7479,#7480,#7481);
#7479 = CARTESIAN_POINT('',(176.18,-54.,0.));
#7480 = DIRECTION('',(0.,1.,0.));
#7481 = DIRECTION('',(1.,0.,0.));
#7482 = ADVANCED_FACE('',(#7483),#7494,.T.);
#7483 = FACE_BOUND('',#7484,.T.);
#7484 = EDGE_LOOP('',(#7485,#7486,#7487,#7493));
#7485 = ORIENTED_EDGE('',*,*,#7454,.T.);
#7486 = ORIENTED_EDGE('',*,*,#6630,.T.);
#7487 = ORIENTED_EDGE('',*,*,#7488,.F.);
#7488 = EDGE_CURVE('',#2976,#6623,#7489,.T.);
#7489 = LINE('',#7490,#7491);
#7490 = CARTESIAN_POINT('',(181.74,-56.313,0.));
#7491 = VECTOR('',#7492,1.);
#7492 = DIRECTION('',(0.,0.,1.));
#7493 = ORIENTED_EDGE('',*,*,#2983,.F.);
#7494 = PLANE('',#7495);
#7495 = AXIS2_PLACEMENT_3D('',#7496,#7497,#7498);
#7496 = CARTESIAN_POINT('',(180.973,-55.766,0.));
#7497 = DIRECTION('',(0.580635566561,0.814163582362,-0.));
#7498 = DIRECTION('',(0.814163582362,-0.580635566561,0.));
#7499 = ADVANCED_FACE('',(#7500),#7511,.T.);
#7500 = FACE_BOUND('',#7501,.T.);
#7501 = EDGE_LOOP('',(#7502,#7508,#7509,#7510));
#7502 = ORIENTED_EDGE('',*,*,#7503,.T.);
#7503 = EDGE_CURVE('',#160,#3807,#7504,.T.);
#7504 = LINE('',#7505,#7506);
#7505 = CARTESIAN_POINT('',(175.351,-54.,0.));
#7506 = VECTOR('',#7507,1.);
#7507 = DIRECTION('',(0.,0.,1.));
#7508 = ORIENTED_EDGE('',*,*,#3806,.T.);
#7509 = ORIENTED_EDGE('',*,*,#7469,.F.);
#7510 = ORIENTED_EDGE('',*,*,#159,.F.);
#7511 = PLANE('',#7512);
#7512 = AXIS2_PLACEMENT_3D('',#7513,#7514,#7515);
#7513 = CARTESIAN_POINT('',(175.351,-54.,0.));
#7514 = DIRECTION('',(0.,1.,0.));
#7515 = DIRECTION('',(1.,0.,0.));
#7516 = ADVANCED_FACE('',(#7517),#7528,.T.);
#7517 = FACE_BOUND('',#7518,.T.);
#7518 = EDGE_LOOP('',(#7519,#7520,#7521,#7527));
#7519 = ORIENTED_EDGE('',*,*,#7488,.T.);
#7520 = ORIENTED_EDGE('',*,*,#6622,.T.);
#7521 = ORIENTED_EDGE('',*,*,#7522,.F.);
#7522 = EDGE_CURVE('',#2968,#6615,#7523,.T.);
#7523 = LINE('',#7524,#7525);
#7524 = CARTESIAN_POINT('',(182.498,-56.874,0.));
#7525 = VECTOR('',#7526,1.);
#7526 = DIRECTION('',(0.,0.,1.));
#7527 = ORIENTED_EDGE('',*,*,#2975,.F.);
#7528 = PLANE('',#7529);
#7529 = AXIS2_PLACEMENT_3D('',#7530,#7531,#7532);
#7530 = CARTESIAN_POINT('',(181.74,-56.313,0.));
#7531 = DIRECTION('',(0.594897820462,0.803801333173,-0.));
#7532 = DIRECTION('',(0.803801333173,-0.594897820462,0.));
#7533 = ADVANCED_FACE('',(#7534),#7545,.T.);
#7534 = FACE_BOUND('',#7535,.T.);
#7535 = EDGE_LOOP('',(#7536,#7542,#7543,#7544));
#7536 = ORIENTED_EDGE('',*,*,#7537,.T.);
#7537 = EDGE_CURVE('',#168,#3815,#7538,.T.);
#7538 = LINE('',#7539,#7540);
#7539 = CARTESIAN_POINT('',(174.515,-54.,0.));
#7540 = VECTOR('',#7541,1.);
#7541 = DIRECTION('',(0.,0.,1.));
#7542 = ORIENTED_EDGE('',*,*,#3814,.T.);
#7543 = ORIENTED_EDGE('',*,*,#7503,.F.);
#7544 = ORIENTED_EDGE('',*,*,#167,.F.);
#7545 = PLANE('',#7546);
#7546 = AXIS2_PLACEMENT_3D('',#7547,#7548,#7549);
#7547 = CARTESIAN_POINT('',(174.515,-54.,0.));
#7548 = DIRECTION('',(0.,1.,0.));
#7549 = DIRECTION('',(1.,0.,0.));
#7550 = ADVANCED_FACE('',(#7551),#7562,.T.);
#7551 = FACE_BOUND('',#7552,.T.);
#7552 = EDGE_LOOP('',(#7553,#7554,#7555,#7561));
#7553 = ORIENTED_EDGE('',*,*,#7522,.T.);
#7554 = ORIENTED_EDGE('',*,*,#6614,.T.);
#7555 = ORIENTED_EDGE('',*,*,#7556,.F.);
#7556 = EDGE_CURVE('',#2960,#6607,#7557,.T.);
#7557 = LINE('',#7558,#7559);
#7558 = CARTESIAN_POINT('',(183.246,-57.447,0.));
#7559 = VECTOR('',#7560,1.);
#7560 = DIRECTION('',(0.,0.,1.));
#7561 = ORIENTED_EDGE('',*,*,#2967,.F.);
#7562 = PLANE('',#7563);
#7563 = AXIS2_PLACEMENT_3D('',#7564,#7565,#7566);
#7564 = CARTESIAN_POINT('',(182.498,-56.874,0.));
#7565 = DIRECTION('',(0.608119570772,0.793845443172,-0.));
#7566 = DIRECTION('',(0.793845443172,-0.608119570772,0.));
#7567 = ADVANCED_FACE('',(#7568),#7579,.T.);
#7568 = FACE_BOUND('',#7569,.T.);
#7569 = EDGE_LOOP('',(#7570,#7576,#7577,#7578));
#7570 = ORIENTED_EDGE('',*,*,#7571,.T.);
#7571 = EDGE_CURVE('',#176,#3823,#7572,.T.);
#7572 = LINE('',#7573,#7574);
#7573 = CARTESIAN_POINT('',(173.672,-54.,0.));
#7574 = VECTOR('',#7575,1.);
#7575 = DIRECTION('',(0.,0.,1.));
#7576 = ORIENTED_EDGE('',*,*,#3822,.T.);
#7577 = ORIENTED_EDGE('',*,*,#7537,.F.);
#7578 = ORIENTED_EDGE('',*,*,#175,.F.);
#7579 = PLANE('',#7580);
#7580 = AXIS2_PLACEMENT_3D('',#7581,#7582,#7583);
#7581 = CARTESIAN_POINT('',(173.672,-54.,0.));
#7582 = DIRECTION('',(0.,1.,0.));
#7583 = DIRECTION('',(1.,0.,0.));
#7584 = ADVANCED_FACE('',(#7585),#7596,.T.);
#7585 = FACE_BOUND('',#7586,.T.);
#7586 = EDGE_LOOP('',(#7587,#7588,#7589,#7595));
#7587 = ORIENTED_EDGE('',*,*,#7556,.T.);
#7588 = ORIENTED_EDGE('',*,*,#6606,.T.);
#7589 = ORIENTED_EDGE('',*,*,#7590,.F.);
#7590 = EDGE_CURVE('',#2952,#6599,#7591,.T.);
#7591 = LINE('',#7592,#7593);
#7592 = CARTESIAN_POINT('',(183.983,-58.034,0.));
#7593 = VECTOR('',#7594,1.);
#7594 = DIRECTION('',(0.,0.,1.));
#7595 = ORIENTED_EDGE('',*,*,#2959,.F.);
#7596 = PLANE('',#7597);
#7597 = AXIS2_PLACEMENT_3D('',#7598,#7599,#7600);
#7598 = CARTESIAN_POINT('',(183.246,-57.447,0.));
#7599 = DIRECTION('',(0.623010973198,0.782213095821,-0.));
#7600 = DIRECTION('',(0.782213095821,-0.623010973198,0.));
#7601 = ADVANCED_FACE('',(#7602),#7613,.T.);
#7602 = FACE_BOUND('',#7603,.T.);
#7603 = EDGE_LOOP('',(#7604,#7610,#7611,#7612));
#7604 = ORIENTED_EDGE('',*,*,#7605,.T.);
#7605 = EDGE_CURVE('',#184,#3831,#7606,.T.);
#7606 = LINE('',#7607,#7608);
#7607 = CARTESIAN_POINT('',(172.821,-54.,0.));
#7608 = VECTOR('',#7609,1.);
#7609 = DIRECTION('',(0.,0.,1.));
#7610 = ORIENTED_EDGE('',*,*,#3830,.T.);
#7611 = ORIENTED_EDGE('',*,*,#7571,.F.);
#7612 = ORIENTED_EDGE('',*,*,#183,.F.);
#7613 = PLANE('',#7614);
#7614 = AXIS2_PLACEMENT_3D('',#7615,#7616,#7617);
#7615 = CARTESIAN_POINT('',(172.821,-54.,0.));
#7616 = DIRECTION('',(0.,1.,0.));
#7617 = DIRECTION('',(1.,0.,0.));
#7618 = ADVANCED_FACE('',(#7619),#7630,.T.);
#7619 = FACE_BOUND('',#7620,.T.);
#7620 = EDGE_LOOP('',(#7621,#7622,#7623,#7629));
#7621 = ORIENTED_EDGE('',*,*,#7590,.T.);
#7622 = ORIENTED_EDGE('',*,*,#6598,.T.);
#7623 = ORIENTED_EDGE('',*,*,#7624,.F.);
#7624 = EDGE_CURVE('',#2944,#6591,#7625,.T.);
#7625 = LINE('',#7626,#7627);
#7626 = CARTESIAN_POINT('',(184.711,-58.634,0.));
#7627 = VECTOR('',#7628,1.);
#7628 = DIRECTION('',(0.,0.,1.));
#7629 = ORIENTED_EDGE('',*,*,#2951,.F.);
#7630 = PLANE('',#7631);
#7631 = AXIS2_PLACEMENT_3D('',#7632,#7633,#7634);
#7632 = CARTESIAN_POINT('',(183.983,-58.034,0.));
#7633 = DIRECTION('',(0.636004444923,0.771685393174,-0.));
#7634 = DIRECTION('',(0.771685393174,-0.636004444923,0.));
#7635 = ADVANCED_FACE('',(#7636),#7647,.T.);
#7636 = FACE_BOUND('',#7637,.T.);
#7637 = EDGE_LOOP('',(#7638,#7644,#7645,#7646));
#7638 = ORIENTED_EDGE('',*,*,#7639,.T.);
#7639 = EDGE_CURVE('',#192,#3839,#7640,.T.);
#7640 = LINE('',#7641,#7642);
#7641 = CARTESIAN_POINT('',(171.964,-54.,0.));
#7642 = VECTOR('',#7643,1.);
#7643 = DIRECTION('',(0.,0.,1.));
#7644 = ORIENTED_EDGE('',*,*,#3838,.T.);
#7645 = ORIENTED_EDGE('',*,*,#7605,.F.);
#7646 = ORIENTED_EDGE('',*,*,#191,.F.);
#7647 = PLANE('',#7648);
#7648 = AXIS2_PLACEMENT_3D('',#7649,#7650,#7651);
#7649 = CARTESIAN_POINT('',(171.964,-54.,0.));
#7650 = DIRECTION('',(0.,1.,0.));
#7651 = DIRECTION('',(1.,0.,0.));
#7652 = ADVANCED_FACE('',(#7653),#7664,.T.);
#7653 = FACE_BOUND('',#7654,.T.);
#7654 = EDGE_LOOP('',(#7655,#7656,#7657,#7663));
#7655 = ORIENTED_EDGE('',*,*,#7624,.T.);
#7656 = ORIENTED_EDGE('',*,*,#6590,.T.);
#7657 = ORIENTED_EDGE('',*,*,#7658,.F.);
#7658 = EDGE_CURVE('',#2936,#6583,#7659,.T.);
#7659 = LINE('',#7660,#7661);
#7660 = CARTESIAN_POINT('',(185.427,-59.246,0.));
#7661 = VECTOR('',#7662,1.);
#7662 = DIRECTION('',(0.,0.,1.));
#7663 = ORIENTED_EDGE('',*,*,#2943,.F.);
#7664 = PLANE('',#7665);
#7665 = AXIS2_PLACEMENT_3D('',#7666,#7667,#7668);
#7666 = CARTESIAN_POINT('',(184.711,-58.634,0.));
#7667 = DIRECTION('',(0.649741573098,0.760155173756,-0.));
#7668 = DIRECTION('',(0.760155173756,-0.649741573098,0.));
#7669 = ADVANCED_FACE('',(#7670),#7681,.T.);
#7670 = FACE_BOUND('',#7671,.T.);
#7671 = EDGE_LOOP('',(#7672,#7678,#7679,#7680));
#7672 = ORIENTED_EDGE('',*,*,#7673,.T.);
#7673 = EDGE_CURVE('',#200,#3847,#7674,.T.);
#7674 = LINE('',#7675,#7676);
#7675 = CARTESIAN_POINT('',(171.099,-54.,0.));
#7676 = VECTOR('',#7677,1.);
#7677 = DIRECTION('',(0.,0.,1.));
#7678 = ORIENTED_EDGE('',*,*,#3846,.T.);
#7679 = ORIENTED_EDGE('',*,*,#7639,.F.);
#7680 = ORIENTED_EDGE('',*,*,#199,.F.);
#7681 = PLANE('',#7682);
#7682 = AXIS2_PLACEMENT_3D('',#7683,#7684,#7685);
#7683 = CARTESIAN_POINT('',(171.099,-54.,0.));
#7684 = DIRECTION('',(0.,1.,0.));
#7685 = DIRECTION('',(1.,0.,0.));
#7686 = ADVANCED_FACE('',(#7687),#7698,.T.);
#7687 = FACE_BOUND('',#7688,.T.);
#7688 = EDGE_LOOP('',(#7689,#7690,#7691,#7697));
#7689 = ORIENTED_EDGE('',*,*,#7658,.T.);
#7690 = ORIENTED_EDGE('',*,*,#6582,.T.);
#7691 = ORIENTED_EDGE('',*,*,#7692,.F.);
#7692 = EDGE_CURVE('',#2928,#6575,#7693,.T.);
#7693 = LINE('',#7694,#7695);
#7694 = CARTESIAN_POINT('',(186.133,-59.87,0.));
#7695 = VECTOR('',#7696,1.);
#7696 = DIRECTION('',(0.,0.,1.));
#7697 = ORIENTED_EDGE('',*,*,#2935,.F.);
#7698 = PLANE('',#7699);
#7699 = AXIS2_PLACEMENT_3D('',#7700,#7701,#7702);
#7700 = CARTESIAN_POINT('',(185.427,-59.246,0.));
#7701 = DIRECTION('',(0.662253228659,0.749280095245,-0.));
#7702 = DIRECTION('',(0.749280095245,-0.662253228659,0.));
#7703 = ADVANCED_FACE('',(#7704),#7715,.T.);
#7704 = FACE_BOUND('',#7705,.T.);
#7705 = EDGE_LOOP('',(#7706,#7712,#7713,#7714));
#7706 = ORIENTED_EDGE('',*,*,#7707,.T.);
#7707 = EDGE_CURVE('',#208,#3855,#7708,.T.);
#7708 = LINE('',#7709,#7710);
#7709 = CARTESIAN_POINT('',(170.229,-54.,0.));
#7710 = VECTOR('',#7711,1.);
#7711 = DIRECTION('',(0.,0.,1.));
#7712 = ORIENTED_EDGE('',*,*,#3854,.T.);
#7713 = ORIENTED_EDGE('',*,*,#7673,.F.);
#7714 = ORIENTED_EDGE('',*,*,#207,.F.);
#7715 = PLANE('',#7716);
#7716 = AXIS2_PLACEMENT_3D('',#7717,#7718,#7719);
#7717 = CARTESIAN_POINT('',(170.229,-54.,0.));
#7718 = DIRECTION('',(0.,1.,0.));
#7719 = DIRECTION('',(1.,0.,0.));
#7720 = ADVANCED_FACE('',(#7721),#7732,.T.);
#7721 = FACE_BOUND('',#7722,.T.);
#7722 = EDGE_LOOP('',(#7723,#7724,#7725,#7731));
#7723 = ORIENTED_EDGE('',*,*,#7692,.T.);
#7724 = ORIENTED_EDGE('',*,*,#6574,.T.);
#7725 = ORIENTED_EDGE('',*,*,#7726,.F.);
#7726 = EDGE_CURVE('',#2920,#6567,#7727,.T.);
#7727 = LINE('',#7728,#7729);
#7728 = CARTESIAN_POINT('',(186.828,-60.507,0.));
#7729 = VECTOR('',#7730,1.);
#7730 = DIRECTION('',(0.,0.,1.));
#7731 = ORIENTED_EDGE('',*,*,#2927,.F.);
#7732 = PLANE('',#7733);
#7733 = AXIS2_PLACEMENT_3D('',#7734,#7735,#7736);
#7734 = CARTESIAN_POINT('',(186.133,-59.87,0.));
#7735 = DIRECTION('',(0.675676594625,0.737198168389,-0.));
#7736 = DIRECTION('',(0.737198168389,-0.675676594625,0.));
#7737 = ADVANCED_FACE('',(#7738),#7749,.T.);
#7738 = FACE_BOUND('',#7739,.T.);
#7739 = EDGE_LOOP('',(#7740,#7746,#7747,#7748));
#7740 = ORIENTED_EDGE('',*,*,#7741,.T.);
#7741 = EDGE_CURVE('',#216,#3863,#7742,.T.);
#7742 = LINE('',#7743,#7744);
#7743 = CARTESIAN_POINT('',(169.352,-54.,0.));
#7744 = VECTOR('',#7745,1.);
#7745 = DIRECTION('',(0.,0.,1.));
#7746 = ORIENTED_EDGE('',*,*,#3862,.T.);
#7747 = ORIENTED_EDGE('',*,*,#7707,.F.);
#7748 = ORIENTED_EDGE('',*,*,#215,.F.);
#7749 = PLANE('',#7750);
#7750 = AXIS2_PLACEMENT_3D('',#7751,#7752,#7753);
#7751 = CARTESIAN_POINT('',(169.352,-54.,0.));
#7752 = DIRECTION('',(0.,1.,0.));
#7753 = DIRECTION('',(1.,0.,0.));
#7754 = ADVANCED_FACE('',(#7755),#7766,.T.);
#7755 = FACE_BOUND('',#7756,.T.);
#7756 = EDGE_LOOP('',(#7757,#7758,#7759,#7765));
#7757 = ORIENTED_EDGE('',*,*,#7726,.T.);
#7758 = ORIENTED_EDGE('',*,*,#6566,.T.);
#7759 = ORIENTED_EDGE('',*,*,#7760,.F.);
#7760 = EDGE_CURVE('',#2912,#6559,#7761,.T.);
#7761 = LINE('',#7762,#7763);
#7762 = CARTESIAN_POINT('',(187.512,-61.156,0.));
#7763 = VECTOR('',#7764,1.);
#7764 = DIRECTION('',(0.,0.,1.));
#7765 = ORIENTED_EDGE('',*,*,#2919,.F.);
#7766 = PLANE('',#7767);
#7767 = AXIS2_PLACEMENT_3D('',#7768,#7769,#7770);
#7768 = CARTESIAN_POINT('',(186.828,-60.507,0.));
#7769 = DIRECTION('',(0.688303366875,0.725422962932,-0.));
#7770 = DIRECTION('',(0.725422962932,-0.688303366875,0.));
#7771 = ADVANCED_FACE('',(#7772),#7783,.T.);
#7772 = FACE_BOUND('',#7773,.T.);
#7773 = EDGE_LOOP('',(#7774,#7780,#7781,#7782));
#7774 = ORIENTED_EDGE('',*,*,#7775,.T.);
#7775 = EDGE_CURVE('',#224,#3871,#7776,.T.);
#7776 = LINE('',#7777,#7778);
#7777 = CARTESIAN_POINT('',(168.469,-54.,0.));
#7778 = VECTOR('',#7779,1.);
#7779 = DIRECTION('',(0.,0.,1.));
#7780 = ORIENTED_EDGE('',*,*,#3870,.T.);
#7781 = ORIENTED_EDGE('',*,*,#7741,.F.);
#7782 = ORIENTED_EDGE('',*,*,#223,.F.);
#7783 = PLANE('',#7784);
#7784 = AXIS2_PLACEMENT_3D('',#7785,#7786,#7787);
#7785 = CARTESIAN_POINT('',(168.469,-54.,0.));
#7786 = DIRECTION('',(0.,1.,0.));
#7787 = DIRECTION('',(1.,0.,0.));
#7788 = ADVANCED_FACE('',(#7789),#7800,.T.);
#7789 = FACE_BOUND('',#7790,.T.);
#7790 = EDGE_LOOP('',(#7791,#7792,#7793,#7799));
#7791 = ORIENTED_EDGE('',*,*,#7760,.T.);
#7792 = ORIENTED_EDGE('',*,*,#6558,.T.);
#7793 = ORIENTED_EDGE('',*,*,#7794,.F.);
#7794 = EDGE_CURVE('',#2904,#6551,#7795,.T.);
#7795 = LINE('',#7796,#7797);
#7796 = CARTESIAN_POINT('',(188.184,-61.816,0.));
#7797 = VECTOR('',#7798,1.);
#7798 = DIRECTION('',(0.,0.,1.));
#7799 = ORIENTED_EDGE('',*,*,#2911,.F.);
#7800 = PLANE('',#7801);
#7801 = AXIS2_PLACEMENT_3D('',#7802,#7803,#7804);
#7802 = CARTESIAN_POINT('',(187.512,-61.156,0.));
#7803 = DIRECTION('',(0.700708014884,0.713448160609,-0.));
#7804 = DIRECTION('',(0.713448160609,-0.700708014884,0.));
#7805 = ADVANCED_FACE('',(#7806),#7817,.T.);
#7806 = FACE_BOUND('',#7807,.T.);
#7807 = EDGE_LOOP('',(#7808,#7814,#7815,#7816));
#7808 = ORIENTED_EDGE('',*,*,#7809,.T.);
#7809 = EDGE_CURVE('',#232,#3879,#7810,.T.);
#7810 = LINE('',#7811,#7812);
#7811 = CARTESIAN_POINT('',(167.581,-54.,0.));
#7812 = VECTOR('',#7813,1.);
#7813 = DIRECTION('',(0.,0.,1.));
#7814 = ORIENTED_EDGE('',*,*,#3878,.T.);
#7815 = ORIENTED_EDGE('',*,*,#7775,.F.);
#7816 = ORIENTED_EDGE('',*,*,#231,.F.);
#7817 = PLANE('',#7818);
#7818 = AXIS2_PLACEMENT_3D('',#7819,#7820,#7821);
#7819 = CARTESIAN_POINT('',(167.581,-54.,0.));
#7820 = DIRECTION('',(0.,1.,0.));
#7821 = DIRECTION('',(1.,0.,0.));
#7822 = ADVANCED_FACE('',(#7823),#7834,.T.);
#7823 = FACE_BOUND('',#7824,.T.);
#7824 = EDGE_LOOP('',(#7825,#7826,#7827,#7833));
#7825 = ORIENTED_EDGE('',*,*,#7794,.T.);
#7826 = ORIENTED_EDGE('',*,*,#6550,.T.);
#7827 = ORIENTED_EDGE('',*,*,#7828,.F.);
#7828 = EDGE_CURVE('',#2896,#6543,#7829,.T.);
#7829 = LINE('',#7830,#7831);
#7830 = CARTESIAN_POINT('',(188.844,-62.488,0.));
#7831 = VECTOR('',#7832,1.);
#7832 = DIRECTION('',(0.,0.,1.));
#7833 = ORIENTED_EDGE('',*,*,#2903,.F.);
#7834 = PLANE('',#7835);
#7835 = AXIS2_PLACEMENT_3D('',#7836,#7837,#7838);
#7836 = CARTESIAN_POINT('',(188.184,-61.816,0.));
#7837 = DIRECTION('',(0.713448160609,0.700708014884,-0.));
#7838 = DIRECTION('',(0.700708014884,-0.713448160609,0.));
#7839 = ADVANCED_FACE('',(#7840),#7851,.T.);
#7840 = FACE_BOUND('',#7841,.T.);
#7841 = EDGE_LOOP('',(#7842,#7848,#7849,#7850));
#7842 = ORIENTED_EDGE('',*,*,#7843,.T.);
#7843 = EDGE_CURVE('',#240,#3887,#7844,.T.);
#7844 = LINE('',#7845,#7846);
#7845 = CARTESIAN_POINT('',(166.687,-54.,0.));
#7846 = VECTOR('',#7847,1.);
#7847 = DIRECTION('',(0.,0.,1.));
#7848 = ORIENTED_EDGE('',*,*,#3886,.T.);
#7849 = ORIENTED_EDGE('',*,*,#7809,.F.);
#7850 = ORIENTED_EDGE('',*,*,#239,.F.);
#7851 = PLANE('',#7852);
#7852 = AXIS2_PLACEMENT_3D('',#7853,#7854,#7855);
#7853 = CARTESIAN_POINT('',(166.687,-54.,0.));
#7854 = DIRECTION('',(0.,1.,0.));
#7855 = DIRECTION('',(1.,0.,0.));
#7856 = ADVANCED_FACE('',(#7857),#7868,.T.);
#7857 = FACE_BOUND('',#7858,.T.);
#7858 = EDGE_LOOP('',(#7859,#7860,#7861,#7867));
#7859 = ORIENTED_EDGE('',*,*,#7828,.T.);
#7860 = ORIENTED_EDGE('',*,*,#6542,.T.);
#7861 = ORIENTED_EDGE('',*,*,#7862,.F.);
#7862 = EDGE_CURVE('',#2888,#6535,#7863,.T.);
#7863 = LINE('',#7864,#7865);
#7864 = CARTESIAN_POINT('',(189.493,-63.172,0.));
#7865 = VECTOR('',#7866,1.);
#7866 = DIRECTION('',(0.,0.,1.));
#7867 = ORIENTED_EDGE('',*,*,#2895,.F.);
#7868 = PLANE('',#7869);
#7869 = AXIS2_PLACEMENT_3D('',#7870,#7871,#7872);
#7870 = CARTESIAN_POINT('',(188.844,-62.488,0.));
#7871 = DIRECTION('',(0.725422962932,0.688303366875,-0.));
#7872 = DIRECTION('',(0.688303366875,-0.725422962932,0.));
#7873 = ADVANCED_FACE('',(#7874),#7885,.T.);
#7874 = FACE_BOUND('',#7875,.T.);
#7875 = EDGE_LOOP('',(#7876,#7882,#7883,#7884));
#7876 = ORIENTED_EDGE('',*,*,#7877,.T.);
#7877 = EDGE_CURVE('',#248,#3895,#7878,.T.);
#7878 = LINE('',#7879,#7880);
#7879 = CARTESIAN_POINT('',(165.788,-54.,0.));
#7880 = VECTOR('',#7881,1.);
#7881 = DIRECTION('',(0.,0.,1.));
#7882 = ORIENTED_EDGE('',*,*,#3894,.T.);
#7883 = ORIENTED_EDGE('',*,*,#7843,.F.);
#7884 = ORIENTED_EDGE('',*,*,#247,.F.);
#7885 = PLANE('',#7886);
#7886 = AXIS2_PLACEMENT_3D('',#7887,#7888,#7889);
#7887 = CARTESIAN_POINT('',(165.788,-54.,0.));
#7888 = DIRECTION('',(0.,1.,0.));
#7889 = DIRECTION('',(1.,0.,0.));
#7890 = ADVANCED_FACE('',(#7891),#7902,.T.);
#7891 = FACE_BOUND('',#7892,.T.);
#7892 = EDGE_LOOP('',(#7893,#7894,#7895,#7901));
#7893 = ORIENTED_EDGE('',*,*,#7862,.T.);
#7894 = ORIENTED_EDGE('',*,*,#6534,.T.);
#7895 = ORIENTED_EDGE('',*,*,#7896,.F.);
#7896 = EDGE_CURVE('',#2880,#6527,#7897,.T.);
#7897 = LINE('',#7898,#7899);
#7898 = CARTESIAN_POINT('',(190.13,-63.867,0.));
#7899 = VECTOR('',#7900,1.);
#7900 = DIRECTION('',(0.,0.,1.));
#7901 = ORIENTED_EDGE('',*,*,#2887,.F.);
#7902 = PLANE('',#7903);
#7903 = AXIS2_PLACEMENT_3D('',#7904,#7905,#7906);
#7904 = CARTESIAN_POINT('',(189.493,-63.172,0.));
#7905 = DIRECTION('',(0.737198168389,0.675676594625,-0.));
#7906 = DIRECTION('',(0.675676594625,-0.737198168389,0.));
#7907 = ADVANCED_FACE('',(#7908),#7919,.T.);
#7908 = FACE_BOUND('',#7909,.T.);
#7909 = EDGE_LOOP('',(#7910,#7916,#7917,#7918));
#7910 = ORIENTED_EDGE('',*,*,#7911,.T.);
#7911 = EDGE_CURVE('',#256,#3903,#7912,.T.);
#7912 = LINE('',#7913,#7914);
#7913 = CARTESIAN_POINT('',(164.884,-54.,0.));
#7914 = VECTOR('',#7915,1.);
#7915 = DIRECTION('',(0.,0.,1.));
#7916 = ORIENTED_EDGE('',*,*,#3902,.T.);
#7917 = ORIENTED_EDGE('',*,*,#7877,.F.);
#7918 = ORIENTED_EDGE('',*,*,#255,.F.);
#7919 = PLANE('',#7920);
#7920 = AXIS2_PLACEMENT_3D('',#7921,#7922,#7923);
#7921 = CARTESIAN_POINT('',(164.884,-54.,0.));
#7922 = DIRECTION('',(0.,1.,0.));
#7923 = DIRECTION('',(1.,0.,0.));
#7924 = ADVANCED_FACE('',(#7925),#7936,.T.);
#7925 = FACE_BOUND('',#7926,.T.);
#7926 = EDGE_LOOP('',(#7927,#7928,#7929,#7935));
#7927 = ORIENTED_EDGE('',*,*,#7896,.T.);
#7928 = ORIENTED_EDGE('',*,*,#6526,.T.);
#7929 = ORIENTED_EDGE('',*,*,#7930,.F.);
#7930 = EDGE_CURVE('',#2872,#6519,#7931,.T.);
#7931 = LINE('',#7932,#7933);
#7932 = CARTESIAN_POINT('',(190.754,-64.572999,0.));
#7933 = VECTOR('',#7934,1.);
#7934 = DIRECTION('',(0.,0.,1.));
#7935 = ORIENTED_EDGE('',*,*,#2879,.F.);
#7936 = PLANE('',#7937);
#7937 = AXIS2_PLACEMENT_3D('',#7938,#7939,#7940);
#7938 = CARTESIAN_POINT('',(190.13,-63.867,0.));
#7939 = DIRECTION('',(0.749279629779,0.662253755292,-0.));
#7940 = DIRECTION('',(0.662253755292,-0.749279629779,0.));
#7941 = ADVANCED_FACE('',(#7942),#7953,.T.);
#7942 = FACE_BOUND('',#7943,.T.);
#7943 = EDGE_LOOP('',(#7944,#7950,#7951,#7952));
#7944 = ORIENTED_EDGE('',*,*,#7945,.T.);
#7945 = EDGE_CURVE('',#264,#3911,#7946,.T.);
#7946 = LINE('',#7947,#7948);
#7947 = CARTESIAN_POINT('',(163.976,-54.,0.));
#7948 = VECTOR('',#7949,1.);
#7949 = DIRECTION('',(0.,0.,1.));
#7950 = ORIENTED_EDGE('',*,*,#3910,.T.);
#7951 = ORIENTED_EDGE('',*,*,#7911,.F.);
#7952 = ORIENTED_EDGE('',*,*,#263,.F.);
#7953 = PLANE('',#7954);
#7954 = AXIS2_PLACEMENT_3D('',#7955,#7956,#7957);
#7955 = CARTESIAN_POINT('',(163.976,-54.,0.));
#7956 = DIRECTION('',(0.,1.,0.));
#7957 = DIRECTION('',(1.,0.,0.));
#7958 = ADVANCED_FACE('',(#7959),#7970,.T.);
#7959 = FACE_BOUND('',#7960,.T.);
#7960 = EDGE_LOOP('',(#7961,#7962,#7963,#7969));
#7961 = ORIENTED_EDGE('',*,*,#7930,.T.);
#7962 = ORIENTED_EDGE('',*,*,#6518,.T.);
#7963 = ORIENTED_EDGE('',*,*,#7964,.F.);
#7964 = EDGE_CURVE('',#2864,#6511,#7965,.T.);
#7965 = LINE('',#7966,#7967);
#7966 = CARTESIAN_POINT('',(191.366,-65.289,0.));
#7967 = VECTOR('',#7968,1.);
#7968 = DIRECTION('',(0.,0.,1.));
#7969 = ORIENTED_EDGE('',*,*,#2871,.F.);
#7970 = PLANE('',#7971);
#7971 = AXIS2_PLACEMENT_3D('',#7972,#7973,#7974);
#7972 = CARTESIAN_POINT('',(190.754,-64.572999,0.));
#7973 = DIRECTION('',(0.760155621954,0.649741048736,-0.));
#7974 = DIRECTION('',(0.649741048736,-0.760155621954,0.));
#7975 = ADVANCED_FACE('',(#7976),#7987,.T.);
#7976 = FACE_BOUND('',#7977,.T.);
#7977 = EDGE_LOOP('',(#7978,#7984,#7985,#7986));
#7978 = ORIENTED_EDGE('',*,*,#7979,.T.);
#7979 = EDGE_CURVE('',#272,#3919,#7980,.T.);
#7980 = LINE('',#7981,#7982);
#7981 = CARTESIAN_POINT('',(163.064,-54.,0.));
#7982 = VECTOR('',#7983,1.);
#7983 = DIRECTION('',(0.,0.,1.));
#7984 = ORIENTED_EDGE('',*,*,#3918,.T.);
#7985 = ORIENTED_EDGE('',*,*,#7945,.F.);
#7986 = ORIENTED_EDGE('',*,*,#271,.F.);
#7987 = PLANE('',#7988);
#7988 = AXIS2_PLACEMENT_3D('',#7989,#7990,#7991);
#7989 = CARTESIAN_POINT('',(163.064,-54.,0.));
#7990 = DIRECTION('',(0.,1.,0.));
#7991 = DIRECTION('',(1.,0.,0.));
#7992 = ADVANCED_FACE('',(#7993),#8004,.T.);
#7993 = FACE_BOUND('',#7994,.T.);
#7994 = EDGE_LOOP('',(#7995,#7996,#7997,#8003));
#7995 = ORIENTED_EDGE('',*,*,#7964,.T.);
#7996 = ORIENTED_EDGE('',*,*,#6510,.T.);
#7997 = ORIENTED_EDGE('',*,*,#7998,.F.);
#7998 = EDGE_CURVE('',#2856,#6503,#7999,.T.);
#7999 = LINE('',#8000,#8001);
#8000 = CARTESIAN_POINT('',(191.966,-66.016999,0.));
#8001 = VECTOR('',#8002,1.);
#8002 = DIRECTION('',(0.,0.,1.));
#8003 = ORIENTED_EDGE('',*,*,#2863,.F.);
#8004 = PLANE('',#8005);
#8005 = AXIS2_PLACEMENT_3D('',#8006,#8007,#8008);
#8006 = CARTESIAN_POINT('',(191.366,-65.289,0.));
#8007 = DIRECTION('',(0.771684964398,0.63600496517,-0.));
#8008 = DIRECTION('',(0.63600496517,-0.771684964398,0.));
#8009 = ADVANCED_FACE('',(#8010),#8021,.T.);
#8010 = FACE_BOUND('',#8011,.T.);
#8011 = EDGE_LOOP('',(#8012,#8018,#8019,#8020));
#8012 = ORIENTED_EDGE('',*,*,#8013,.T.);
#8013 = EDGE_CURVE('',#280,#3927,#8014,.T.);
#8014 = LINE('',#8015,#8016);
#8015 = CARTESIAN_POINT('',(162.147,-54.,0.));
#8016 = VECTOR('',#8017,1.);
#8017 = DIRECTION('',(0.,0.,1.));
#8018 = ORIENTED_EDGE('',*,*,#3926,.T.);
#8019 = ORIENTED_EDGE('',*,*,#7979,.F.);
#8020 = ORIENTED_EDGE('',*,*,#279,.F.);
#8021 = PLANE('',#8022);
#8022 = AXIS2_PLACEMENT_3D('',#8023,#8024,#8025);
#8023 = CARTESIAN_POINT('',(162.147,-54.,0.));
#8024 = DIRECTION('',(0.,1.,0.));
#8025 = DIRECTION('',(1.,0.,0.));
#8026 = ADVANCED_FACE('',(#8027),#8038,.T.);
#8027 = FACE_BOUND('',#8028,.T.);
#8028 = EDGE_LOOP('',(#8029,#8030,#8031,#8037));
#8029 = ORIENTED_EDGE('',*,*,#7998,.T.);
#8030 = ORIENTED_EDGE('',*,*,#6502,.T.);
#8031 = ORIENTED_EDGE('',*,*,#8032,.F.);
#8032 = EDGE_CURVE('',#2848,#6495,#8033,.T.);
#8033 = LINE('',#8034,#8035);
#8034 = CARTESIAN_POINT('',(192.553,-66.754,0.));
#8035 = VECTOR('',#8036,1.);
#8036 = DIRECTION('',(0.,0.,1.));
#8037 = ORIENTED_EDGE('',*,*,#2855,.F.);
#8038 = PLANE('',#8039);
#8039 = AXIS2_PLACEMENT_3D('',#8040,#8041,#8042);
#8040 = CARTESIAN_POINT('',(191.966,-66.016999,0.));
#8041 = DIRECTION('',(0.782213507775,0.623010455975,-0.));
#8042 = DIRECTION('',(0.623010455975,-0.782213507775,0.));
#8043 = ADVANCED_FACE('',(#8044),#8055,.T.);
#8044 = FACE_BOUND('',#8045,.T.);
#8045 = EDGE_LOOP('',(#8046,#8052,#8053,#8054));
#8046 = ORIENTED_EDGE('',*,*,#8047,.T.);
#8047 = EDGE_CURVE('',#288,#3935,#8048,.T.);
#8048 = LINE('',#8049,#8050);
#8049 = CARTESIAN_POINT('',(161.227,-54.,0.));
#8050 = VECTOR('',#8051,1.);
#8051 = DIRECTION('',(0.,0.,1.));
#8052 = ORIENTED_EDGE('',*,*,#3934,.T.);
#8053 = ORIENTED_EDGE('',*,*,#8013,.F.);
#8054 = ORIENTED_EDGE('',*,*,#287,.F.);
#8055 = PLANE('',#8056);
#8056 = AXIS2_PLACEMENT_3D('',#8057,#8058,#8059);
#8057 = CARTESIAN_POINT('',(161.227,-54.,0.));
#8058 = DIRECTION('',(0.,1.,0.));
#8059 = DIRECTION('',(1.,0.,0.));
#8060 = ADVANCED_FACE('',(#8061),#8072,.T.);
#8061 = FACE_BOUND('',#8062,.T.);
#8062 = EDGE_LOOP('',(#8063,#8064,#8065,#8071));
#8063 = ORIENTED_EDGE('',*,*,#8032,.T.);
#8064 = ORIENTED_EDGE('',*,*,#6494,.T.);
#8065 = ORIENTED_EDGE('',*,*,#8066,.F.);
#8066 = EDGE_CURVE('',#2840,#6487,#8067,.T.);
#8067 = LINE('',#8068,#8069);
#8068 = CARTESIAN_POINT('',(193.126,-67.502,0.));
#8069 = VECTOR('',#8070,1.);
#8070 = DIRECTION('',(0.,0.,1.));
#8071 = ORIENTED_EDGE('',*,*,#2847,.F.);
#8072 = PLANE('',#8073);
#8073 = AXIS2_PLACEMENT_3D('',#8074,#8075,#8076);
#8074 = CARTESIAN_POINT('',(192.553,-66.754,0.));
#8075 = DIRECTION('',(0.793845443172,0.608119570772,-0.));
#8076 = DIRECTION('',(0.608119570772,-0.793845443172,0.));
#8077 = ADVANCED_FACE('',(#8078),#8089,.T.);
#8078 = FACE_BOUND('',#8079,.T.);
#8079 = EDGE_LOOP('',(#8080,#8086,#8087,#8088));
#8080 = ORIENTED_EDGE('',*,*,#8081,.T.);
#8081 = EDGE_CURVE('',#296,#3943,#8082,.T.);
#8082 = LINE('',#8083,#8084);
#8083 = CARTESIAN_POINT('',(160.304,-54.,0.));
#8084 = VECTOR('',#8085,1.);
#8085 = DIRECTION('',(0.,0.,1.));
#8086 = ORIENTED_EDGE('',*,*,#3942,.T.);
#8087 = ORIENTED_EDGE('',*,*,#8047,.F.);
#8088 = ORIENTED_EDGE('',*,*,#295,.F.);
#8089 = PLANE('',#8090);
#8090 = AXIS2_PLACEMENT_3D('',#8091,#8092,#8093);
#8091 = CARTESIAN_POINT('',(160.304,-54.,0.));
#8092 = DIRECTION('',(0.,1.,0.));
#8093 = DIRECTION('',(1.,0.,0.));
#8094 = ADVANCED_FACE('',(#8095),#8106,.T.);
#8095 = FACE_BOUND('',#8096,.T.);
#8096 = EDGE_LOOP('',(#8097,#8098,#8099,#8105));
#8097 = ORIENTED_EDGE('',*,*,#8066,.T.);
#8098 = ORIENTED_EDGE('',*,*,#6486,.T.);
#8099 = ORIENTED_EDGE('',*,*,#8100,.F.);
#8100 = EDGE_CURVE('',#2832,#6479,#8101,.T.);
#8101 = LINE('',#8102,#8103);
#8102 = CARTESIAN_POINT('',(193.687,-68.26,0.));
#8103 = VECTOR('',#8104,1.);
#8104 = DIRECTION('',(0.,0.,1.));
#8105 = ORIENTED_EDGE('',*,*,#2839,.F.);
#8106 = PLANE('',#8107);
#8107 = AXIS2_PLACEMENT_3D('',#8108,#8109,#8110);
#8108 = CARTESIAN_POINT('',(193.126,-67.502,0.));
#8109 = DIRECTION('',(0.803801333173,0.594897820462,-0.));
#8110 = DIRECTION('',(0.594897820462,-0.803801333173,0.));
#8111 = ADVANCED_FACE('',(#8112),#8123,.T.);
#8112 = FACE_BOUND('',#8113,.T.);
#8113 = EDGE_LOOP('',(#8114,#8120,#8121,#8122));
#8114 = ORIENTED_EDGE('',*,*,#8115,.T.);
#8115 = EDGE_CURVE('',#304,#3951,#8116,.T.);
#8116 = LINE('',#8117,#8118);
#8117 = CARTESIAN_POINT('',(159.377,-54.,0.));
#8118 = VECTOR('',#8119,1.);
#8119 = DIRECTION('',(0.,0.,1.));
#8120 = ORIENTED_EDGE('',*,*,#3950,.T.);
#8121 = ORIENTED_EDGE('',*,*,#8081,.F.);
#8122 = ORIENTED_EDGE('',*,*,#303,.F.);
#8123 = PLANE('',#8124);
#8124 = AXIS2_PLACEMENT_3D('',#8125,#8126,#8127);
#8125 = CARTESIAN_POINT('',(159.377,-54.,0.));
#8126 = DIRECTION('',(0.,1.,0.));
#8127 = DIRECTION('',(1.,0.,0.));
#8128 = ADVANCED_FACE('',(#8129),#8140,.T.);
#8129 = FACE_BOUND('',#8130,.T.);
#8130 = EDGE_LOOP('',(#8131,#8132,#8133,#8139));
#8131 = ORIENTED_EDGE('',*,*,#8100,.T.);
#8132 = ORIENTED_EDGE('',*,*,#6478,.T.);
#8133 = ORIENTED_EDGE('',*,*,#8134,.F.);
#8134 = EDGE_CURVE('',#2824,#6471,#8135,.T.);
#8135 = LINE('',#8136,#8137);
#8136 = CARTESIAN_POINT('',(194.234,-69.027,0.));
#8137 = VECTOR('',#8138,1.);
#8138 = DIRECTION('',(0.,0.,1.));
#8139 = ORIENTED_EDGE('',*,*,#2831,.F.);
#8140 = PLANE('',#8141);
#8141 = AXIS2_PLACEMENT_3D('',#8142,#8143,#8144);
#8142 = CARTESIAN_POINT('',(193.687,-68.26,0.));
#8143 = DIRECTION('',(0.814163582362,0.580635566561,-0.));
#8144 = DIRECTION('',(0.580635566561,-0.814163582362,0.));
#8145 = ADVANCED_FACE('',(#8146),#8157,.T.);
#8146 = FACE_BOUND('',#8147,.T.);
#8147 = EDGE_LOOP('',(#8148,#8154,#8155,#8156));
#8148 = ORIENTED_EDGE('',*,*,#8149,.T.);
#8149 = EDGE_CURVE('',#312,#3959,#8150,.T.);
#8150 = LINE('',#8151,#8152);
#8151 = CARTESIAN_POINT('',(158.447,-54.,0.));
#8152 = VECTOR('',#8153,1.);
#8153 = DIRECTION('',(0.,0.,1.));
#8154 = ORIENTED_EDGE('',*,*,#3958,.T.);
#8155 = ORIENTED_EDGE('',*,*,#8115,.F.);
#8156 = ORIENTED_EDGE('',*,*,#311,.F.);
#8157 = PLANE('',#8158);
#8158 = AXIS2_PLACEMENT_3D('',#8159,#8160,#8161);
#8159 = CARTESIAN_POINT('',(158.447,-54.,0.));
#8160 = DIRECTION('',(0.,1.,0.));
#8161 = DIRECTION('',(1.,0.,0.));
#8162 = ADVANCED_FACE('',(#8163),#8174,.T.);
#8163 = FACE_BOUND('',#8164,.T.);
#8164 = EDGE_LOOP('',(#8165,#8166,#8167,#8173));
#8165 = ORIENTED_EDGE('',*,*,#8134,.T.);
#8166 = ORIENTED_EDGE('',*,*,#6470,.T.);
#8167 = ORIENTED_EDGE('',*,*,#8168,.F.);
#8168 = EDGE_CURVE('',#2816,#6463,#8169,.T.);
#8169 = LINE('',#8170,#8171);
#8170 = CARTESIAN_POINT('',(194.768,-69.804,0.));
#8171 = VECTOR('',#8172,1.);
#8172 = DIRECTION('',(0.,0.,1.));
#8173 = ORIENTED_EDGE('',*,*,#2823,.F.);
#8174 = PLANE('',#8175);
#8175 = AXIS2_PLACEMENT_3D('',#8176,#8177,#8178);
#8176 = CARTESIAN_POINT('',(194.234,-69.027,0.));
#8177 = DIRECTION('',(0.82413475627,0.566393770718,-0.));
#8178 = DIRECTION('',(0.566393770718,-0.82413475627,0.));
#8179 = ADVANCED_FACE('',(#8180),#8191,.T.);
#8180 = FACE_BOUND('',#8181,.T.);
#8181 = EDGE_LOOP('',(#8182,#8188,#8189,#8190));
#8182 = ORIENTED_EDGE('',*,*,#8183,.T.);
#8183 = EDGE_CURVE('',#320,#3967,#8184,.T.);
#8184 = LINE('',#8185,#8186);
#8185 = CARTESIAN_POINT('',(157.515,-54.,0.));
#8186 = VECTOR('',#8187,1.);
#8187 = DIRECTION('',(0.,0.,1.));
#8188 = ORIENTED_EDGE('',*,*,#3966,.T.);
#8189 = ORIENTED_EDGE('',*,*,#8149,.F.);
#8190 = ORIENTED_EDGE('',*,*,#319,.F.);
#8191 = PLANE('',#8192);
#8192 = AXIS2_PLACEMENT_3D('',#8193,#8194,#8195);
#8193 = CARTESIAN_POINT('',(157.515,-54.,0.));
#8194 = DIRECTION('',(0.,1.,0.));
#8195 = DIRECTION('',(1.,0.,0.));
#8196 = ADVANCED_FACE('',(#8197),#8208,.T.);
#8197 = FACE_BOUND('',#8198,.T.);
#8198 = EDGE_LOOP('',(#8199,#8200,#8201,#8207));
#8199 = ORIENTED_EDGE('',*,*,#8168,.T.);
#8200 = ORIENTED_EDGE('',*,*,#6462,.T.);
#8201 = ORIENTED_EDGE('',*,*,#8202,.F.);
#8202 = EDGE_CURVE('',#2808,#6455,#8203,.T.);
#8203 = LINE('',#8204,#8205);
#8204 = CARTESIAN_POINT('',(195.288,-70.589,0.));
#8205 = VECTOR('',#8206,1.);
#8206 = DIRECTION('',(0.,0.,1.));
#8207 = ORIENTED_EDGE('',*,*,#2815,.F.);
#8208 = PLANE('',#8209);
#8209 = AXIS2_PLACEMENT_3D('',#8210,#8211,#8212);
#8210 = CARTESIAN_POINT('',(194.768,-69.804,0.));
#8211 = DIRECTION('',(0.833680551753,0.552246989696,-0.));
#8212 = DIRECTION('',(0.552246989696,-0.833680551753,0.));
#8213 = ADVANCED_FACE('',(#8214),#8225,.T.);
#8214 = FACE_BOUND('',#8215,.T.);
#8215 = EDGE_LOOP('',(#8216,#8222,#8223,#8224));
#8216 = ORIENTED_EDGE('',*,*,#8217,.T.);
#8217 = EDGE_CURVE('',#328,#3975,#8218,.T.);
#8218 = LINE('',#8219,#8220);
#8219 = CARTESIAN_POINT('',(156.581,-54.,0.));
#8220 = VECTOR('',#8221,1.);
#8221 = DIRECTION('',(0.,0.,1.));
#8222 = ORIENTED_EDGE('',*,*,#3974,.T.);
#8223 = ORIENTED_EDGE('',*,*,#8183,.F.);
#8224 = ORIENTED_EDGE('',*,*,#327,.F.);
#8225 = PLANE('',#8226);
#8226 = AXIS2_PLACEMENT_3D('',#8227,#8228,#8229);
#8227 = CARTESIAN_POINT('',(156.581,-54.,0.));
#8228 = DIRECTION('',(0.,1.,0.));
#8229 = DIRECTION('',(1.,0.,0.));
#8230 = ADVANCED_FACE('',(#8231),#8242,.T.);
#8231 = FACE_BOUND('',#8232,.T.);
#8232 = EDGE_LOOP('',(#8233,#8234,#8235,#8241));
#8233 = ORIENTED_EDGE('',*,*,#8202,.T.);
#8234 = ORIENTED_EDGE('',*,*,#6454,.T.);
#8235 = ORIENTED_EDGE('',*,*,#8236,.F.);
#8236 = EDGE_CURVE('',#2800,#6447,#8237,.T.);
#8237 = LINE('',#8238,#8239);
#8238 = CARTESIAN_POINT('',(195.795,-71.384,0.));
#8239 = VECTOR('',#8240,1.);
#8240 = DIRECTION('',(0.,0.,1.));
#8241 = ORIENTED_EDGE('',*,*,#2807,.F.);
#8242 = PLANE('',#8243);
#8243 = AXIS2_PLACEMENT_3D('',#8244,#8245,#8246);
#8244 = CARTESIAN_POINT('',(195.288,-70.589,0.));
#8245 = DIRECTION('',(0.84313704949,0.537698722127,-0.));
#8246 = DIRECTION('',(0.537698722127,-0.84313704949,0.));
#8247 = ADVANCED_FACE('',(#8248),#8259,.T.);
#8248 = FACE_BOUND('',#8249,.T.);
#8249 = EDGE_LOOP('',(#8250,#8256,#8257,#8258));
#8250 = ORIENTED_EDGE('',*,*,#8251,.T.);
#8251 = EDGE_CURVE('',#336,#3983,#8252,.T.);
#8252 = LINE('',#8253,#8254);
#8253 = CARTESIAN_POINT('',(155.645,-54.,0.));
#8254 = VECTOR('',#8255,1.);
#8255 = DIRECTION('',(0.,0.,1.));
#8256 = ORIENTED_EDGE('',*,*,#3982,.T.);
#8257 = ORIENTED_EDGE('',*,*,#8217,.F.);
#8258 = ORIENTED_EDGE('',*,*,#335,.F.);
#8259 = PLANE('',#8260);
#8260 = AXIS2_PLACEMENT_3D('',#8261,#8262,#8263);
#8261 = CARTESIAN_POINT('',(155.645,-54.,0.));
#8262 = DIRECTION('',(0.,1.,0.));
#8263 = DIRECTION('',(1.,0.,0.));
#8264 = ADVANCED_FACE('',(#8265),#8276,.T.);
#8265 = FACE_BOUND('',#8266,.T.);
#8266 = EDGE_LOOP('',(#8267,#8268,#8269,#8275));
#8267 = ORIENTED_EDGE('',*,*,#8236,.T.);
#8268 = ORIENTED_EDGE('',*,*,#6446,.T.);
#8269 = ORIENTED_EDGE('',*,*,#8270,.F.);
#8270 = EDGE_CURVE('',#2792,#6439,#8271,.T.);
#8271 = LINE('',#8272,#8273);
#8272 = CARTESIAN_POINT('',(196.287,-72.188,0.));
#8273 = VECTOR('',#8274,1.);
#8274 = DIRECTION('',(0.,0.,1.));
#8275 = ORIENTED_EDGE('',*,*,#2799,.F.);
#8276 = PLANE('',#8277);
#8277 = AXIS2_PLACEMENT_3D('',#8278,#8279,#8280);
#8278 = CARTESIAN_POINT('',(195.795,-71.384,0.));
#8279 = DIRECTION('',(0.852966983083,0.521964870245,-0.));
#8280 = DIRECTION('',(0.521964870245,-0.852966983083,0.));
#8281 = ADVANCED_FACE('',(#8282),#8293,.T.);
#8282 = FACE_BOUND('',#8283,.T.);
#8283 = EDGE_LOOP('',(#8284,#8290,#8291,#8292));
#8284 = ORIENTED_EDGE('',*,*,#8285,.T.);
#8285 = EDGE_CURVE('',#344,#3991,#8286,.T.);
#8286 = LINE('',#8287,#8288);
#8287 = CARTESIAN_POINT('',(154.706,-54.,0.));
#8288 = VECTOR('',#8289,1.);
#8289 = DIRECTION('',(0.,0.,1.));
#8290 = ORIENTED_EDGE('',*,*,#3990,.T.);
#8291 = ORIENTED_EDGE('',*,*,#8251,.F.);
#8292 = ORIENTED_EDGE('',*,*,#343,.F.);
#8293 = PLANE('',#8294);
#8294 = AXIS2_PLACEMENT_3D('',#8295,#8296,#8297);
#8295 = CARTESIAN_POINT('',(154.706,-54.,0.));
#8296 = DIRECTION('',(0.,1.,0.));
#8297 = DIRECTION('',(1.,0.,0.));
#8298 = ADVANCED_FACE('',(#8299),#8310,.T.);
#8299 = FACE_BOUND('',#8300,.T.);
#8300 = EDGE_LOOP('',(#8301,#8302,#8303,#8309));
#8301 = ORIENTED_EDGE('',*,*,#8270,.T.);
#8302 = ORIENTED_EDGE('',*,*,#6438,.T.);
#8303 = ORIENTED_EDGE('',*,*,#8304,.F.);
#8304 = EDGE_CURVE('',#2784,#6431,#8305,.T.);
#8305 = LINE('',#8306,#8307);
#8306 = CARTESIAN_POINT('',(196.765,-73.,0.));
#8307 = VECTOR('',#8308,1.);
#8308 = DIRECTION('',(0.,0.,1.));
#8309 = ORIENTED_EDGE('',*,*,#2791,.F.);
#8310 = PLANE('',#8311);
#8311 = AXIS2_PLACEMENT_3D('',#8312,#8313,#8314);
#8312 = CARTESIAN_POINT('',(196.287,-72.188,0.));
#8313 = DIRECTION('',(0.86177047455,0.507298382802,-0.));
#8314 = DIRECTION('',(0.507298382802,-0.86177047455,0.));
#8315 = ADVANCED_FACE('',(#8316),#8327,.T.);
#8316 = FACE_BOUND('',#8317,.T.);
#8317 = EDGE_LOOP('',(#8318,#8324,#8325,#8326));
#8318 = ORIENTED_EDGE('',*,*,#8319,.T.);
#8319 = EDGE_CURVE('',#352,#3999,#8320,.T.);
#8320 = LINE('',#8321,#8322);
#8321 = CARTESIAN_POINT('',(153.767,-54.,0.));
#8322 = VECTOR('',#8323,1.);
#8323 = DIRECTION('',(0.,0.,1.));
#8324 = ORIENTED_EDGE('',*,*,#3998,.T.);
#8325 = ORIENTED_EDGE('',*,*,#8285,.F.);
#8326 = ORIENTED_EDGE('',*,*,#351,.F.);
#8327 = PLANE('',#8328);
#8328 = AXIS2_PLACEMENT_3D('',#8329,#8330,#8331);
#8329 = CARTESIAN_POINT('',(153.767,-54.,0.));
#8330 = DIRECTION('',(0.,1.,0.));
#8331 = DIRECTION('',(1.,0.,0.));
#8332 = ADVANCED_FACE('',(#8333),#8344,.T.);
#8333 = FACE_BOUND('',#8334,.T.);
#8334 = EDGE_LOOP('',(#8335,#8336,#8337,#8343));
#8335 = ORIENTED_EDGE('',*,*,#8304,.T.);
#8336 = ORIENTED_EDGE('',*,*,#6430,.T.);
#8337 = ORIENTED_EDGE('',*,*,#8338,.F.);
#8338 = EDGE_CURVE('',#2776,#6423,#8339,.T.);
#8339 = LINE('',#8340,#8341);
#8340 = CARTESIAN_POINT('',(197.,-73.82,0.));
#8341 = VECTOR('',#8342,1.);
#8342 = DIRECTION('',(0.,0.,1.));
#8343 = ORIENTED_EDGE('',*,*,#2783,.F.);
#8344 = PLANE('',#8345);
#8345 = AXIS2_PLACEMENT_3D('',#8346,#8347,#8348);
#8346 = CARTESIAN_POINT('',(196.765,-73.,0.));
#8347 = DIRECTION('',(0.961302443514,0.27549521247,-0.));
#8348 = DIRECTION('',(0.27549521247,-0.961302443514,0.));
#8349 = ADVANCED_FACE('',(#8350),#8361,.T.);
#8350 = FACE_BOUND('',#8351,.T.);
#8351 = EDGE_LOOP('',(#8352,#8358,#8359,#8360));
#8352 = ORIENTED_EDGE('',*,*,#8353,.T.);
#8353 = EDGE_CURVE('',#360,#4007,#8354,.T.);
#8354 = LINE('',#8355,#8356);
#8355 = CARTESIAN_POINT('',(152.826,-54.,0.));
#8356 = VECTOR('',#8357,1.);
#8357 = DIRECTION('',(0.,0.,1.));
#8358 = ORIENTED_EDGE('',*,*,#4006,.T.);
#8359 = ORIENTED_EDGE('',*,*,#8319,.F.);
#8360 = ORIENTED_EDGE('',*,*,#359,.F.);
#8361 = PLANE('',#8362);
#8362 = AXIS2_PLACEMENT_3D('',#8363,#8364,#8365);
#8363 = CARTESIAN_POINT('',(152.826,-54.,0.));
#8364 = DIRECTION('',(0.,1.,0.));
#8365 = DIRECTION('',(1.,0.,0.));
#8366 = ADVANCED_FACE('',(#8367),#8378,.T.);
#8367 = FACE_BOUND('',#8368,.T.);
#8368 = EDGE_LOOP('',(#8369,#8370,#8371,#8377));
#8369 = ORIENTED_EDGE('',*,*,#8338,.T.);
#8370 = ORIENTED_EDGE('',*,*,#6422,.T.);
#8371 = ORIENTED_EDGE('',*,*,#8372,.F.);
#8372 = EDGE_CURVE('',#2768,#6415,#8373,.T.);
#8373 = LINE('',#8374,#8375);
#8374 = CARTESIAN_POINT('',(197.,-74.649,0.));
#8375 = VECTOR('',#8376,1.);
#8376 = DIRECTION('',(0.,0.,1.));
#8377 = ORIENTED_EDGE('',*,*,#2775,.F.);
#8378 = PLANE('',#8379);
#8379 = AXIS2_PLACEMENT_3D('',#8380,#8381,#8382);
#8380 = CARTESIAN_POINT('',(197.,-73.82,0.));
#8381 = DIRECTION('',(1.,0.,-0.));
#8382 = DIRECTION('',(0.,-1.,0.));
#8383 = ADVANCED_FACE('',(#8384),#8395,.T.);
#8384 = FACE_BOUND('',#8385,.T.);
#8385 = EDGE_LOOP('',(#8386,#8392,#8393,#8394));
#8386 = ORIENTED_EDGE('',*,*,#8387,.T.);
#8387 = EDGE_CURVE('',#368,#4015,#8388,.T.);
#8388 = LINE('',#8389,#8390);
#8389 = CARTESIAN_POINT('',(151.885,-54.,0.));
#8390 = VECTOR('',#8391,1.);
#8391 = DIRECTION('',(0.,0.,1.));
#8392 = ORIENTED_EDGE('',*,*,#4014,.T.);
#8393 = ORIENTED_EDGE('',*,*,#8353,.F.);
#8394 = ORIENTED_EDGE('',*,*,#367,.F.);
#8395 = PLANE('',#8396);
#8396 = AXIS2_PLACEMENT_3D('',#8397,#8398,#8399);
#8397 = CARTESIAN_POINT('',(151.885,-54.,0.));
#8398 = DIRECTION('',(0.,1.,0.));
#8399 = DIRECTION('',(1.,0.,0.));
#8400 = ADVANCED_FACE('',(#8401),#8412,.T.);
#8401 = FACE_BOUND('',#8402,.T.);
#8402 = EDGE_LOOP('',(#8403,#8404,#8405,#8411));
#8403 = ORIENTED_EDGE('',*,*,#8372,.T.);
#8404 = ORIENTED_EDGE('',*,*,#6414,.T.);
#8405 = ORIENTED_EDGE('',*,*,#8406,.F.);
#8406 = EDGE_CURVE('',#2760,#6407,#8407,.T.);
#8407 = LINE('',#8408,#8409);
#8408 = CARTESIAN_POINT('',(197.,-75.485,0.));
#8409 = VECTOR('',#8410,1.);
#8410 = DIRECTION('',(0.,0.,1.));
#8411 = ORIENTED_EDGE('',*,*,#2767,.F.);
#8412 = PLANE('',#8413);
#8413 = AXIS2_PLACEMENT_3D('',#8414,#8415,#8416);
#8414 = CARTESIAN_POINT('',(197.,-74.649,0.));
#8415 = DIRECTION('',(1.,0.,-0.));
#8416 = DIRECTION('',(0.,-1.,0.));
#8417 = ADVANCED_FACE('',(#8418),#8429,.T.);
#8418 = FACE_BOUND('',#8419,.T.);
#8419 = EDGE_LOOP('',(#8420,#8426,#8427,#8428));
#8420 = ORIENTED_EDGE('',*,*,#8421,.T.);
#8421 = EDGE_CURVE('',#376,#4023,#8422,.T.);
#8422 = LINE('',#8423,#8424);
#8423 = CARTESIAN_POINT('',(150.942,-54.,0.));
#8424 = VECTOR('',#8425,1.);
#8425 = DIRECTION('',(0.,0.,1.));
#8426 = ORIENTED_EDGE('',*,*,#4022,.T.);
#8427 = ORIENTED_EDGE('',*,*,#8387,.F.);
#8428 = ORIENTED_EDGE('',*,*,#375,.F.);
#8429 = PLANE('',#8430);
#8430 = AXIS2_PLACEMENT_3D('',#8431,#8432,#8433);
#8431 = CARTESIAN_POINT('',(150.942,-54.,0.));
#8432 = DIRECTION('',(0.,1.,0.));
#8433 = DIRECTION('',(1.,0.,0.));
#8434 = ADVANCED_FACE('',(#8435),#8446,.T.);
#8435 = FACE_BOUND('',#8436,.T.);
#8436 = EDGE_LOOP('',(#8437,#8438,#8439,#8445));
#8437 = ORIENTED_EDGE('',*,*,#8406,.T.);
#8438 = ORIENTED_EDGE('',*,*,#6406,.T.);
#8439 = ORIENTED_EDGE('',*,*,#8440,.F.);
#8440 = EDGE_CURVE('',#2752,#6399,#8441,.T.);
#8441 = LINE('',#8442,#8443);
#8442 = CARTESIAN_POINT('',(197.,-76.328,0.));
#8443 = VECTOR('',#8444,1.);
#8444 = DIRECTION('',(0.,0.,1.));
#8445 = ORIENTED_EDGE('',*,*,#2759,.F.);
#8446 = PLANE('',#8447);
#8447 = AXIS2_PLACEMENT_3D('',#8448,#8449,#8450);
#8448 = CARTESIAN_POINT('',(197.,-75.485,0.));
#8449 = DIRECTION('',(1.,0.,-0.));
#8450 = DIRECTION('',(0.,-1.,0.));
#8451 = ADVANCED_FACE('',(#8452),#8463,.T.);
#8452 = FACE_BOUND('',#8453,.T.);
#8453 = EDGE_LOOP('',(#8454,#8460,#8461,#8462));
#8454 = ORIENTED_EDGE('',*,*,#8455,.T.);
#8455 = EDGE_CURVE('',#384,#4031,#8456,.T.);
#8456 = LINE('',#8457,#8458);
#8457 = CARTESIAN_POINT('',(150.,-54.,0.));
#8458 = VECTOR('',#8459,1.);
#8459 = DIRECTION('',(0.,0.,1.));
#8460 = ORIENTED_EDGE('',*,*,#4030,.T.);
#8461 = ORIENTED_EDGE('',*,*,#8421,.F.);
#8462 = ORIENTED_EDGE('',*,*,#383,.F.);
#8463 = PLANE('',#8464);
#8464 = AXIS2_PLACEMENT_3D('',#8465,#8466,#8467);
#8465 = CARTESIAN_POINT('',(150.,-54.,0.));
#8466 = DIRECTION('',(0.,1.,0.));
#8467 = DIRECTION('',(1.,0.,0.));
#8468 = ADVANCED_FACE('',(#8469),#8480,.T.);
#8469 = FACE_BOUND('',#8470,.T.);
#8470 = EDGE_LOOP('',(#8471,#8472,#8473,#8479));
#8471 = ORIENTED_EDGE('',*,*,#8440,.T.);
#8472 = ORIENTED_EDGE('',*,*,#6398,.T.);
#8473 = ORIENTED_EDGE('',*,*,#8474,.F.);
#8474 = EDGE_CURVE('',#2744,#6391,#8475,.T.);
#8475 = LINE('',#8476,#8477);
#8476 = CARTESIAN_POINT('',(197.,-77.179,0.));
#8477 = VECTOR('',#8478,1.);
#8478 = DIRECTION('',(0.,0.,1.));
#8479 = ORIENTED_EDGE('',*,*,#2751,.F.);
#8480 = PLANE('',#8481);
#8481 = AXIS2_PLACEMENT_3D('',#8482,#8483,#8484);
#8482 = CARTESIAN_POINT('',(197.,-76.328,0.));
#8483 = DIRECTION('',(1.,0.,-0.));
#8484 = DIRECTION('',(0.,-1.,0.));
#8485 = ADVANCED_FACE('',(#8486),#8497,.T.);
#8486 = FACE_BOUND('',#8487,.T.);
#8487 = EDGE_LOOP('',(#8488,#8494,#8495,#8496));
#8488 = ORIENTED_EDGE('',*,*,#8489,.T.);
#8489 = EDGE_CURVE('',#392,#4039,#8490,.T.);
#8490 = LINE('',#8491,#8492);
#8491 = CARTESIAN_POINT('',(149.058,-54.,0.));
#8492 = VECTOR('',#8493,1.);
#8493 = DIRECTION('',(0.,0.,1.));
#8494 = ORIENTED_EDGE('',*,*,#4038,.T.);
#8495 = ORIENTED_EDGE('',*,*,#8455,.F.);
#8496 = ORIENTED_EDGE('',*,*,#391,.F.);
#8497 = PLANE('',#8498);
#8498 = AXIS2_PLACEMENT_3D('',#8499,#8500,#8501);
#8499 = CARTESIAN_POINT('',(149.058,-54.,0.));
#8500 = DIRECTION('',(0.,1.,0.));
#8501 = DIRECTION('',(1.,0.,0.));
#8502 = ADVANCED_FACE('',(#8503),#8514,.T.);
#8503 = FACE_BOUND('',#8504,.T.);
#8504 = EDGE_LOOP('',(#8505,#8506,#8507,#8513));
#8505 = ORIENTED_EDGE('',*,*,#8474,.T.);
#8506 = ORIENTED_EDGE('',*,*,#6390,.T.);
#8507 = ORIENTED_EDGE('',*,*,#8508,.F.);
#8508 = EDGE_CURVE('',#2736,#6383,#8509,.T.);
#8509 = LINE('',#8510,#8511);
#8510 = CARTESIAN_POINT('',(197.,-78.036,0.));
#8511 = VECTOR('',#8512,1.);
#8512 = DIRECTION('',(0.,0.,1.));
#8513 = ORIENTED_EDGE('',*,*,#2743,.F.);
#8514 = PLANE('',#8515);
#8515 = AXIS2_PLACEMENT_3D('',#8516,#8517,#8518);
#8516 = CARTESIAN_POINT('',(197.,-77.179,0.));
#8517 = DIRECTION('',(1.,0.,-0.));
#8518 = DIRECTION('',(0.,-1.,0.));
#8519 = ADVANCED_FACE('',(#8520),#8531,.T.);
#8520 = FACE_BOUND('',#8521,.T.);
#8521 = EDGE_LOOP('',(#8522,#8528,#8529,#8530));
#8522 = ORIENTED_EDGE('',*,*,#8523,.T.);
#8523 = EDGE_CURVE('',#400,#4047,#8524,.T.);
#8524 = LINE('',#8525,#8526);
#8525 = CARTESIAN_POINT('',(148.115,-54.,0.));
#8526 = VECTOR('',#8527,1.);
#8527 = DIRECTION('',(0.,0.,1.));
#8528 = ORIENTED_EDGE('',*,*,#4046,.T.);
#8529 = ORIENTED_EDGE('',*,*,#8489,.F.);
#8530 = ORIENTED_EDGE('',*,*,#399,.F.);
#8531 = PLANE('',#8532);
#8532 = AXIS2_PLACEMENT_3D('',#8533,#8534,#8535);
#8533 = CARTESIAN_POINT('',(148.115,-54.,0.));
#8534 = DIRECTION('',(0.,1.,0.));
#8535 = DIRECTION('',(1.,0.,0.));
#8536 = ADVANCED_FACE('',(#8537),#8548,.T.);
#8537 = FACE_BOUND('',#8538,.T.);
#8538 = EDGE_LOOP('',(#8539,#8540,#8541,#8547));
#8539 = ORIENTED_EDGE('',*,*,#8508,.T.);
#8540 = ORIENTED_EDGE('',*,*,#6382,.T.);
#8541 = ORIENTED_EDGE('',*,*,#8542,.F.);
#8542 = EDGE_CURVE('',#2728,#6375,#8543,.T.);
#8543 = LINE('',#8544,#8545);
#8544 = CARTESIAN_POINT('',(197.,-78.901,0.));
#8545 = VECTOR('',#8546,1.);
#8546 = DIRECTION('',(0.,0.,1.));
#8547 = ORIENTED_EDGE('',*,*,#2735,.F.);
#8548 = PLANE('',#8549);
#8549 = AXIS2_PLACEMENT_3D('',#8550,#8551,#8552);
#8550 = CARTESIAN_POINT('',(197.,-78.036,0.));
#8551 = DIRECTION('',(1.,0.,-0.));
#8552 = DIRECTION('',(0.,-1.,0.));
#8553 = ADVANCED_FACE('',(#8554),#8565,.T.);
#8554 = FACE_BOUND('',#8555,.T.);
#8555 = EDGE_LOOP('',(#8556,#8562,#8563,#8564));
#8556 = ORIENTED_EDGE('',*,*,#8557,.T.);
#8557 = EDGE_CURVE('',#408,#4055,#8558,.T.);
#8558 = LINE('',#8559,#8560);
#8559 = CARTESIAN_POINT('',(147.174,-54.,0.));
#8560 = VECTOR('',#8561,1.);
#8561 = DIRECTION('',(0.,0.,1.));
#8562 = ORIENTED_EDGE('',*,*,#4054,.T.);
#8563 = ORIENTED_EDGE('',*,*,#8523,.F.);
#8564 = ORIENTED_EDGE('',*,*,#407,.F.);
#8565 = PLANE('',#8566);
#8566 = AXIS2_PLACEMENT_3D('',#8567,#8568,#8569);
#8567 = CARTESIAN_POINT('',(147.174,-54.,0.));
#8568 = DIRECTION('',(0.,1.,0.));
#8569 = DIRECTION('',(1.,0.,0.));
#8570 = ADVANCED_FACE('',(#8571),#8582,.T.);
#8571 = FACE_BOUND('',#8572,.T.);
#8572 = EDGE_LOOP('',(#8573,#8574,#8575,#8581));
#8573 = ORIENTED_EDGE('',*,*,#8542,.T.);
#8574 = ORIENTED_EDGE('',*,*,#6374,.T.);
#8575 = ORIENTED_EDGE('',*,*,#8576,.F.);
#8576 = EDGE_CURVE('',#2720,#6367,#8577,.T.);
#8577 = LINE('',#8578,#8579);
#8578 = CARTESIAN_POINT('',(197.,-79.771,0.));
#8579 = VECTOR('',#8580,1.);
#8580 = DIRECTION('',(0.,0.,1.));
#8581 = ORIENTED_EDGE('',*,*,#2727,.F.);
#8582 = PLANE('',#8583);
#8583 = AXIS2_PLACEMENT_3D('',#8584,#8585,#8586);
#8584 = CARTESIAN_POINT('',(197.,-78.901,0.));
#8585 = DIRECTION('',(1.,0.,-0.));
#8586 = DIRECTION('',(0.,-1.,0.));
#8587 = ADVANCED_FACE('',(#8588),#8599,.T.);
#8588 = FACE_BOUND('',#8589,.T.);
#8589 = EDGE_LOOP('',(#8590,#8596,#8597,#8598));
#8590 = ORIENTED_EDGE('',*,*,#8591,.T.);
#8591 = EDGE_CURVE('',#416,#4063,#8592,.T.);
#8592 = LINE('',#8593,#8594);
#8593 = CARTESIAN_POINT('',(146.233,-54.,0.));
#8594 = VECTOR('',#8595,1.);
#8595 = DIRECTION('',(0.,0.,1.));
#8596 = ORIENTED_EDGE('',*,*,#4062,.T.);
#8597 = ORIENTED_EDGE('',*,*,#8557,.F.);
#8598 = ORIENTED_EDGE('',*,*,#415,.F.);
#8599 = PLANE('',#8600);
#8600 = AXIS2_PLACEMENT_3D('',#8601,#8602,#8603);
#8601 = CARTESIAN_POINT('',(146.233,-54.,0.));
#8602 = DIRECTION('',(0.,1.,0.));
#8603 = DIRECTION('',(1.,0.,0.));
#8604 = ADVANCED_FACE('',(#8605),#8616,.T.);
#8605 = FACE_BOUND('',#8606,.T.);
#8606 = EDGE_LOOP('',(#8607,#8608,#8609,#8615));
#8607 = ORIENTED_EDGE('',*,*,#8576,.T.);
#8608 = ORIENTED_EDGE('',*,*,#6366,.T.);
#8609 = ORIENTED_EDGE('',*,*,#8610,.F.);
#8610 = EDGE_CURVE('',#2712,#6359,#8611,.T.);
#8611 = LINE('',#8612,#8613);
#8612 = CARTESIAN_POINT('',(197.,-80.648,0.));
#8613 = VECTOR('',#8614,1.);
#8614 = DIRECTION('',(0.,0.,1.));
#8615 = ORIENTED_EDGE('',*,*,#2719,.F.);
#8616 = PLANE('',#8617);
#8617 = AXIS2_PLACEMENT_3D('',#8618,#8619,#8620);
#8618 = CARTESIAN_POINT('',(197.,-79.771,0.));
#8619 = DIRECTION('',(1.,0.,-0.));
#8620 = DIRECTION('',(0.,-1.,0.));
#8621 = ADVANCED_FACE('',(#8622),#8633,.T.);
#8622 = FACE_BOUND('',#8623,.T.);
#8623 = EDGE_LOOP('',(#8624,#8630,#8631,#8632));
#8624 = ORIENTED_EDGE('',*,*,#8625,.T.);
#8625 = EDGE_CURVE('',#424,#4071,#8626,.T.);
#8626 = LINE('',#8627,#8628);
#8627 = CARTESIAN_POINT('',(145.294,-54.,0.));
#8628 = VECTOR('',#8629,1.);
#8629 = DIRECTION('',(0.,0.,1.));
#8630 = ORIENTED_EDGE('',*,*,#4070,.T.);
#8631 = ORIENTED_EDGE('',*,*,#8591,.F.);
#8632 = ORIENTED_EDGE('',*,*,#423,.F.);
#8633 = PLANE('',#8634);
#8634 = AXIS2_PLACEMENT_3D('',#8635,#8636,#8637);
#8635 = CARTESIAN_POINT('',(145.294,-54.,0.));
#8636 = DIRECTION('',(0.,1.,0.));
#8637 = DIRECTION('',(1.,0.,0.));
#8638 = ADVANCED_FACE('',(#8639),#8650,.T.);
#8639 = FACE_BOUND('',#8640,.T.);
#8640 = EDGE_LOOP('',(#8641,#8642,#8643,#8649));
#8641 = ORIENTED_EDGE('',*,*,#8610,.T.);
#8642 = ORIENTED_EDGE('',*,*,#6358,.T.);
#8643 = ORIENTED_EDGE('',*,*,#8644,.F.);
#8644 = EDGE_CURVE('',#2704,#6351,#8645,.T.);
#8645 = LINE('',#8646,#8647);
#8646 = CARTESIAN_POINT('',(197.,-81.531,0.));
#8647 = VECTOR('',#8648,1.);
#8648 = DIRECTION('',(0.,0.,1.));
#8649 = ORIENTED_EDGE('',*,*,#2711,.F.);
#8650 = PLANE('',#8651);
#8651 = AXIS2_PLACEMENT_3D('',#8652,#8653,#8654);
#8652 = CARTESIAN_POINT('',(197.,-80.648,0.));
#8653 = DIRECTION('',(1.,0.,-0.));
#8654 = DIRECTION('',(0.,-1.,0.));
#8655 = ADVANCED_FACE('',(#8656),#8667,.T.);
#8656 = FACE_BOUND('',#8657,.T.);
#8657 = EDGE_LOOP('',(#8658,#8664,#8665,#8666));
#8658 = ORIENTED_EDGE('',*,*,#8659,.T.);
#8659 = EDGE_CURVE('',#432,#4079,#8660,.T.);
#8660 = LINE('',#8661,#8662);
#8661 = CARTESIAN_POINT('',(144.355,-54.,0.));
#8662 = VECTOR('',#8663,1.);
#8663 = DIRECTION('',(0.,0.,1.));
#8664 = ORIENTED_EDGE('',*,*,#4078,.T.);
#8665 = ORIENTED_EDGE('',*,*,#8625,.F.);
#8666 = ORIENTED_EDGE('',*,*,#431,.F.);
#8667 = PLANE('',#8668);
#8668 = AXIS2_PLACEMENT_3D('',#8669,#8670,#8671);
#8669 = CARTESIAN_POINT('',(144.355,-54.,0.));
#8670 = DIRECTION('',(0.,1.,0.));
#8671 = DIRECTION('',(1.,0.,0.));
#8672 = ADVANCED_FACE('',(#8673),#8684,.T.);
#8673 = FACE_BOUND('',#8674,.T.);
#8674 = EDGE_LOOP('',(#8675,#8676,#8677,#8683));
#8675 = ORIENTED_EDGE('',*,*,#8644,.T.);
#8676 = ORIENTED_EDGE('',*,*,#6350,.T.);
#8677 = ORIENTED_EDGE('',*,*,#8678,.F.);
#8678 = EDGE_CURVE('',#2696,#6343,#8679,.T.);
#8679 = LINE('',#8680,#8681);
#8680 = CARTESIAN_POINT('',(197.,-82.419,0.));
#8681 = VECTOR('',#8682,1.);
#8682 = DIRECTION('',(0.,0.,1.));
#8683 = ORIENTED_EDGE('',*,*,#2703,.F.);
#8684 = PLANE('',#8685);
#8685 = AXIS2_PLACEMENT_3D('',#8686,#8687,#8688);
#8686 = CARTESIAN_POINT('',(197.,-81.531,0.));
#8687 = DIRECTION('',(1.,0.,-0.));
#8688 = DIRECTION('',(0.,-1.,0.));
#8689 = ADVANCED_FACE('',(#8690),#8701,.T.);
#8690 = FACE_BOUND('',#8691,.T.);
#8691 = EDGE_LOOP('',(#8692,#8698,#8699,#8700));
#8692 = ORIENTED_EDGE('',*,*,#8693,.T.);
#8693 = EDGE_CURVE('',#440,#4087,#8694,.T.);
#8694 = LINE('',#8695,#8696);
#8695 = CARTESIAN_POINT('',(143.419,-54.,0.));
#8696 = VECTOR('',#8697,1.);
#8697 = DIRECTION('',(0.,0.,1.));
#8698 = ORIENTED_EDGE('',*,*,#4086,.T.);
#8699 = ORIENTED_EDGE('',*,*,#8659,.F.);
#8700 = ORIENTED_EDGE('',*,*,#439,.F.);
#8701 = PLANE('',#8702);
#8702 = AXIS2_PLACEMENT_3D('',#8703,#8704,#8705);
#8703 = CARTESIAN_POINT('',(143.419,-54.,0.));
#8704 = DIRECTION('',(0.,1.,0.));
#8705 = DIRECTION('',(1.,0.,0.));
#8706 = ADVANCED_FACE('',(#8707),#8718,.T.);
#8707 = FACE_BOUND('',#8708,.T.);
#8708 = EDGE_LOOP('',(#8709,#8710,#8711,#8717));
#8709 = ORIENTED_EDGE('',*,*,#8678,.T.);
#8710 = ORIENTED_EDGE('',*,*,#6342,.T.);
#8711 = ORIENTED_EDGE('',*,*,#8712,.F.);
#8712 = EDGE_CURVE('',#2688,#6335,#8713,.T.);
#8713 = LINE('',#8714,#8715);
#8714 = CARTESIAN_POINT('',(197.,-83.313,0.));
#8715 = VECTOR('',#8716,1.);
#8716 = DIRECTION('',(0.,0.,1.));
#8717 = ORIENTED_EDGE('',*,*,#2695,.F.);
#8718 = PLANE('',#8719);
#8719 = AXIS2_PLACEMENT_3D('',#8720,#8721,#8722);
#8720 = CARTESIAN_POINT('',(197.,-82.419,0.));
#8721 = DIRECTION('',(1.,0.,-0.));
#8722 = DIRECTION('',(0.,-1.,0.));
#8723 = ADVANCED_FACE('',(#8724),#8735,.T.);
#8724 = FACE_BOUND('',#8725,.T.);
#8725 = EDGE_LOOP('',(#8726,#8732,#8733,#8734));
#8726 = ORIENTED_EDGE('',*,*,#8727,.T.);
#8727 = EDGE_CURVE('',#448,#4095,#8728,.T.);
#8728 = LINE('',#8729,#8730);
#8729 = CARTESIAN_POINT('',(142.485,-54.,0.));
#8730 = VECTOR('',#8731,1.);
#8731 = DIRECTION('',(0.,0.,1.));
#8732 = ORIENTED_EDGE('',*,*,#4094,.T.);
#8733 = ORIENTED_EDGE('',*,*,#8693,.F.);
#8734 = ORIENTED_EDGE('',*,*,#447,.F.);
#8735 = PLANE('',#8736);
#8736 = AXIS2_PLACEMENT_3D('',#8737,#8738,#8739);
#8737 = CARTESIAN_POINT('',(142.485,-54.,0.));
#8738 = DIRECTION('',(0.,1.,0.));
#8739 = DIRECTION('',(1.,0.,0.));
#8740 = ADVANCED_FACE('',(#8741),#8752,.T.);
#8741 = FACE_BOUND('',#8742,.T.);
#8742 = EDGE_LOOP('',(#8743,#8744,#8745,#8751));
#8743 = ORIENTED_EDGE('',*,*,#8712,.T.);
#8744 = ORIENTED_EDGE('',*,*,#6334,.T.);
#8745 = ORIENTED_EDGE('',*,*,#8746,.F.);
#8746 = EDGE_CURVE('',#2680,#6327,#8747,.T.);
#8747 = LINE('',#8748,#8749);
#8748 = CARTESIAN_POINT('',(197.,-84.212,0.));
#8749 = VECTOR('',#8750,1.);
#8750 = DIRECTION('',(0.,0.,1.));
#8751 = ORIENTED_EDGE('',*,*,#2687,.F.);
#8752 = PLANE('',#8753);
#8753 = AXIS2_PLACEMENT_3D('',#8754,#8755,#8756);
#8754 = CARTESIAN_POINT('',(197.,-83.313,0.));
#8755 = DIRECTION('',(1.,0.,-0.));
#8756 = DIRECTION('',(0.,-1.,0.));
#8757 = ADVANCED_FACE('',(#8758),#8769,.T.);
#8758 = FACE_BOUND('',#8759,.T.);
#8759 = EDGE_LOOP('',(#8760,#8766,#8767,#8768));
#8760 = ORIENTED_EDGE('',*,*,#8761,.T.);
#8761 = EDGE_CURVE('',#456,#4103,#8762,.T.);
#8762 = LINE('',#8763,#8764);
#8763 = CARTESIAN_POINT('',(141.553,-54.,0.));
#8764 = VECTOR('',#8765,1.);
#8765 = DIRECTION('',(0.,0.,1.));
#8766 = ORIENTED_EDGE('',*,*,#4102,.T.);
#8767 = ORIENTED_EDGE('',*,*,#8727,.F.);
#8768 = ORIENTED_EDGE('',*,*,#455,.F.);
#8769 = PLANE('',#8770);
#8770 = AXIS2_PLACEMENT_3D('',#8771,#8772,#8773);
#8771 = CARTESIAN_POINT('',(141.553,-54.,0.));
#8772 = DIRECTION('',(0.,1.,0.));
#8773 = DIRECTION('',(1.,0.,0.));
#8774 = ADVANCED_FACE('',(#8775),#8786,.T.);
#8775 = FACE_BOUND('',#8776,.T.);
#8776 = EDGE_LOOP('',(#8777,#8778,#8779,#8785));
#8777 = ORIENTED_EDGE('',*,*,#8746,.T.);
#8778 = ORIENTED_EDGE('',*,*,#6326,.T.);
#8779 = ORIENTED_EDGE('',*,*,#8780,.F.);
#8780 = EDGE_CURVE('',#2672,#6319,#8781,.T.);
#8781 = LINE('',#8782,#8783);
#8782 = CARTESIAN_POINT('',(197.,-85.116,0.));
#8783 = VECTOR('',#8784,1.);
#8784 = DIRECTION('',(0.,0.,1.));
#8785 = ORIENTED_EDGE('',*,*,#2679,.F.);
#8786 = PLANE('',#8787);
#8787 = AXIS2_PLACEMENT_3D('',#8788,#8789,#8790);
#8788 = CARTESIAN_POINT('',(197.,-84.212,0.));
#8789 = DIRECTION('',(1.,0.,-0.));
#8790 = DIRECTION('',(0.,-1.,0.));
#8791 = ADVANCED_FACE('',(#8792),#8803,.T.);
#8792 = FACE_BOUND('',#8793,.T.);
#8793 = EDGE_LOOP('',(#8794,#8800,#8801,#8802));
#8794 = ORIENTED_EDGE('',*,*,#8795,.T.);
#8795 = EDGE_CURVE('',#464,#4111,#8796,.T.);
#8796 = LINE('',#8797,#8798);
#8797 = CARTESIAN_POINT('',(140.623,-54.,0.));
#8798 = VECTOR('',#8799,1.);
#8799 = DIRECTION('',(0.,0.,1.));
#8800 = ORIENTED_EDGE('',*,*,#4110,.T.);
#8801 = ORIENTED_EDGE('',*,*,#8761,.F.);
#8802 = ORIENTED_EDGE('',*,*,#463,.F.);
#8803 = PLANE('',#8804);
#8804 = AXIS2_PLACEMENT_3D('',#8805,#8806,#8807);
#8805 = CARTESIAN_POINT('',(140.623,-54.,0.));
#8806 = DIRECTION('',(0.,1.,0.));
#8807 = DIRECTION('',(1.,0.,0.));
#8808 = ADVANCED_FACE('',(#8809),#8820,.T.);
#8809 = FACE_BOUND('',#8810,.T.);
#8810 = EDGE_LOOP('',(#8811,#8812,#8813,#8819));
#8811 = ORIENTED_EDGE('',*,*,#8780,.T.);
#8812 = ORIENTED_EDGE('',*,*,#6318,.T.);
#8813 = ORIENTED_EDGE('',*,*,#8814,.F.);
#8814 = EDGE_CURVE('',#2664,#6311,#8815,.T.);
#8815 = LINE('',#8816,#8817);
#8816 = CARTESIAN_POINT('',(197.,-86.024,0.));
#8817 = VECTOR('',#8818,1.);
#8818 = DIRECTION('',(0.,0.,1.));
#8819 = ORIENTED_EDGE('',*,*,#2671,.F.);
#8820 = PLANE('',#8821);
#8821 = AXIS2_PLACEMENT_3D('',#8822,#8823,#8824);
#8822 = CARTESIAN_POINT('',(197.,-85.116,0.));
#8823 = DIRECTION('',(1.,0.,-0.));
#8824 = DIRECTION('',(0.,-1.,0.));
#8825 = ADVANCED_FACE('',(#8826),#8837,.T.);
#8826 = FACE_BOUND('',#8827,.T.);
#8827 = EDGE_LOOP('',(#8828,#8834,#8835,#8836));
#8828 = ORIENTED_EDGE('',*,*,#8829,.T.);
#8829 = EDGE_CURVE('',#472,#4119,#8830,.T.);
#8830 = LINE('',#8831,#8832);
#8831 = CARTESIAN_POINT('',(139.696,-54.,0.));
#8832 = VECTOR('',#8833,1.);
#8833 = DIRECTION('',(0.,0.,1.));
#8834 = ORIENTED_EDGE('',*,*,#4118,.T.);
#8835 = ORIENTED_EDGE('',*,*,#8795,.F.);
#8836 = ORIENTED_EDGE('',*,*,#471,.F.);
#8837 = PLANE('',#8838);
#8838 = AXIS2_PLACEMENT_3D('',#8839,#8840,#8841);
#8839 = CARTESIAN_POINT('',(139.696,-54.,0.));
#8840 = DIRECTION('',(0.,1.,0.));
#8841 = DIRECTION('',(1.,0.,0.));
#8842 = ADVANCED_FACE('',(#8843),#8854,.T.);
#8843 = FACE_BOUND('',#8844,.T.);
#8844 = EDGE_LOOP('',(#8845,#8846,#8847,#8853));
#8845 = ORIENTED_EDGE('',*,*,#8814,.T.);
#8846 = ORIENTED_EDGE('',*,*,#6310,.T.);
#8847 = ORIENTED_EDGE('',*,*,#8848,.F.);
#8848 = EDGE_CURVE('',#2656,#6303,#8849,.T.);
#8849 = LINE('',#8850,#8851);
#8850 = CARTESIAN_POINT('',(197.,-86.936,0.));
#8851 = VECTOR('',#8852,1.);
#8852 = DIRECTION('',(0.,0.,1.));
#8853 = ORIENTED_EDGE('',*,*,#2663,.F.);
#8854 = PLANE('',#8855);
#8855 = AXIS2_PLACEMENT_3D('',#8856,#8857,#8858);
#8856 = CARTESIAN_POINT('',(197.,-86.024,0.));
#8857 = DIRECTION('',(1.,0.,-0.));
#8858 = DIRECTION('',(0.,-1.,0.));
#8859 = ADVANCED_FACE('',(#8860),#8871,.T.);
#8860 = FACE_BOUND('',#8861,.T.);
#8861 = EDGE_LOOP('',(#8862,#8868,#8869,#8870));
#8862 = ORIENTED_EDGE('',*,*,#8863,.T.);
#8863 = EDGE_CURVE('',#480,#4127,#8864,.T.);
#8864 = LINE('',#8865,#8866);
#8865 = CARTESIAN_POINT('',(138.773,-54.,0.));
#8866 = VECTOR('',#8867,1.);
#8867 = DIRECTION('',(0.,0.,1.));
#8868 = ORIENTED_EDGE('',*,*,#4126,.T.);
#8869 = ORIENTED_EDGE('',*,*,#8829,.F.);
#8870 = ORIENTED_EDGE('',*,*,#479,.F.);
#8871 = PLANE('',#8872);
#8872 = AXIS2_PLACEMENT_3D('',#8873,#8874,#8875);
#8873 = CARTESIAN_POINT('',(138.773,-54.,0.));
#8874 = DIRECTION('',(0.,1.,0.));
#8875 = DIRECTION('',(1.,0.,0.));
#8876 = ADVANCED_FACE('',(#8877),#8888,.T.);
#8877 = FACE_BOUND('',#8878,.T.);
#8878 = EDGE_LOOP('',(#8879,#8880,#8881,#8887));
#8879 = ORIENTED_EDGE('',*,*,#8848,.T.);
#8880 = ORIENTED_EDGE('',*,*,#6302,.T.);
#8881 = ORIENTED_EDGE('',*,*,#8882,.F.);
#8882 = EDGE_CURVE('',#2648,#6295,#8883,.T.);
#8883 = LINE('',#8884,#8885);
#8884 = CARTESIAN_POINT('',(197.,-87.853,0.));
#8885 = VECTOR('',#8886,1.);
#8886 = DIRECTION('',(0.,0.,1.));
#8887 = ORIENTED_EDGE('',*,*,#2655,.F.);
#8888 = PLANE('',#8889);
#8889 = AXIS2_PLACEMENT_3D('',#8890,#8891,#8892);
#8890 = CARTESIAN_POINT('',(197.,-86.936,0.));
#8891 = DIRECTION('',(1.,0.,-0.));
#8892 = DIRECTION('',(0.,-1.,0.));
#8893 = ADVANCED_FACE('',(#8894),#8905,.T.);
#8894 = FACE_BOUND('',#8895,.T.);
#8895 = EDGE_LOOP('',(#8896,#8902,#8903,#8904));
#8896 = ORIENTED_EDGE('',*,*,#8897,.T.);
#8897 = EDGE_CURVE('',#488,#4135,#8898,.T.);
#8898 = LINE('',#8899,#8900);
#8899 = CARTESIAN_POINT('',(137.853,-54.,0.));
#8900 = VECTOR('',#8901,1.);
#8901 = DIRECTION('',(0.,0.,1.));
#8902 = ORIENTED_EDGE('',*,*,#4134,.T.);
#8903 = ORIENTED_EDGE('',*,*,#8863,.F.);
#8904 = ORIENTED_EDGE('',*,*,#487,.F.);
#8905 = PLANE('',#8906);
#8906 = AXIS2_PLACEMENT_3D('',#8907,#8908,#8909);
#8907 = CARTESIAN_POINT('',(137.853,-54.,0.));
#8908 = DIRECTION('',(0.,1.,0.));
#8909 = DIRECTION('',(1.,0.,0.));
#8910 = ADVANCED_FACE('',(#8911),#8922,.T.);
#8911 = FACE_BOUND('',#8912,.T.);
#8912 = EDGE_LOOP('',(#8913,#8914,#8915,#8921));
#8913 = ORIENTED_EDGE('',*,*,#8882,.T.);
#8914 = ORIENTED_EDGE('',*,*,#6294,.T.);
#8915 = ORIENTED_EDGE('',*,*,#8916,.F.);
#8916 = EDGE_CURVE('',#2640,#6287,#8917,.T.);
#8917 = LINE('',#8918,#8919);
#8918 = CARTESIAN_POINT('',(197.,-88.773,0.));
#8919 = VECTOR('',#8920,1.);
#8920 = DIRECTION('',(0.,0.,1.));
#8921 = ORIENTED_EDGE('',*,*,#2647,.F.);
#8922 = PLANE('',#8923);
#8923 = AXIS2_PLACEMENT_3D('',#8924,#8925,#8926);
#8924 = CARTESIAN_POINT('',(197.,-87.853,0.));
#8925 = DIRECTION('',(1.,0.,-0.));
#8926 = DIRECTION('',(0.,-1.,0.));
#8927 = ADVANCED_FACE('',(#8928),#8939,.T.);
#8928 = FACE_BOUND('',#8929,.T.);
#8929 = EDGE_LOOP('',(#8930,#8936,#8937,#8938));
#8930 = ORIENTED_EDGE('',*,*,#8931,.T.);
#8931 = EDGE_CURVE('',#496,#4143,#8932,.T.);
#8932 = LINE('',#8933,#8934);
#8933 = CARTESIAN_POINT('',(136.936,-54.,0.));
#8934 = VECTOR('',#8935,1.);
#8935 = DIRECTION('',(0.,0.,1.));
#8936 = ORIENTED_EDGE('',*,*,#4142,.T.);
#8937 = ORIENTED_EDGE('',*,*,#8897,.F.);
#8938 = ORIENTED_EDGE('',*,*,#495,.F.);
#8939 = PLANE('',#8940);
#8940 = AXIS2_PLACEMENT_3D('',#8941,#8942,#8943);
#8941 = CARTESIAN_POINT('',(136.936,-54.,0.));
#8942 = DIRECTION('',(0.,1.,0.));
#8943 = DIRECTION('',(1.,0.,0.));
#8944 = ADVANCED_FACE('',(#8945),#8956,.T.);
#8945 = FACE_BOUND('',#8946,.T.);
#8946 = EDGE_LOOP('',(#8947,#8948,#8949,#8955));
#8947 = ORIENTED_EDGE('',*,*,#8916,.T.);
#8948 = ORIENTED_EDGE('',*,*,#6286,.T.);
#8949 = ORIENTED_EDGE('',*,*,#8950,.F.);
#8950 = EDGE_CURVE('',#2632,#6279,#8951,.T.);
#8951 = LINE('',#8952,#8953);
#8952 = CARTESIAN_POINT('',(197.,-89.696,0.));
#8953 = VECTOR('',#8954,1.);
#8954 = DIRECTION('',(0.,0.,1.));
#8955 = ORIENTED_EDGE('',*,*,#2639,.F.);
#8956 = PLANE('',#8957);
#8957 = AXIS2_PLACEMENT_3D('',#8958,#8959,#8960);
#8958 = CARTESIAN_POINT('',(197.,-88.773,0.));
#8959 = DIRECTION('',(1.,0.,-0.));
#8960 = DIRECTION('',(0.,-1.,0.));
#8961 = ADVANCED_FACE('',(#8962),#8973,.T.);
#8962 = FACE_BOUND('',#8963,.T.);
#8963 = EDGE_LOOP('',(#8964,#8970,#8971,#8972));
#8964 = ORIENTED_EDGE('',*,*,#8965,.T.);
#8965 = EDGE_CURVE('',#504,#4151,#8966,.T.);
#8966 = LINE('',#8967,#8968);
#8967 = CARTESIAN_POINT('',(136.024,-54.,0.));
#8968 = VECTOR('',#8969,1.);
#8969 = DIRECTION('',(0.,0.,1.));
#8970 = ORIENTED_EDGE('',*,*,#4150,.T.);
#8971 = ORIENTED_EDGE('',*,*,#8931,.F.);
#8972 = ORIENTED_EDGE('',*,*,#503,.F.);
#8973 = PLANE('',#8974);
#8974 = AXIS2_PLACEMENT_3D('',#8975,#8976,#8977);
#8975 = CARTESIAN_POINT('',(136.024,-54.,0.));
#8976 = DIRECTION('',(0.,1.,0.));
#8977 = DIRECTION('',(1.,0.,0.));
#8978 = ADVANCED_FACE('',(#8979),#8990,.T.);
#8979 = FACE_BOUND('',#8980,.T.);
#8980 = EDGE_LOOP('',(#8981,#8982,#8983,#8989));
#8981 = ORIENTED_EDGE('',*,*,#8950,.T.);
#8982 = ORIENTED_EDGE('',*,*,#6278,.T.);
#8983 = ORIENTED_EDGE('',*,*,#8984,.F.);
#8984 = EDGE_CURVE('',#2624,#6271,#8985,.T.);
#8985 = LINE('',#8986,#8987);
#8986 = CARTESIAN_POINT('',(197.,-90.623,0.));
#8987 = VECTOR('',#8988,1.);
#8988 = DIRECTION('',(0.,0.,1.));
#8989 = ORIENTED_EDGE('',*,*,#2631,.F.);
#8990 = PLANE('',#8991);
#8991 = AXIS2_PLACEMENT_3D('',#8992,#8993,#8994);
#8992 = CARTESIAN_POINT('',(197.,-89.696,0.));
#8993 = DIRECTION('',(1.,0.,-0.));
#8994 = DIRECTION('',(0.,-1.,0.));
#8995 = ADVANCED_FACE('',(#8996),#9007,.T.);
#8996 = FACE_BOUND('',#8997,.T.);
#8997 = EDGE_LOOP('',(#8998,#9004,#9005,#9006));
#8998 = ORIENTED_EDGE('',*,*,#8999,.T.);
#8999 = EDGE_CURVE('',#512,#4159,#9000,.T.);
#9000 = LINE('',#9001,#9002);
#9001 = CARTESIAN_POINT('',(135.116,-54.,0.));
#9002 = VECTOR('',#9003,1.);
#9003 = DIRECTION('',(0.,0.,1.));
#9004 = ORIENTED_EDGE('',*,*,#4158,.T.);
#9005 = ORIENTED_EDGE('',*,*,#8965,.F.);
#9006 = ORIENTED_EDGE('',*,*,#511,.F.);
#9007 = PLANE('',#9008);
#9008 = AXIS2_PLACEMENT_3D('',#9009,#9010,#9011);
#9009 = CARTESIAN_POINT('',(135.116,-54.,0.));
#9010 = DIRECTION('',(0.,1.,0.));
#9011 = DIRECTION('',(1.,0.,0.));
#9012 = ADVANCED_FACE('',(#9013),#9024,.T.);
#9013 = FACE_BOUND('',#9014,.T.);
#9014 = EDGE_LOOP('',(#9015,#9016,#9017,#9023));
#9015 = ORIENTED_EDGE('',*,*,#8984,.T.);
#9016 = ORIENTED_EDGE('',*,*,#6270,.T.);
#9017 = ORIENTED_EDGE('',*,*,#9018,.F.);
#9018 = EDGE_CURVE('',#2616,#6263,#9019,.T.);
#9019 = LINE('',#9020,#9021);
#9020 = CARTESIAN_POINT('',(197.,-91.553,0.));
#9021 = VECTOR('',#9022,1.);
#9022 = DIRECTION('',(0.,0.,1.));
#9023 = ORIENTED_EDGE('',*,*,#2623,.F.);
#9024 = PLANE('',#9025);
#9025 = AXIS2_PLACEMENT_3D('',#9026,#9027,#9028);
#9026 = CARTESIAN_POINT('',(197.,-90.623,0.));
#9027 = DIRECTION('',(1.,0.,-0.));
#9028 = DIRECTION('',(0.,-1.,0.));
#9029 = ADVANCED_FACE('',(#9030),#9041,.T.);
#9030 = FACE_BOUND('',#9031,.T.);
#9031 = EDGE_LOOP('',(#9032,#9038,#9039,#9040));
#9032 = ORIENTED_EDGE('',*,*,#9033,.T.);
#9033 = EDGE_CURVE('',#520,#4167,#9034,.T.);
#9034 = LINE('',#9035,#9036);
#9035 = CARTESIAN_POINT('',(134.211999,-54.,0.));
#9036 = VECTOR('',#9037,1.);
#9037 = DIRECTION('',(0.,0.,1.));
#9038 = ORIENTED_EDGE('',*,*,#4166,.T.);
#9039 = ORIENTED_EDGE('',*,*,#8999,.F.);
#9040 = ORIENTED_EDGE('',*,*,#519,.F.);
#9041 = PLANE('',#9042);
#9042 = AXIS2_PLACEMENT_3D('',#9043,#9044,#9045);
#9043 = CARTESIAN_POINT('',(134.211999,-54.,0.));
#9044 = DIRECTION('',(0.,1.,0.));
#9045 = DIRECTION('',(1.,0.,0.));
#9046 = ADVANCED_FACE('',(#9047),#9058,.T.);
#9047 = FACE_BOUND('',#9048,.T.);
#9048 = EDGE_LOOP('',(#9049,#9050,#9051,#9057));
#9049 = ORIENTED_EDGE('',*,*,#9018,.T.);
#9050 = ORIENTED_EDGE('',*,*,#6262,.T.);
#9051 = ORIENTED_EDGE('',*,*,#9052,.F.);
#9052 = EDGE_CURVE('',#2608,#6255,#9053,.T.);
#9053 = LINE('',#9054,#9055);
#9054 = CARTESIAN_POINT('',(197.,-92.485,0.));
#9055 = VECTOR('',#9056,1.);
#9056 = DIRECTION('',(0.,0.,1.));
#9057 = ORIENTED_EDGE('',*,*,#2615,.F.);
#9058 = PLANE('',#9059);
#9059 = AXIS2_PLACEMENT_3D('',#9060,#9061,#9062);
#9060 = CARTESIAN_POINT('',(197.,-91.553,0.));
#9061 = DIRECTION('',(1.,0.,-0.));
#9062 = DIRECTION('',(0.,-1.,0.));
#9063 = ADVANCED_FACE('',(#9064),#9075,.T.);
#9064 = FACE_BOUND('',#9065,.T.);
#9065 = EDGE_LOOP('',(#9066,#9072,#9073,#9074));
#9066 = ORIENTED_EDGE('',*,*,#9067,.T.);
#9067 = EDGE_CURVE('',#528,#4175,#9068,.T.);
#9068 = LINE('',#9069,#9070);
#9069 = CARTESIAN_POINT('',(133.312999,-54.,0.));
#9070 = VECTOR('',#9071,1.);
#9071 = DIRECTION('',(0.,0.,1.));
#9072 = ORIENTED_EDGE('',*,*,#4174,.T.);
#9073 = ORIENTED_EDGE('',*,*,#9033,.F.);
#9074 = ORIENTED_EDGE('',*,*,#527,.F.);
#9075 = PLANE('',#9076);
#9076 = AXIS2_PLACEMENT_3D('',#9077,#9078,#9079);
#9077 = CARTESIAN_POINT('',(133.312999,-54.,0.));
#9078 = DIRECTION('',(0.,1.,0.));
#9079 = DIRECTION('',(1.,0.,0.));
#9080 = ADVANCED_FACE('',(#9081),#9092,.T.);
#9081 = FACE_BOUND('',#9082,.T.);
#9082 = EDGE_LOOP('',(#9083,#9084,#9085,#9091));
#9083 = ORIENTED_EDGE('',*,*,#9052,.T.);
#9084 = ORIENTED_EDGE('',*,*,#6254,.T.);
#9085 = ORIENTED_EDGE('',*,*,#9086,.F.);
#9086 = EDGE_CURVE('',#2600,#6247,#9087,.T.);
#9087 = LINE('',#9088,#9089);
#9088 = CARTESIAN_POINT('',(197.,-93.419,0.));
#9089 = VECTOR('',#9090,1.);
#9090 = DIRECTION('',(0.,0.,1.));
#9091 = ORIENTED_EDGE('',*,*,#2607,.F.);
#9092 = PLANE('',#9093);
#9093 = AXIS2_PLACEMENT_3D('',#9094,#9095,#9096);
#9094 = CARTESIAN_POINT('',(197.,-92.485,0.));
#9095 = DIRECTION('',(1.,0.,-0.));
#9096 = DIRECTION('',(0.,-1.,0.));
#9097 = ADVANCED_FACE('',(#9098),#9109,.T.);
#9098 = FACE_BOUND('',#9099,.T.);
#9099 = EDGE_LOOP('',(#9100,#9106,#9107,#9108));
#9100 = ORIENTED_EDGE('',*,*,#9101,.T.);
#9101 = EDGE_CURVE('',#536,#4183,#9102,.T.);
#9102 = LINE('',#9103,#9104);
#9103 = CARTESIAN_POINT('',(132.419,-54.,0.));
#9104 = VECTOR('',#9105,1.);
#9105 = DIRECTION('',(0.,0.,1.));
#9106 = ORIENTED_EDGE('',*,*,#4182,.T.);
#9107 = ORIENTED_EDGE('',*,*,#9067,.F.);
#9108 = ORIENTED_EDGE('',*,*,#535,.F.);
#9109 = PLANE('',#9110);
#9110 = AXIS2_PLACEMENT_3D('',#9111,#9112,#9113);
#9111 = CARTESIAN_POINT('',(132.419,-54.,0.));
#9112 = DIRECTION('',(0.,1.,0.));
#9113 = DIRECTION('',(1.,0.,0.));
#9114 = ADVANCED_FACE('',(#9115),#9126,.T.);
#9115 = FACE_BOUND('',#9116,.T.);
#9116 = EDGE_LOOP('',(#9117,#9118,#9119,#9125));
#9117 = ORIENTED_EDGE('',*,*,#9086,.T.);
#9118 = ORIENTED_EDGE('',*,*,#6246,.T.);
#9119 = ORIENTED_EDGE('',*,*,#9120,.F.);
#9120 = EDGE_CURVE('',#2592,#6239,#9121,.T.);
#9121 = LINE('',#9122,#9123);
#9122 = CARTESIAN_POINT('',(197.,-94.355,0.));
#9123 = VECTOR('',#9124,1.);
#9124 = DIRECTION('',(0.,0.,1.));
#9125 = ORIENTED_EDGE('',*,*,#2599,.F.);
#9126 = PLANE('',#9127);
#9127 = AXIS2_PLACEMENT_3D('',#9128,#9129,#9130);
#9128 = CARTESIAN_POINT('',(197.,-93.419,0.));
#9129 = DIRECTION('',(1.,0.,-0.));
#9130 = DIRECTION('',(0.,-1.,0.));
#9131 = ADVANCED_FACE('',(#9132),#9143,.T.);
#9132 = FACE_BOUND('',#9133,.T.);
#9133 = EDGE_LOOP('',(#9134,#9140,#9141,#9142));
#9134 = ORIENTED_EDGE('',*,*,#9135,.T.);
#9135 = EDGE_CURVE('',#544,#4191,#9136,.T.);
#9136 = LINE('',#9137,#9138);
#9137 = CARTESIAN_POINT('',(131.531,-54.,0.));
#9138 = VECTOR('',#9139,1.);
#9139 = DIRECTION('',(0.,0.,1.));
#9140 = ORIENTED_EDGE('',*,*,#4190,.T.);
#9141 = ORIENTED_EDGE('',*,*,#9101,.F.);
#9142 = ORIENTED_EDGE('',*,*,#543,.F.);
#9143 = PLANE('',#9144);
#9144 = AXIS2_PLACEMENT_3D('',#9145,#9146,#9147);
#9145 = CARTESIAN_POINT('',(131.531,-54.,0.));
#9146 = DIRECTION('',(0.,1.,0.));
#9147 = DIRECTION('',(1.,0.,0.));
#9148 = ADVANCED_FACE('',(#9149),#9160,.T.);
#9149 = FACE_BOUND('',#9150,.T.);
#9150 = EDGE_LOOP('',(#9151,#9152,#9153,#9159));
#9151 = ORIENTED_EDGE('',*,*,#9120,.T.);
#9152 = ORIENTED_EDGE('',*,*,#6238,.T.);
#9153 = ORIENTED_EDGE('',*,*,#9154,.F.);
#9154 = EDGE_CURVE('',#2584,#6231,#9155,.T.);
#9155 = LINE('',#9156,#9157);
#9156 = CARTESIAN_POINT('',(197.,-95.294,0.));
#9157 = VECTOR('',#9158,1.);
#9158 = DIRECTION('',(0.,0.,1.));
#9159 = ORIENTED_EDGE('',*,*,#2591,.F.);
#9160 = PLANE('',#9161);
#9161 = AXIS2_PLACEMENT_3D('',#9162,#9163,#9164);
#9162 = CARTESIAN_POINT('',(197.,-94.355,0.));
#9163 = DIRECTION('',(1.,0.,-0.));
#9164 = DIRECTION('',(0.,-1.,0.));
#9165 = ADVANCED_FACE('',(#9166),#9177,.T.);
#9166 = FACE_BOUND('',#9167,.T.);
#9167 = EDGE_LOOP('',(#9168,#9174,#9175,#9176));
#9168 = ORIENTED_EDGE('',*,*,#9169,.T.);
#9169 = EDGE_CURVE('',#552,#4199,#9170,.T.);
#9170 = LINE('',#9171,#9172);
#9171 = CARTESIAN_POINT('',(130.648,-54.,0.));
#9172 = VECTOR('',#9173,1.);
#9173 = DIRECTION('',(0.,0.,1.));
#9174 = ORIENTED_EDGE('',*,*,#4198,.T.);
#9175 = ORIENTED_EDGE('',*,*,#9135,.F.);
#9176 = ORIENTED_EDGE('',*,*,#551,.F.);
#9177 = PLANE('',#9178);
#9178 = AXIS2_PLACEMENT_3D('',#9179,#9180,#9181);
#9179 = CARTESIAN_POINT('',(130.648,-54.,0.));
#9180 = DIRECTION('',(0.,1.,0.));
#9181 = DIRECTION('',(1.,0.,0.));
#9182 = ADVANCED_FACE('',(#9183),#9194,.T.);
#9183 = FACE_BOUND('',#9184,.T.);
#9184 = EDGE_LOOP('',(#9185,#9186,#9187,#9193));
#9185 = ORIENTED_EDGE('',*,*,#9154,.T.);
#9186 = ORIENTED_EDGE('',*,*,#6230,.T.);
#9187 = ORIENTED_EDGE('',*,*,#9188,.F.);
#9188 = EDGE_CURVE('',#2576,#6223,#9189,.T.);
#9189 = LINE('',#9190,#9191);
#9190 = CARTESIAN_POINT('',(197.,-96.233,0.));
#9191 = VECTOR('',#9192,1.);
#9192 = DIRECTION('',(0.,0.,1.));
#9193 = ORIENTED_EDGE('',*,*,#2583,.F.);
#9194 = PLANE('',#9195);
#9195 = AXIS2_PLACEMENT_3D('',#9196,#9197,#9198);
#9196 = CARTESIAN_POINT('',(197.,-95.294,0.));
#9197 = DIRECTION('',(1.,0.,-0.));
#9198 = DIRECTION('',(0.,-1.,0.));
#9199 = ADVANCED_FACE('',(#9200),#9211,.T.);
#9200 = FACE_BOUND('',#9201,.T.);
#9201 = EDGE_LOOP('',(#9202,#9208,#9209,#9210));
#9202 = ORIENTED_EDGE('',*,*,#9203,.T.);
#9203 = EDGE_CURVE('',#560,#4207,#9204,.T.);
#9204 = LINE('',#9205,#9206);
#9205 = CARTESIAN_POINT('',(129.770999,-54.,0.));
#9206 = VECTOR('',#9207,1.);
#9207 = DIRECTION('',(0.,0.,1.));
#9208 = ORIENTED_EDGE('',*,*,#4206,.T.);
#9209 = ORIENTED_EDGE('',*,*,#9169,.F.);
#9210 = ORIENTED_EDGE('',*,*,#559,.F.);
#9211 = PLANE('',#9212);
#9212 = AXIS2_PLACEMENT_3D('',#9213,#9214,#9215);
#9213 = CARTESIAN_POINT('',(129.770999,-54.,0.));
#9214 = DIRECTION('',(0.,1.,0.));
#9215 = DIRECTION('',(1.,0.,0.));
#9216 = ADVANCED_FACE('',(#9217),#9228,.T.);
#9217 = FACE_BOUND('',#9218,.T.);
#9218 = EDGE_LOOP('',(#9219,#9220,#9221,#9227));
#9219 = ORIENTED_EDGE('',*,*,#9188,.T.);
#9220 = ORIENTED_EDGE('',*,*,#6222,.T.);
#9221 = ORIENTED_EDGE('',*,*,#9222,.F.);
#9222 = EDGE_CURVE('',#2568,#6215,#9223,.T.);
#9223 = LINE('',#9224,#9225);
#9224 = CARTESIAN_POINT('',(197.,-97.174,0.));
#9225 = VECTOR('',#9226,1.);
#9226 = DIRECTION('',(0.,0.,1.));
#9227 = ORIENTED_EDGE('',*,*,#2575,.F.);
#9228 = PLANE('',#9229);
#9229 = AXIS2_PLACEMENT_3D('',#9230,#9231,#9232);
#9230 = CARTESIAN_POINT('',(197.,-96.233,0.));
#9231 = DIRECTION('',(1.,0.,-0.));
#9232 = DIRECTION('',(0.,-1.,0.));
#9233 = ADVANCED_FACE('',(#9234),#9245,.T.);
#9234 = FACE_BOUND('',#9235,.T.);
#9235 = EDGE_LOOP('',(#9236,#9242,#9243,#9244));
#9236 = ORIENTED_EDGE('',*,*,#9237,.T.);
#9237 = EDGE_CURVE('',#568,#4215,#9238,.T.);
#9238 = LINE('',#9239,#9240);
#9239 = CARTESIAN_POINT('',(128.901,-54.,0.));
#9240 = VECTOR('',#9241,1.);
#9241 = DIRECTION('',(0.,0.,1.));
#9242 = ORIENTED_EDGE('',*,*,#4214,.T.);
#9243 = ORIENTED_EDGE('',*,*,#9203,.F.);
#9244 = ORIENTED_EDGE('',*,*,#567,.F.);
#9245 = PLANE('',#9246);
#9246 = AXIS2_PLACEMENT_3D('',#9247,#9248,#9249);
#9247 = CARTESIAN_POINT('',(128.901,-54.,0.));
#9248 = DIRECTION('',(0.,1.,0.));
#9249 = DIRECTION('',(1.,0.,0.));
#9250 = ADVANCED_FACE('',(#9251),#9262,.T.);
#9251 = FACE_BOUND('',#9252,.T.);
#9252 = EDGE_LOOP('',(#9253,#9254,#9255,#9261));
#9253 = ORIENTED_EDGE('',*,*,#9222,.T.);
#9254 = ORIENTED_EDGE('',*,*,#6214,.T.);
#9255 = ORIENTED_EDGE('',*,*,#9256,.F.);
#9256 = EDGE_CURVE('',#2560,#6207,#9257,.T.);
#9257 = LINE('',#9258,#9259);
#9258 = CARTESIAN_POINT('',(197.,-98.115,0.));
#9259 = VECTOR('',#9260,1.);
#9260 = DIRECTION('',(0.,0.,1.));
#9261 = ORIENTED_EDGE('',*,*,#2567,.F.);
#9262 = PLANE('',#9263);
#9263 = AXIS2_PLACEMENT_3D('',#9264,#9265,#9266);
#9264 = CARTESIAN_POINT('',(197.,-97.174,0.));
#9265 = DIRECTION('',(1.,0.,-0.));
#9266 = DIRECTION('',(0.,-1.,0.));
#9267 = ADVANCED_FACE('',(#9268),#9279,.T.);
#9268 = FACE_BOUND('',#9269,.T.);
#9269 = EDGE_LOOP('',(#9270,#9276,#9277,#9278));
#9270 = ORIENTED_EDGE('',*,*,#9271,.T.);
#9271 = EDGE_CURVE('',#576,#4223,#9272,.T.);
#9272 = LINE('',#9273,#9274);
#9273 = CARTESIAN_POINT('',(128.036,-54.,0.));
#9274 = VECTOR('',#9275,1.);
#9275 = DIRECTION('',(0.,0.,1.));
#9276 = ORIENTED_EDGE('',*,*,#4222,.T.);
#9277 = ORIENTED_EDGE('',*,*,#9237,.F.);
#9278 = ORIENTED_EDGE('',*,*,#575,.F.);
#9279 = PLANE('',#9280);
#9280 = AXIS2_PLACEMENT_3D('',#9281,#9282,#9283);
#9281 = CARTESIAN_POINT('',(128.036,-54.,0.));
#9282 = DIRECTION('',(0.,1.,0.));
#9283 = DIRECTION('',(1.,0.,0.));
#9284 = ADVANCED_FACE('',(#9285),#9296,.T.);
#9285 = FACE_BOUND('',#9286,.T.);
#9286 = EDGE_LOOP('',(#9287,#9288,#9289,#9295));
#9287 = ORIENTED_EDGE('',*,*,#9256,.T.);
#9288 = ORIENTED_EDGE('',*,*,#6206,.T.);
#9289 = ORIENTED_EDGE('',*,*,#9290,.F.);
#9290 = EDGE_CURVE('',#2552,#6199,#9291,.T.);
#9291 = LINE('',#9292,#9293);
#9292 = CARTESIAN_POINT('',(197.,-99.058,0.));
#9293 = VECTOR('',#9294,1.);
#9294 = DIRECTION('',(0.,0.,1.));
#9295 = ORIENTED_EDGE('',*,*,#2559,.F.);
#9296 = PLANE('',#9297);
#9297 = AXIS2_PLACEMENT_3D('',#9298,#9299,#9300);
#9298 = CARTESIAN_POINT('',(197.,-98.115,0.));
#9299 = DIRECTION('',(1.,0.,-0.));
#9300 = DIRECTION('',(0.,-1.,0.));
#9301 = ADVANCED_FACE('',(#9302),#9313,.T.);
#9302 = FACE_BOUND('',#9303,.T.);
#9303 = EDGE_LOOP('',(#9304,#9310,#9311,#9312));
#9304 = ORIENTED_EDGE('',*,*,#9305,.T.);
#9305 = EDGE_CURVE('',#584,#4231,#9306,.T.);
#9306 = LINE('',#9307,#9308);
#9307 = CARTESIAN_POINT('',(127.179,-54.,0.));
#9308 = VECTOR('',#9309,1.);
#9309 = DIRECTION('',(0.,0.,1.));
#9310 = ORIENTED_EDGE('',*,*,#4230,.T.);
#9311 = ORIENTED_EDGE('',*,*,#9271,.F.);
#9312 = ORIENTED_EDGE('',*,*,#583,.F.);
#9313 = PLANE('',#9314);
#9314 = AXIS2_PLACEMENT_3D('',#9315,#9316,#9317);
#9315 = CARTESIAN_POINT('',(127.179,-54.,0.));
#9316 = DIRECTION('',(0.,1.,0.));
#9317 = DIRECTION('',(1.,0.,0.));
#9318 = ADVANCED_FACE('',(#9319),#9330,.T.);
#9319 = FACE_BOUND('',#9320,.T.);
#9320 = EDGE_LOOP('',(#9321,#9322,#9323,#9329));
#9321 = ORIENTED_EDGE('',*,*,#9290,.T.);
#9322 = ORIENTED_EDGE('',*,*,#6198,.T.);
#9323 = ORIENTED_EDGE('',*,*,#9324,.F.);
#9324 = EDGE_CURVE('',#2544,#6191,#9325,.T.);
#9325 = LINE('',#9326,#9327);
#9326 = CARTESIAN_POINT('',(197.,-100.,0.));
#9327 = VECTOR('',#9328,1.);
#9328 = DIRECTION('',(0.,0.,1.));
#9329 = ORIENTED_EDGE('',*,*,#2551,.F.);
#9330 = PLANE('',#9331);
#9331 = AXIS2_PLACEMENT_3D('',#9332,#9333,#9334);
#9332 = CARTESIAN_POINT('',(197.,-99.058,0.));
#9333 = DIRECTION('',(1.,0.,-0.));
#9334 = DIRECTION('',(0.,-1.,0.));
#9335 = ADVANCED_FACE('',(#9336),#9347,.T.);
#9336 = FACE_BOUND('',#9337,.T.);
#9337 = EDGE_LOOP('',(#9338,#9344,#9345,#9346));
#9338 = ORIENTED_EDGE('',*,*,#9339,.T.);
#9339 = EDGE_CURVE('',#592,#4239,#9340,.T.);
#9340 = LINE('',#9341,#9342);
#9341 = CARTESIAN_POINT('',(126.328,-54.,0.));
#9342 = VECTOR('',#9343,1.);
#9343 = DIRECTION('',(0.,0.,1.));
#9344 = ORIENTED_EDGE('',*,*,#4238,.T.);
#9345 = ORIENTED_EDGE('',*,*,#9305,.F.);
#9346 = ORIENTED_EDGE('',*,*,#591,.F.);
#9347 = PLANE('',#9348);
#9348 = AXIS2_PLACEMENT_3D('',#9349,#9350,#9351);
#9349 = CARTESIAN_POINT('',(126.328,-54.,0.));
#9350 = DIRECTION('',(0.,1.,0.));
#9351 = DIRECTION('',(1.,0.,0.));
#9352 = ADVANCED_FACE('',(#9353),#9364,.T.);
#9353 = FACE_BOUND('',#9354,.T.);
#9354 = EDGE_LOOP('',(#9355,#9356,#9357,#9363));
#9355 = ORIENTED_EDGE('',*,*,#9324,.T.);
#9356 = ORIENTED_EDGE('',*,*,#6190,.T.);
#9357 = ORIENTED_EDGE('',*,*,#9358,.F.);
#9358 = EDGE_CURVE('',#2536,#6183,#9359,.T.);
#9359 = LINE('',#9360,#9361);
#9360 = CARTESIAN_POINT('',(197.,-100.942,0.));
#9361 = VECTOR('',#9362,1.);
#9362 = DIRECTION('',(0.,0.,1.));
#9363 = ORIENTED_EDGE('',*,*,#2543,.F.);
#9364 = PLANE('',#9365);
#9365 = AXIS2_PLACEMENT_3D('',#9366,#9367,#9368);
#9366 = CARTESIAN_POINT('',(197.,-100.,0.));
#9367 = DIRECTION('',(1.,0.,-0.));
#9368 = DIRECTION('',(0.,-1.,0.));
#9369 = ADVANCED_FACE('',(#9370),#9381,.T.);
#9370 = FACE_BOUND('',#9371,.T.);
#9371 = EDGE_LOOP('',(#9372,#9378,#9379,#9380));
#9372 = ORIENTED_EDGE('',*,*,#9373,.T.);
#9373 = EDGE_CURVE('',#600,#4247,#9374,.T.);
#9374 = LINE('',#9375,#9376);
#9375 = CARTESIAN_POINT('',(125.485,-54.,0.));
#9376 = VECTOR('',#9377,1.);
#9377 = DIRECTION('',(0.,0.,1.));
#9378 = ORIENTED_EDGE('',*,*,#4246,.T.);
#9379 = ORIENTED_EDGE('',*,*,#9339,.F.);
#9380 = ORIENTED_EDGE('',*,*,#599,.F.);
#9381 = PLANE('',#9382);
#9382 = AXIS2_PLACEMENT_3D('',#9383,#9384,#9385);
#9383 = CARTESIAN_POINT('',(125.485,-54.,0.));
#9384 = DIRECTION('',(0.,1.,0.));
#9385 = DIRECTION('',(1.,0.,0.));
#9386 = ADVANCED_FACE('',(#9387),#9398,.T.);
#9387 = FACE_BOUND('',#9388,.T.);
#9388 = EDGE_LOOP('',(#9389,#9390,#9391,#9397));
#9389 = ORIENTED_EDGE('',*,*,#9358,.T.);
#9390 = ORIENTED_EDGE('',*,*,#6182,.T.);
#9391 = ORIENTED_EDGE('',*,*,#9392,.F.);
#9392 = EDGE_CURVE('',#2528,#6175,#9393,.T.);
#9393 = LINE('',#9394,#9395);
#9394 = CARTESIAN_POINT('',(197.,-101.885,0.));
#9395 = VECTOR('',#9396,1.);
#9396 = DIRECTION('',(0.,0.,1.));
#9397 = ORIENTED_EDGE('',*,*,#2535,.F.);
#9398 = PLANE('',#9399);
#9399 = AXIS2_PLACEMENT_3D('',#9400,#9401,#9402);
#9400 = CARTESIAN_POINT('',(197.,-100.942,0.));
#9401 = DIRECTION('',(1.,0.,-0.));
#9402 = DIRECTION('',(0.,-1.,0.));
#9403 = ADVANCED_FACE('',(#9404),#9415,.T.);
#9404 = FACE_BOUND('',#9405,.T.);
#9405 = EDGE_LOOP('',(#9406,#9412,#9413,#9414));
#9406 = ORIENTED_EDGE('',*,*,#9407,.T.);
#9407 = EDGE_CURVE('',#608,#4255,#9408,.T.);
#9408 = LINE('',#9409,#9410);
#9409 = CARTESIAN_POINT('',(124.649,-54.,0.));
#9410 = VECTOR('',#9411,1.);
#9411 = DIRECTION('',(0.,0.,1.));
#9412 = ORIENTED_EDGE('',*,*,#4254,.T.);
#9413 = ORIENTED_EDGE('',*,*,#9373,.F.);
#9414 = ORIENTED_EDGE('',*,*,#607,.F.);
#9415 = PLANE('',#9416);
#9416 = AXIS2_PLACEMENT_3D('',#9417,#9418,#9419);
#9417 = CARTESIAN_POINT('',(124.649,-54.,0.));
#9418 = DIRECTION('',(0.,1.,0.));
#9419 = DIRECTION('',(1.,0.,0.));
#9420 = ADVANCED_FACE('',(#9421),#9432,.T.);
#9421 = FACE_BOUND('',#9422,.T.);
#9422 = EDGE_LOOP('',(#9423,#9424,#9425,#9431));
#9423 = ORIENTED_EDGE('',*,*,#9392,.T.);
#9424 = ORIENTED_EDGE('',*,*,#6174,.T.);
#9425 = ORIENTED_EDGE('',*,*,#9426,.F.);
#9426 = EDGE_CURVE('',#2520,#6167,#9427,.T.);
#9427 = LINE('',#9428,#9429);
#9428 = CARTESIAN_POINT('',(197.,-102.826,0.));
#9429 = VECTOR('',#9430,1.);
#9430 = DIRECTION('',(0.,0.,1.));
#9431 = ORIENTED_EDGE('',*,*,#2527,.F.);
#9432 = PLANE('',#9433);
#9433 = AXIS2_PLACEMENT_3D('',#9434,#9435,#9436);
#9434 = CARTESIAN_POINT('',(197.,-101.885,0.));
#9435 = DIRECTION('',(1.,0.,-0.));
#9436 = DIRECTION('',(0.,-1.,0.));
#9437 = ADVANCED_FACE('',(#9438),#9449,.T.);
#9438 = FACE_BOUND('',#9439,.T.);
#9439 = EDGE_LOOP('',(#9440,#9446,#9447,#9448));
#9440 = ORIENTED_EDGE('',*,*,#9441,.T.);
#9441 = EDGE_CURVE('',#616,#4263,#9442,.T.);
#9442 = LINE('',#9443,#9444);
#9443 = CARTESIAN_POINT('',(123.82,-54.,0.));
#9444 = VECTOR('',#9445,1.);
#9445 = DIRECTION('',(0.,0.,1.));
#9446 = ORIENTED_EDGE('',*,*,#4262,.T.);
#9447 = ORIENTED_EDGE('',*,*,#9407,.F.);
#9448 = ORIENTED_EDGE('',*,*,#615,.F.);
#9449 = PLANE('',#9450);
#9450 = AXIS2_PLACEMENT_3D('',#9451,#9452,#9453);
#9451 = CARTESIAN_POINT('',(123.82,-54.,0.));
#9452 = DIRECTION('',(0.,1.,0.));
#9453 = DIRECTION('',(1.,0.,0.));
#9454 = ADVANCED_FACE('',(#9455),#9466,.T.);
#9455 = FACE_BOUND('',#9456,.T.);
#9456 = EDGE_LOOP('',(#9457,#9458,#9459,#9465));
#9457 = ORIENTED_EDGE('',*,*,#9426,.T.);
#9458 = ORIENTED_EDGE('',*,*,#6166,.T.);
#9459 = ORIENTED_EDGE('',*,*,#9460,.F.);
#9460 = EDGE_CURVE('',#2512,#6159,#9461,.T.);
#9461 = LINE('',#9462,#9463);
#9462 = CARTESIAN_POINT('',(197.,-103.767,0.));
#9463 = VECTOR('',#9464,1.);
#9464 = DIRECTION('',(0.,0.,1.));
#9465 = ORIENTED_EDGE('',*,*,#2519,.F.);
#9466 = PLANE('',#9467);
#9467 = AXIS2_PLACEMENT_3D('',#9468,#9469,#9470);
#9468 = CARTESIAN_POINT('',(197.,-102.826,0.));
#9469 = DIRECTION('',(1.,0.,-0.));
#9470 = DIRECTION('',(0.,-1.,0.));
#9471 = ADVANCED_FACE('',(#9472),#9483,.T.);
#9472 = FACE_BOUND('',#9473,.T.);
#9473 = EDGE_LOOP('',(#9474,#9480,#9481,#9482));
#9474 = ORIENTED_EDGE('',*,*,#9475,.T.);
#9475 = EDGE_CURVE('',#624,#4271,#9476,.T.);
#9476 = LINE('',#9477,#9478);
#9477 = CARTESIAN_POINT('',(123.,-54.,0.));
#9478 = VECTOR('',#9479,1.);
#9479 = DIRECTION('',(0.,0.,1.));
#9480 = ORIENTED_EDGE('',*,*,#4270,.T.);
#9481 = ORIENTED_EDGE('',*,*,#9441,.F.);
#9482 = ORIENTED_EDGE('',*,*,#623,.F.);
#9483 = PLANE('',#9484);
#9484 = AXIS2_PLACEMENT_3D('',#9485,#9486,#9487);
#9485 = CARTESIAN_POINT('',(123.,-54.,0.));
#9486 = DIRECTION('',(0.,1.,0.));
#9487 = DIRECTION('',(1.,0.,0.));
#9488 = ADVANCED_FACE('',(#9489),#9500,.T.);
#9489 = FACE_BOUND('',#9490,.T.);
#9490 = EDGE_LOOP('',(#9491,#9492,#9493,#9499));
#9491 = ORIENTED_EDGE('',*,*,#9460,.T.);
#9492 = ORIENTED_EDGE('',*,*,#6158,.T.);
#9493 = ORIENTED_EDGE('',*,*,#9494,.F.);
#9494 = EDGE_CURVE('',#2504,#6151,#9495,.T.);
#9495 = LINE('',#9496,#9497);
#9496 = CARTESIAN_POINT('',(197.,-104.706,0.));
#9497 = VECTOR('',#9498,1.);
#9498 = DIRECTION('',(0.,0.,1.));
#9499 = ORIENTED_EDGE('',*,*,#2511,.F.);
#9500 = PLANE('',#9501);
#9501 = AXIS2_PLACEMENT_3D('',#9502,#9503,#9504);
#9502 = CARTESIAN_POINT('',(197.,-103.767,0.));
#9503 = DIRECTION('',(1.,0.,-0.));
#9504 = DIRECTION('',(0.,-1.,0.));
#9505 = ADVANCED_FACE('',(#9506),#9517,.T.);
#9506 = FACE_BOUND('',#9507,.T.);
#9507 = EDGE_LOOP('',(#9508,#9514,#9515,#9516));
#9508 = ORIENTED_EDGE('',*,*,#9509,.T.);
#9509 = EDGE_CURVE('',#632,#4279,#9510,.T.);
#9510 = LINE('',#9511,#9512);
#9511 = CARTESIAN_POINT('',(122.188,-54.,0.));
#9512 = VECTOR('',#9513,1.);
#9513 = DIRECTION('',(0.,0.,1.));
#9514 = ORIENTED_EDGE('',*,*,#4278,.T.);
#9515 = ORIENTED_EDGE('',*,*,#9475,.F.);
#9516 = ORIENTED_EDGE('',*,*,#631,.F.);
#9517 = PLANE('',#9518);
#9518 = AXIS2_PLACEMENT_3D('',#9519,#9520,#9521);
#9519 = CARTESIAN_POINT('',(122.188,-54.,0.));
#9520 = DIRECTION('',(0.,1.,0.));
#9521 = DIRECTION('',(1.,0.,0.));
#9522 = ADVANCED_FACE('',(#9523),#9534,.T.);
#9523 = FACE_BOUND('',#9524,.T.);
#9524 = EDGE_LOOP('',(#9525,#9526,#9527,#9533));
#9525 = ORIENTED_EDGE('',*,*,#9494,.T.);
#9526 = ORIENTED_EDGE('',*,*,#6150,.T.);
#9527 = ORIENTED_EDGE('',*,*,#9528,.F.);
#9528 = EDGE_CURVE('',#2496,#6143,#9529,.T.);
#9529 = LINE('',#9530,#9531);
#9530 = CARTESIAN_POINT('',(197.,-105.645,0.));
#9531 = VECTOR('',#9532,1.);
#9532 = DIRECTION('',(0.,0.,1.));
#9533 = ORIENTED_EDGE('',*,*,#2503,.F.);
#9534 = PLANE('',#9535);
#9535 = AXIS2_PLACEMENT_3D('',#9536,#9537,#9538);
#9536 = CARTESIAN_POINT('',(197.,-104.706,0.));
#9537 = DIRECTION('',(1.,0.,-0.));
#9538 = DIRECTION('',(0.,-1.,0.));
#9539 = ADVANCED_FACE('',(#9540),#9551,.T.);
#9540 = FACE_BOUND('',#9541,.T.);
#9541 = EDGE_LOOP('',(#9542,#9548,#9549,#9550));
#9542 = ORIENTED_EDGE('',*,*,#9543,.T.);
#9543 = EDGE_CURVE('',#640,#4287,#9544,.T.);
#9544 = LINE('',#9545,#9546);
#9545 = CARTESIAN_POINT('',(121.384,-54.205,0.));
#9546 = VECTOR('',#9547,1.);
#9547 = DIRECTION('',(0.,0.,1.));
#9548 = ORIENTED_EDGE('',*,*,#4286,.T.);
#9549 = ORIENTED_EDGE('',*,*,#9509,.F.);
#9550 = ORIENTED_EDGE('',*,*,#639,.F.);
#9551 = PLANE('',#9552);
#9552 = AXIS2_PLACEMENT_3D('',#9553,#9554,#9555);
#9553 = CARTESIAN_POINT('',(121.384,-54.205,0.));
#9554 = DIRECTION('',(-0.247070274461,0.968997564227,0.));
#9555 = DIRECTION('',(0.968997564227,0.247070274461,0.));
#9556 = ADVANCED_FACE('',(#9557),#9568,.T.);
#9557 = FACE_BOUND('',#9558,.T.);
#9558 = EDGE_LOOP('',(#9559,#9560,#9561,#9567));
#9559 = ORIENTED_EDGE('',*,*,#9528,.T.);
#9560 = ORIENTED_EDGE('',*,*,#6142,.T.);
#9561 = ORIENTED_EDGE('',*,*,#9562,.F.);
#9562 = EDGE_CURVE('',#2488,#6135,#9563,.T.);
#9563 = LINE('',#9564,#9565);
#9564 = CARTESIAN_POINT('',(197.,-106.581,0.));
#9565 = VECTOR('',#9566,1.);
#9566 = DIRECTION('',(0.,0.,1.));
#9567 = ORIENTED_EDGE('',*,*,#2495,.F.);
#9568 = PLANE('',#9569);
#9569 = AXIS2_PLACEMENT_3D('',#9570,#9571,#9572);
#9570 = CARTESIAN_POINT('',(197.,-105.645,0.));
#9571 = DIRECTION('',(1.,0.,-0.));
#9572 = DIRECTION('',(0.,-1.,0.));
#9573 = ADVANCED_FACE('',(#9574),#9585,.T.);
#9574 = FACE_BOUND('',#9575,.T.);
#9575 = EDGE_LOOP('',(#9576,#9582,#9583,#9584));
#9576 = ORIENTED_EDGE('',*,*,#9577,.T.);
#9577 = EDGE_CURVE('',#648,#4295,#9578,.T.);
#9578 = LINE('',#9579,#9580);
#9579 = CARTESIAN_POINT('',(120.589,-54.712,0.));
#9580 = VECTOR('',#9581,1.);
#9581 = DIRECTION('',(0.,0.,1.));
#9582 = ORIENTED_EDGE('',*,*,#4294,.T.);
#9583 = ORIENTED_EDGE('',*,*,#9543,.F.);
#9584 = ORIENTED_EDGE('',*,*,#647,.F.);
#9585 = PLANE('',#9586);
#9586 = AXIS2_PLACEMENT_3D('',#9587,#9588,#9589);
#9587 = CARTESIAN_POINT('',(120.589,-54.712,0.));
#9588 = DIRECTION('',(-0.537698722127,0.84313704949,0.));
#9589 = DIRECTION('',(0.84313704949,0.537698722127,0.));
#9590 = ADVANCED_FACE('',(#9591),#9602,.T.);
#9591 = FACE_BOUND('',#9592,.T.);
#9592 = EDGE_LOOP('',(#9593,#9594,#9595,#9601));
#9593 = ORIENTED_EDGE('',*,*,#9562,.T.);
#9594 = ORIENTED_EDGE('',*,*,#6134,.T.);
#9595 = ORIENTED_EDGE('',*,*,#9596,.F.);
#9596 = EDGE_CURVE('',#2480,#6127,#9597,.T.);
#9597 = LINE('',#9598,#9599);
#9598 = CARTESIAN_POINT('',(197.,-107.515,0.));
#9599 = VECTOR('',#9600,1.);
#9600 = DIRECTION('',(0.,0.,1.));
#9601 = ORIENTED_EDGE('',*,*,#2487,.F.);
#9602 = PLANE('',#9603);
#9603 = AXIS2_PLACEMENT_3D('',#9604,#9605,#9606);
#9604 = CARTESIAN_POINT('',(197.,-106.581,0.));
#9605 = DIRECTION('',(1.,0.,-0.));
#9606 = DIRECTION('',(0.,-1.,0.));
#9607 = ADVANCED_FACE('',(#9608),#9619,.T.);
#9608 = FACE_BOUND('',#9609,.T.);
#9609 = EDGE_LOOP('',(#9610,#9616,#9617,#9618));
#9610 = ORIENTED_EDGE('',*,*,#9611,.T.);
#9611 = EDGE_CURVE('',#656,#4303,#9612,.T.);
#9612 = LINE('',#9613,#9614);
#9613 = CARTESIAN_POINT('',(119.804,-55.232,0.));
#9614 = VECTOR('',#9615,1.);
#9615 = DIRECTION('',(0.,0.,1.));
#9616 = ORIENTED_EDGE('',*,*,#4302,.T.);
#9617 = ORIENTED_EDGE('',*,*,#9577,.F.);
#9618 = ORIENTED_EDGE('',*,*,#655,.F.);
#9619 = PLANE('',#9620);
#9620 = AXIS2_PLACEMENT_3D('',#9621,#9622,#9623);
#9621 = CARTESIAN_POINT('',(119.804,-55.232,0.));
#9622 = DIRECTION('',(-0.552246989696,0.833680551753,0.));
#9623 = DIRECTION('',(0.833680551753,0.552246989696,0.));
#9624 = ADVANCED_FACE('',(#9625),#9636,.T.);
#9625 = FACE_BOUND('',#9626,.T.);
#9626 = EDGE_LOOP('',(#9627,#9628,#9629,#9635));
#9627 = ORIENTED_EDGE('',*,*,#9596,.T.);
#9628 = ORIENTED_EDGE('',*,*,#6126,.T.);
#9629 = ORIENTED_EDGE('',*,*,#9630,.F.);
#9630 = EDGE_CURVE('',#2472,#6119,#9631,.T.);
#9631 = LINE('',#9632,#9633);
#9632 = CARTESIAN_POINT('',(197.,-108.447,0.));
#9633 = VECTOR('',#9634,1.);
#9634 = DIRECTION('',(0.,0.,1.));
#9635 = ORIENTED_EDGE('',*,*,#2479,.F.);
#9636 = PLANE('',#9637);
#9637 = AXIS2_PLACEMENT_3D('',#9638,#9639,#9640);
#9638 = CARTESIAN_POINT('',(197.,-107.515,0.));
#9639 = DIRECTION('',(1.,0.,-0.));
#9640 = DIRECTION('',(0.,-1.,0.));
#9641 = ADVANCED_FACE('',(#9642),#9653,.T.);
#9642 = FACE_BOUND('',#9643,.T.);
#9643 = EDGE_LOOP('',(#9644,#9650,#9651,#9652));
#9644 = ORIENTED_EDGE('',*,*,#9645,.T.);
#9645 = EDGE_CURVE('',#664,#4311,#9646,.T.);
#9646 = LINE('',#9647,#9648);
#9647 = CARTESIAN_POINT('',(119.027,-55.766,0.));
#9648 = VECTOR('',#9649,1.);
#9649 = DIRECTION('',(0.,0.,1.));
#9650 = ORIENTED_EDGE('',*,*,#4310,.T.);
#9651 = ORIENTED_EDGE('',*,*,#9611,.F.);
#9652 = ORIENTED_EDGE('',*,*,#663,.F.);
#9653 = PLANE('',#9654);
#9654 = AXIS2_PLACEMENT_3D('',#9655,#9656,#9657);
#9655 = CARTESIAN_POINT('',(119.027,-55.766,0.));
#9656 = DIRECTION('',(-0.566393770718,0.82413475627,0.));
#9657 = DIRECTION('',(0.82413475627,0.566393770718,0.));
#9658 = ADVANCED_FACE('',(#9659),#9670,.T.);
#9659 = FACE_BOUND('',#9660,.T.);
#9660 = EDGE_LOOP('',(#9661,#9662,#9663,#9669));
#9661 = ORIENTED_EDGE('',*,*,#9630,.T.);
#9662 = ORIENTED_EDGE('',*,*,#6118,.T.);
#9663 = ORIENTED_EDGE('',*,*,#9664,.F.);
#9664 = EDGE_CURVE('',#2464,#6111,#9665,.T.);
#9665 = LINE('',#9666,#9667);
#9666 = CARTESIAN_POINT('',(197.,-109.377,0.));
#9667 = VECTOR('',#9668,1.);
#9668 = DIRECTION('',(0.,0.,1.));
#9669 = ORIENTED_EDGE('',*,*,#2471,.F.);
#9670 = PLANE('',#9671);
#9671 = AXIS2_PLACEMENT_3D('',#9672,#9673,#9674);
#9672 = CARTESIAN_POINT('',(197.,-108.447,0.));
#9673 = DIRECTION('',(1.,0.,-0.));
#9674 = DIRECTION('',(0.,-1.,0.));
#9675 = ADVANCED_FACE('',(#9676),#9687,.T.);
#9676 = FACE_BOUND('',#9677,.T.);
#9677 = EDGE_LOOP('',(#9678,#9684,#9685,#9686));
#9678 = ORIENTED_EDGE('',*,*,#9679,.T.);
#9679 = EDGE_CURVE('',#672,#4319,#9680,.T.);
#9680 = LINE('',#9681,#9682);
#9681 = CARTESIAN_POINT('',(118.26,-56.313,0.));
#9682 = VECTOR('',#9683,1.);
#9683 = DIRECTION('',(0.,0.,1.));
#9684 = ORIENTED_EDGE('',*,*,#4318,.T.);
#9685 = ORIENTED_EDGE('',*,*,#9645,.F.);
#9686 = ORIENTED_EDGE('',*,*,#671,.F.);
#9687 = PLANE('',#9688);
#9688 = AXIS2_PLACEMENT_3D('',#9689,#9690,#9691);
#9689 = CARTESIAN_POINT('',(118.26,-56.313,0.));
#9690 = DIRECTION('',(-0.580635566561,0.814163582362,0.));
#9691 = DIRECTION('',(0.814163582362,0.580635566561,0.));
#9692 = ADVANCED_FACE('',(#9693),#9704,.T.);
#9693 = FACE_BOUND('',#9694,.T.);
#9694 = EDGE_LOOP('',(#9695,#9696,#9697,#9703));
#9695 = ORIENTED_EDGE('',*,*,#9664,.T.);
#9696 = ORIENTED_EDGE('',*,*,#6110,.T.);
#9697 = ORIENTED_EDGE('',*,*,#9698,.F.);
#9698 = EDGE_CURVE('',#2456,#6103,#9699,.T.);
#9699 = LINE('',#9700,#9701);
#9700 = CARTESIAN_POINT('',(197.,-110.304,0.));
#9701 = VECTOR('',#9702,1.);
#9702 = DIRECTION('',(0.,0.,1.));
#9703 = ORIENTED_EDGE('',*,*,#2463,.F.);
#9704 = PLANE('',#9705);
#9705 = AXIS2_PLACEMENT_3D('',#9706,#9707,#9708);
#9706 = CARTESIAN_POINT('',(197.,-109.377,0.));
#9707 = DIRECTION('',(1.,0.,-0.));
#9708 = DIRECTION('',(0.,-1.,0.));
#9709 = ADVANCED_FACE('',(#9710),#9721,.T.);
#9710 = FACE_BOUND('',#9711,.T.);
#9711 = EDGE_LOOP('',(#9712,#9718,#9719,#9720));
#9712 = ORIENTED_EDGE('',*,*,#9713,.T.);
#9713 = EDGE_CURVE('',#680,#4327,#9714,.T.);
#9714 = LINE('',#9715,#9716);
#9715 = CARTESIAN_POINT('',(117.502,-56.874,0.));
#9716 = VECTOR('',#9717,1.);
#9717 = DIRECTION('',(0.,0.,1.));
#9718 = ORIENTED_EDGE('',*,*,#4326,.T.);
#9719 = ORIENTED_EDGE('',*,*,#9679,.F.);
#9720 = ORIENTED_EDGE('',*,*,#679,.F.);
#9721 = PLANE('',#9722);
#9722 = AXIS2_PLACEMENT_3D('',#9723,#9724,#9725);
#9723 = CARTESIAN_POINT('',(117.502,-56.874,0.));
#9724 = DIRECTION('',(-0.594897820462,0.803801333173,0.));
#9725 = DIRECTION('',(0.803801333173,0.594897820462,0.));
#9726 = ADVANCED_FACE('',(#9727),#9738,.T.);
#9727 = FACE_BOUND('',#9728,.T.);
#9728 = EDGE_LOOP('',(#9729,#9730,#9731,#9737));
#9729 = ORIENTED_EDGE('',*,*,#9698,.T.);
#9730 = ORIENTED_EDGE('',*,*,#6102,.T.);
#9731 = ORIENTED_EDGE('',*,*,#9732,.F.);
#9732 = EDGE_CURVE('',#2448,#6095,#9733,.T.);
#9733 = LINE('',#9734,#9735);
#9734 = CARTESIAN_POINT('',(197.,-111.227,0.));
#9735 = VECTOR('',#9736,1.);
#9736 = DIRECTION('',(0.,0.,1.));
#9737 = ORIENTED_EDGE('',*,*,#2455,.F.);
#9738 = PLANE('',#9739);
#9739 = AXIS2_PLACEMENT_3D('',#9740,#9741,#9742);
#9740 = CARTESIAN_POINT('',(197.,-110.304,0.));
#9741 = DIRECTION('',(1.,0.,-0.));
#9742 = DIRECTION('',(0.,-1.,0.));
#9743 = ADVANCED_FACE('',(#9744),#9755,.T.);
#9744 = FACE_BOUND('',#9745,.T.);
#9745 = EDGE_LOOP('',(#9746,#9752,#9753,#9754));
#9746 = ORIENTED_EDGE('',*,*,#9747,.T.);
#9747 = EDGE_CURVE('',#688,#4335,#9748,.T.);
#9748 = LINE('',#9749,#9750);
#9749 = CARTESIAN_POINT('',(116.754,-57.447,0.));
#9750 = VECTOR('',#9751,1.);
#9751 = DIRECTION('',(0.,0.,1.));
#9752 = ORIENTED_EDGE('',*,*,#4334,.T.);
#9753 = ORIENTED_EDGE('',*,*,#9713,.F.);
#9754 = ORIENTED_EDGE('',*,*,#687,.F.);
#9755 = PLANE('',#9756);
#9756 = AXIS2_PLACEMENT_3D('',#9757,#9758,#9759);
#9757 = CARTESIAN_POINT('',(116.754,-57.447,0.));
#9758 = DIRECTION('',(-0.608119570772,0.793845443172,0.));
#9759 = DIRECTION('',(0.793845443172,0.608119570772,0.));
#9760 = ADVANCED_FACE('',(#9761),#9772,.T.);
#9761 = FACE_BOUND('',#9762,.T.);
#9762 = EDGE_LOOP('',(#9763,#9764,#9765,#9771));
#9763 = ORIENTED_EDGE('',*,*,#9732,.T.);
#9764 = ORIENTED_EDGE('',*,*,#6094,.T.);
#9765 = ORIENTED_EDGE('',*,*,#9766,.F.);
#9766 = EDGE_CURVE('',#2440,#6087,#9767,.T.);
#9767 = LINE('',#9768,#9769);
#9768 = CARTESIAN_POINT('',(197.,-112.147,0.));
#9769 = VECTOR('',#9770,1.);
#9770 = DIRECTION('',(0.,0.,1.));
#9771 = ORIENTED_EDGE('',*,*,#2447,.F.);
#9772 = PLANE('',#9773);
#9773 = AXIS2_PLACEMENT_3D('',#9774,#9775,#9776);
#9774 = CARTESIAN_POINT('',(197.,-111.227,0.));
#9775 = DIRECTION('',(1.,0.,-0.));
#9776 = DIRECTION('',(0.,-1.,0.));
#9777 = ADVANCED_FACE('',(#9778),#9789,.T.);
#9778 = FACE_BOUND('',#9779,.T.);
#9779 = EDGE_LOOP('',(#9780,#9786,#9787,#9788));
#9780 = ORIENTED_EDGE('',*,*,#9781,.T.);
#9781 = EDGE_CURVE('',#696,#4343,#9782,.T.);
#9782 = LINE('',#9783,#9784);
#9783 = CARTESIAN_POINT('',(116.017,-58.034,0.));
#9784 = VECTOR('',#9785,1.);
#9785 = DIRECTION('',(0.,0.,1.));
#9786 = ORIENTED_EDGE('',*,*,#4342,.T.);
#9787 = ORIENTED_EDGE('',*,*,#9747,.F.);
#9788 = ORIENTED_EDGE('',*,*,#695,.F.);
#9789 = PLANE('',#9790);
#9790 = AXIS2_PLACEMENT_3D('',#9791,#9792,#9793);
#9791 = CARTESIAN_POINT('',(116.017,-58.034,0.));
#9792 = DIRECTION('',(-0.623010973198,0.782213095821,0.));
#9793 = DIRECTION('',(0.782213095821,0.623010973198,0.));
#9794 = ADVANCED_FACE('',(#9795),#9806,.T.);
#9795 = FACE_BOUND('',#9796,.T.);
#9796 = EDGE_LOOP('',(#9797,#9798,#9799,#9805));
#9797 = ORIENTED_EDGE('',*,*,#9766,.T.);
#9798 = ORIENTED_EDGE('',*,*,#6086,.T.);
#9799 = ORIENTED_EDGE('',*,*,#9800,.F.);
#9800 = EDGE_CURVE('',#2432,#6079,#9801,.T.);
#9801 = LINE('',#9802,#9803);
#9802 = CARTESIAN_POINT('',(197.,-113.064,0.));
#9803 = VECTOR('',#9804,1.);
#9804 = DIRECTION('',(0.,0.,1.));
#9805 = ORIENTED_EDGE('',*,*,#2439,.F.);
#9806 = PLANE('',#9807);
#9807 = AXIS2_PLACEMENT_3D('',#9808,#9809,#9810);
#9808 = CARTESIAN_POINT('',(197.,-112.147,0.));
#9809 = DIRECTION('',(1.,0.,-0.));
#9810 = DIRECTION('',(0.,-1.,0.));
#9811 = ADVANCED_FACE('',(#9812),#9823,.T.);
#9812 = FACE_BOUND('',#9813,.T.);
#9813 = EDGE_LOOP('',(#9814,#9820,#9821,#9822));
#9814 = ORIENTED_EDGE('',*,*,#9815,.T.);
#9815 = EDGE_CURVE('',#704,#4351,#9816,.T.);
#9816 = LINE('',#9817,#9818);
#9817 = CARTESIAN_POINT('',(115.289,-58.634,0.));
#9818 = VECTOR('',#9819,1.);
#9819 = DIRECTION('',(0.,0.,1.));
#9820 = ORIENTED_EDGE('',*,*,#4350,.T.);
#9821 = ORIENTED_EDGE('',*,*,#9781,.F.);
#9822 = ORIENTED_EDGE('',*,*,#703,.F.);
#9823 = PLANE('',#9824);
#9824 = AXIS2_PLACEMENT_3D('',#9825,#9826,#9827);
#9825 = CARTESIAN_POINT('',(115.289,-58.634,0.));
#9826 = DIRECTION('',(-0.636004444923,0.771685393174,0.));
#9827 = DIRECTION('',(0.771685393174,0.636004444923,0.));
#9828 = ADVANCED_FACE('',(#9829),#9840,.T.);
#9829 = FACE_BOUND('',#9830,.T.);
#9830 = EDGE_LOOP('',(#9831,#9832,#9833,#9839));
#9831 = ORIENTED_EDGE('',*,*,#9800,.T.);
#9832 = ORIENTED_EDGE('',*,*,#6078,.T.);
#9833 = ORIENTED_EDGE('',*,*,#9834,.F.);
#9834 = EDGE_CURVE('',#2424,#6071,#9835,.T.);
#9835 = LINE('',#9836,#9837);
#9836 = CARTESIAN_POINT('',(197.,-113.976,0.));
#9837 = VECTOR('',#9838,1.);
#9838 = DIRECTION('',(0.,0.,1.));
#9839 = ORIENTED_EDGE('',*,*,#2431,.F.);
#9840 = PLANE('',#9841);
#9841 = AXIS2_PLACEMENT_3D('',#9842,#9843,#9844);
#9842 = CARTESIAN_POINT('',(197.,-113.064,0.));
#9843 = DIRECTION('',(1.,0.,-0.));
#9844 = DIRECTION('',(0.,-1.,0.));
#9845 = ADVANCED_FACE('',(#9846),#9857,.T.);
#9846 = FACE_BOUND('',#9847,.T.);
#9847 = EDGE_LOOP('',(#9848,#9854,#9855,#9856));
#9848 = ORIENTED_EDGE('',*,*,#9849,.T.);
#9849 = EDGE_CURVE('',#712,#4359,#9850,.T.);
#9850 = LINE('',#9851,#9852);
#9851 = CARTESIAN_POINT('',(114.573,-59.246,0.));
#9852 = VECTOR('',#9853,1.);
#9853 = DIRECTION('',(0.,0.,1.));
#9854 = ORIENTED_EDGE('',*,*,#4358,.T.);
#9855 = ORIENTED_EDGE('',*,*,#9815,.F.);
#9856 = ORIENTED_EDGE('',*,*,#711,.F.);
#9857 = PLANE('',#9858);
#9858 = AXIS2_PLACEMENT_3D('',#9859,#9860,#9861);
#9859 = CARTESIAN_POINT('',(114.573,-59.246,0.));
#9860 = DIRECTION('',(-0.649741573098,0.760155173756,0.));
#9861 = DIRECTION('',(0.760155173756,0.649741573098,0.));
#9862 = ADVANCED_FACE('',(#9863),#9874,.T.);
#9863 = FACE_BOUND('',#9864,.T.);
#9864 = EDGE_LOOP('',(#9865,#9866,#9867,#9873));
#9865 = ORIENTED_EDGE('',*,*,#9834,.T.);
#9866 = ORIENTED_EDGE('',*,*,#6070,.T.);
#9867 = ORIENTED_EDGE('',*,*,#9868,.F.);
#9868 = EDGE_CURVE('',#2416,#6063,#9869,.T.);
#9869 = LINE('',#9870,#9871);
#9870 = CARTESIAN_POINT('',(197.,-114.884,0.));
#9871 = VECTOR('',#9872,1.);
#9872 = DIRECTION('',(0.,0.,1.));
#9873 = ORIENTED_EDGE('',*,*,#2423,.F.);
#9874 = PLANE('',#9875);
#9875 = AXIS2_PLACEMENT_3D('',#9876,#9877,#9878);
#9876 = CARTESIAN_POINT('',(197.,-113.976,0.));
#9877 = DIRECTION('',(1.,0.,-0.));
#9878 = DIRECTION('',(0.,-1.,0.));
#9879 = ADVANCED_FACE('',(#9880),#9891,.T.);
#9880 = FACE_BOUND('',#9881,.T.);
#9881 = EDGE_LOOP('',(#9882,#9888,#9889,#9890));
#9882 = ORIENTED_EDGE('',*,*,#9883,.T.);
#9883 = EDGE_CURVE('',#720,#4367,#9884,.T.);
#9884 = LINE('',#9885,#9886);
#9885 = CARTESIAN_POINT('',(113.867,-59.87,0.));
#9886 = VECTOR('',#9887,1.);
#9887 = DIRECTION('',(0.,0.,1.));
#9888 = ORIENTED_EDGE('',*,*,#4366,.T.);
#9889 = ORIENTED_EDGE('',*,*,#9849,.F.);
#9890 = ORIENTED_EDGE('',*,*,#719,.F.);
#9891 = PLANE('',#9892);
#9892 = AXIS2_PLACEMENT_3D('',#9893,#9894,#9895);
#9893 = CARTESIAN_POINT('',(113.867,-59.87,0.));
#9894 = DIRECTION('',(-0.662253228659,0.749280095245,0.));
#9895 = DIRECTION('',(0.749280095245,0.662253228659,0.));
#9896 = ADVANCED_FACE('',(#9897),#9908,.T.);
#9897 = FACE_BOUND('',#9898,.T.);
#9898 = EDGE_LOOP('',(#9899,#9900,#9901,#9907));
#9899 = ORIENTED_EDGE('',*,*,#9868,.T.);
#9900 = ORIENTED_EDGE('',*,*,#6062,.T.);
#9901 = ORIENTED_EDGE('',*,*,#9902,.F.);
#9902 = EDGE_CURVE('',#2408,#6055,#9903,.T.);
#9903 = LINE('',#9904,#9905);
#9904 = CARTESIAN_POINT('',(197.,-115.788,0.));
#9905 = VECTOR('',#9906,1.);
#9906 = DIRECTION('',(0.,0.,1.));
#9907 = ORIENTED_EDGE('',*,*,#2415,.F.);
#9908 = PLANE('',#9909);
#9909 = AXIS2_PLACEMENT_3D('',#9910,#9911,#9912);
#9910 = CARTESIAN_POINT('',(197.,-114.884,0.));
#9911 = DIRECTION('',(1.,0.,-0.));
#9912 = DIRECTION('',(0.,-1.,0.));
#9913 = ADVANCED_FACE('',(#9914),#9925,.T.);
#9914 = FACE_BOUND('',#9915,.T.);
#9915 = EDGE_LOOP('',(#9916,#9922,#9923,#9924));
#9916 = ORIENTED_EDGE('',*,*,#9917,.T.);
#9917 = EDGE_CURVE('',#728,#4375,#9918,.T.);
#9918 = LINE('',#9919,#9920);
#9919 = CARTESIAN_POINT('',(113.172,-60.507,0.));
#9920 = VECTOR('',#9921,1.);
#9921 = DIRECTION('',(0.,0.,1.));
#9922 = ORIENTED_EDGE('',*,*,#4374,.T.);
#9923 = ORIENTED_EDGE('',*,*,#9883,.F.);
#9924 = ORIENTED_EDGE('',*,*,#727,.F.);
#9925 = PLANE('',#9926);
#9926 = AXIS2_PLACEMENT_3D('',#9927,#9928,#9929);
#9927 = CARTESIAN_POINT('',(113.172,-60.507,0.));
#9928 = DIRECTION('',(-0.675676594624,0.737198168389,0.));
#9929 = DIRECTION('',(0.737198168389,0.675676594624,0.));
#9930 = ADVANCED_FACE('',(#9931),#9942,.T.);
#9931 = FACE_BOUND('',#9932,.T.);
#9932 = EDGE_LOOP('',(#9933,#9934,#9935,#9941));
#9933 = ORIENTED_EDGE('',*,*,#9902,.T.);
#9934 = ORIENTED_EDGE('',*,*,#6054,.T.);
#9935 = ORIENTED_EDGE('',*,*,#9936,.F.);
#9936 = EDGE_CURVE('',#2400,#6047,#9937,.T.);
#9937 = LINE('',#9938,#9939);
#9938 = CARTESIAN_POINT('',(197.,-116.687,0.));
#9939 = VECTOR('',#9940,1.);
#9940 = DIRECTION('',(0.,0.,1.));
#9941 = ORIENTED_EDGE('',*,*,#2407,.F.);
#9942 = PLANE('',#9943);
#9943 = AXIS2_PLACEMENT_3D('',#9944,#9945,#9946);
#9944 = CARTESIAN_POINT('',(197.,-115.788,0.));
#9945 = DIRECTION('',(1.,0.,-0.));
#9946 = DIRECTION('',(0.,-1.,0.));
#9947 = ADVANCED_FACE('',(#9948),#9959,.T.);
#9948 = FACE_BOUND('',#9949,.T.);
#9949 = EDGE_LOOP('',(#9950,#9956,#9957,#9958));
#9950 = ORIENTED_EDGE('',*,*,#9951,.T.);
#9951 = EDGE_CURVE('',#736,#4383,#9952,.T.);
#9952 = LINE('',#9953,#9954);
#9953 = CARTESIAN_POINT('',(112.488,-61.156,0.));
#9954 = VECTOR('',#9955,1.);
#9955 = DIRECTION('',(0.,0.,1.));
#9956 = ORIENTED_EDGE('',*,*,#4382,.T.);
#9957 = ORIENTED_EDGE('',*,*,#9917,.F.);
#9958 = ORIENTED_EDGE('',*,*,#735,.F.);
#9959 = PLANE('',#9960);
#9960 = AXIS2_PLACEMENT_3D('',#9961,#9962,#9963);
#9961 = CARTESIAN_POINT('',(112.488,-61.156,0.));
#9962 = DIRECTION('',(-0.688303366875,0.725422962932,0.));
#9963 = DIRECTION('',(0.725422962932,0.688303366875,0.));
#9964 = ADVANCED_FACE('',(#9965),#9976,.T.);
#9965 = FACE_BOUND('',#9966,.T.);
#9966 = EDGE_LOOP('',(#9967,#9968,#9969,#9975));
#9967 = ORIENTED_EDGE('',*,*,#9936,.T.);
#9968 = ORIENTED_EDGE('',*,*,#6046,.T.);
#9969 = ORIENTED_EDGE('',*,*,#9970,.F.);
#9970 = EDGE_CURVE('',#2392,#6039,#9971,.T.);
#9971 = LINE('',#9972,#9973);
#9972 = CARTESIAN_POINT('',(197.,-117.581,0.));
#9973 = VECTOR('',#9974,1.);
#9974 = DIRECTION('',(0.,0.,1.));
#9975 = ORIENTED_EDGE('',*,*,#2399,.F.);
#9976 = PLANE('',#9977);
#9977 = AXIS2_PLACEMENT_3D('',#9978,#9979,#9980);
#9978 = CARTESIAN_POINT('',(197.,-116.687,0.));
#9979 = DIRECTION('',(1.,0.,-0.));
#9980 = DIRECTION('',(0.,-1.,0.));
#9981 = ADVANCED_FACE('',(#9982),#9993,.T.);
#9982 = FACE_BOUND('',#9983,.T.);
#9983 = EDGE_LOOP('',(#9984,#9990,#9991,#9992));
#9984 = ORIENTED_EDGE('',*,*,#9985,.T.);
#9985 = EDGE_CURVE('',#744,#4391,#9986,.T.);
#9986 = LINE('',#9987,#9988);
#9987 = CARTESIAN_POINT('',(111.816,-61.816,0.));
#9988 = VECTOR('',#9989,1.);
#9989 = DIRECTION('',(0.,0.,1.));
#9990 = ORIENTED_EDGE('',*,*,#4390,.T.);
#9991 = ORIENTED_EDGE('',*,*,#9951,.F.);
#9992 = ORIENTED_EDGE('',*,*,#743,.F.);
#9993 = PLANE('',#9994);
#9994 = AXIS2_PLACEMENT_3D('',#9995,#9996,#9997);
#9995 = CARTESIAN_POINT('',(111.816,-61.816,0.));
#9996 = DIRECTION('',(-0.700708014884,0.713448160609,0.));
#9997 = DIRECTION('',(0.713448160609,0.700708014884,0.));
#9998 = ADVANCED_FACE('',(#9999),#10010,.T.);
#9999 = FACE_BOUND('',#10000,.T.);
#10000 = EDGE_LOOP('',(#10001,#10002,#10003,#10009));
#10001 = ORIENTED_EDGE('',*,*,#9970,.T.);
#10002 = ORIENTED_EDGE('',*,*,#6038,.T.);
#10003 = ORIENTED_EDGE('',*,*,#10004,.F.);
#10004 = EDGE_CURVE('',#2384,#6031,#10005,.T.);
#10005 = LINE('',#10006,#10007);
#10006 = CARTESIAN_POINT('',(197.,-118.469,0.));
#10007 = VECTOR('',#10008,1.);
#10008 = DIRECTION('',(0.,0.,1.));
#10009 = ORIENTED_EDGE('',*,*,#2391,.F.);
#10010 = PLANE('',#10011);
#10011 = AXIS2_PLACEMENT_3D('',#10012,#10013,#10014);
#10012 = CARTESIAN_POINT('',(197.,-117.581,0.));
#10013 = DIRECTION('',(1.,0.,-0.));
#10014 = DIRECTION('',(0.,-1.,0.));
#10015 = ADVANCED_FACE('',(#10016),#10027,.T.);
#10016 = FACE_BOUND('',#10017,.T.);
#10017 = EDGE_LOOP('',(#10018,#10024,#10025,#10026));
#10018 = ORIENTED_EDGE('',*,*,#10019,.T.);
#10019 = EDGE_CURVE('',#752,#4399,#10020,.T.);
#10020 = LINE('',#10021,#10022);
#10021 = CARTESIAN_POINT('',(111.156,-62.488,0.));
#10022 = VECTOR('',#10023,1.);
#10023 = DIRECTION('',(0.,0.,1.));
#10024 = ORIENTED_EDGE('',*,*,#4398,.T.);
#10025 = ORIENTED_EDGE('',*,*,#9985,.F.);
#10026 = ORIENTED_EDGE('',*,*,#751,.F.);
#10027 = PLANE('',#10028);
#10028 = AXIS2_PLACEMENT_3D('',#10029,#10030,#10031);
#10029 = CARTESIAN_POINT('',(111.156,-62.488,0.));
#10030 = DIRECTION('',(-0.713448160609,0.700708014884,0.));
#10031 = DIRECTION('',(0.700708014884,0.713448160609,0.));
#10032 = ADVANCED_FACE('',(#10033),#10044,.T.);
#10033 = FACE_BOUND('',#10034,.T.);
#10034 = EDGE_LOOP('',(#10035,#10036,#10037,#10043));
#10035 = ORIENTED_EDGE('',*,*,#10004,.T.);
#10036 = ORIENTED_EDGE('',*,*,#6030,.T.);
#10037 = ORIENTED_EDGE('',*,*,#10038,.F.);
#10038 = EDGE_CURVE('',#2376,#6023,#10039,.T.);
#10039 = LINE('',#10040,#10041);
#10040 = CARTESIAN_POINT('',(197.,-119.352,0.));
#10041 = VECTOR('',#10042,1.);
#10042 = DIRECTION('',(0.,0.,1.));
#10043 = ORIENTED_EDGE('',*,*,#2383,.F.);
#10044 = PLANE('',#10045);
#10045 = AXIS2_PLACEMENT_3D('',#10046,#10047,#10048);
#10046 = CARTESIAN_POINT('',(197.,-118.469,0.));
#10047 = DIRECTION('',(1.,0.,-0.));
#10048 = DIRECTION('',(0.,-1.,0.));
#10049 = ADVANCED_FACE('',(#10050),#10061,.T.);
#10050 = FACE_BOUND('',#10051,.T.);
#10051 = EDGE_LOOP('',(#10052,#10058,#10059,#10060));
#10052 = ORIENTED_EDGE('',*,*,#10053,.T.);
#10053 = EDGE_CURVE('',#760,#4407,#10054,.T.);
#10054 = LINE('',#10055,#10056);
#10055 = CARTESIAN_POINT('',(110.507,-63.172,0.));
#10056 = VECTOR('',#10057,1.);
#10057 = DIRECTION('',(0.,0.,1.));
#10058 = ORIENTED_EDGE('',*,*,#4406,.T.);
#10059 = ORIENTED_EDGE('',*,*,#10019,.F.);
#10060 = ORIENTED_EDGE('',*,*,#759,.F.);
#10061 = PLANE('',#10062);
#10062 = AXIS2_PLACEMENT_3D('',#10063,#10064,#10065);
#10063 = CARTESIAN_POINT('',(110.507,-63.172,0.));
#10064 = DIRECTION('',(-0.725422962932,0.688303366875,0.));
#10065 = DIRECTION('',(0.688303366875,0.725422962932,0.));
#10066 = ADVANCED_FACE('',(#10067),#10078,.T.);
#10067 = FACE_BOUND('',#10068,.T.);
#10068 = EDGE_LOOP('',(#10069,#10070,#10071,#10077));
#10069 = ORIENTED_EDGE('',*,*,#10038,.T.);
#10070 = ORIENTED_EDGE('',*,*,#6022,.T.);
#10071 = ORIENTED_EDGE('',*,*,#10072,.F.);
#10072 = EDGE_CURVE('',#2368,#6015,#10073,.T.);
#10073 = LINE('',#10074,#10075);
#10074 = CARTESIAN_POINT('',(197.,-120.229,0.));
#10075 = VECTOR('',#10076,1.);
#10076 = DIRECTION('',(0.,0.,1.));
#10077 = ORIENTED_EDGE('',*,*,#2375,.F.);
#10078 = PLANE('',#10079);
#10079 = AXIS2_PLACEMENT_3D('',#10080,#10081,#10082);
#10080 = CARTESIAN_POINT('',(197.,-119.352,0.));
#10081 = DIRECTION('',(1.,0.,-0.));
#10082 = DIRECTION('',(0.,-1.,0.));
#10083 = ADVANCED_FACE('',(#10084),#10095,.T.);
#10084 = FACE_BOUND('',#10085,.T.);
#10085 = EDGE_LOOP('',(#10086,#10092,#10093,#10094));
#10086 = ORIENTED_EDGE('',*,*,#10087,.T.);
#10087 = EDGE_CURVE('',#768,#4415,#10088,.T.);
#10088 = LINE('',#10089,#10090);
#10089 = CARTESIAN_POINT('',(109.87,-63.867,0.));
#10090 = VECTOR('',#10091,1.);
#10091 = DIRECTION('',(0.,0.,1.));
#10092 = ORIENTED_EDGE('',*,*,#4414,.T.);
#10093 = ORIENTED_EDGE('',*,*,#10053,.F.);
#10094 = ORIENTED_EDGE('',*,*,#767,.F.);
#10095 = PLANE('',#10096);
#10096 = AXIS2_PLACEMENT_3D('',#10097,#10098,#10099);
#10097 = CARTESIAN_POINT('',(109.87,-63.867,0.));
#10098 = DIRECTION('',(-0.737198168389,0.675676594625,0.));
#10099 = DIRECTION('',(0.675676594625,0.737198168389,0.));
#10100 = ADVANCED_FACE('',(#10101),#10112,.T.);
#10101 = FACE_BOUND('',#10102,.T.);
#10102 = EDGE_LOOP('',(#10103,#10104,#10105,#10111));
#10103 = ORIENTED_EDGE('',*,*,#10072,.T.);
#10104 = ORIENTED_EDGE('',*,*,#6014,.T.);
#10105 = ORIENTED_EDGE('',*,*,#10106,.F.);
#10106 = EDGE_CURVE('',#2360,#6007,#10107,.T.);
#10107 = LINE('',#10108,#10109);
#10108 = CARTESIAN_POINT('',(197.,-121.099,0.));
#10109 = VECTOR('',#10110,1.);
#10110 = DIRECTION('',(0.,0.,1.));
#10111 = ORIENTED_EDGE('',*,*,#2367,.F.);
#10112 = PLANE('',#10113);
#10113 = AXIS2_PLACEMENT_3D('',#10114,#10115,#10116);
#10114 = CARTESIAN_POINT('',(197.,-120.229,0.));
#10115 = DIRECTION('',(1.,0.,-0.));
#10116 = DIRECTION('',(0.,-1.,0.));
#10117 = ADVANCED_FACE('',(#10118),#10129,.T.);
#10118 = FACE_BOUND('',#10119,.T.);
#10119 = EDGE_LOOP('',(#10120,#10126,#10127,#10128));
#10120 = ORIENTED_EDGE('',*,*,#10121,.T.);
#10121 = EDGE_CURVE('',#776,#4423,#10122,.T.);
#10122 = LINE('',#10123,#10124);
#10123 = CARTESIAN_POINT('',(109.246,-64.572999,0.));
#10124 = VECTOR('',#10125,1.);
#10125 = DIRECTION('',(0.,0.,1.));
#10126 = ORIENTED_EDGE('',*,*,#4422,.T.);
#10127 = ORIENTED_EDGE('',*,*,#10087,.F.);
#10128 = ORIENTED_EDGE('',*,*,#775,.F.);
#10129 = PLANE('',#10130);
#10130 = AXIS2_PLACEMENT_3D('',#10131,#10132,#10133);
#10131 = CARTESIAN_POINT('',(109.246,-64.572999,0.));
#10132 = DIRECTION('',(-0.749279629779,0.662253755292,0.));
#10133 = DIRECTION('',(0.662253755292,0.749279629779,0.));
#10134 = ADVANCED_FACE('',(#10135),#10146,.T.);
#10135 = FACE_BOUND('',#10136,.T.);
#10136 = EDGE_LOOP('',(#10137,#10138,#10139,#10145));
#10137 = ORIENTED_EDGE('',*,*,#10106,.T.);
#10138 = ORIENTED_EDGE('',*,*,#6006,.T.);
#10139 = ORIENTED_EDGE('',*,*,#10140,.F.);
#10140 = EDGE_CURVE('',#2352,#5999,#10141,.T.);
#10141 = LINE('',#10142,#10143);
#10142 = CARTESIAN_POINT('',(197.,-121.964,0.));
#10143 = VECTOR('',#10144,1.);
#10144 = DIRECTION('',(0.,0.,1.));
#10145 = ORIENTED_EDGE('',*,*,#2359,.F.);
#10146 = PLANE('',#10147);
#10147 = AXIS2_PLACEMENT_3D('',#10148,#10149,#10150);
#10148 = CARTESIAN_POINT('',(197.,-121.099,0.));
#10149 = DIRECTION('',(1.,0.,-0.));
#10150 = DIRECTION('',(0.,-1.,0.));
#10151 = ADVANCED_FACE('',(#10152),#10163,.T.);
#10152 = FACE_BOUND('',#10153,.T.);
#10153 = EDGE_LOOP('',(#10154,#10160,#10161,#10162));
#10154 = ORIENTED_EDGE('',*,*,#10155,.T.);
#10155 = EDGE_CURVE('',#784,#4431,#10156,.T.);
#10156 = LINE('',#10157,#10158);
#10157 = CARTESIAN_POINT('',(108.634,-65.289,0.));
#10158 = VECTOR('',#10159,1.);
#10159 = DIRECTION('',(0.,0.,1.));
#10160 = ORIENTED_EDGE('',*,*,#4430,.T.);
#10161 = ORIENTED_EDGE('',*,*,#10121,.F.);
#10162 = ORIENTED_EDGE('',*,*,#783,.F.);
#10163 = PLANE('',#10164);
#10164 = AXIS2_PLACEMENT_3D('',#10165,#10166,#10167);
#10165 = CARTESIAN_POINT('',(108.634,-65.289,0.));
#10166 = DIRECTION('',(-0.760155621954,0.649741048736,0.));
#10167 = DIRECTION('',(0.649741048736,0.760155621954,0.));
#10168 = ADVANCED_FACE('',(#10169),#10180,.T.);
#10169 = FACE_BOUND('',#10170,.T.);
#10170 = EDGE_LOOP('',(#10171,#10172,#10173,#10179));
#10171 = ORIENTED_EDGE('',*,*,#10140,.T.);
#10172 = ORIENTED_EDGE('',*,*,#5998,.T.);
#10173 = ORIENTED_EDGE('',*,*,#10174,.F.);
#10174 = EDGE_CURVE('',#2344,#5991,#10175,.T.);
#10175 = LINE('',#10176,#10177);
#10176 = CARTESIAN_POINT('',(197.,-122.821,0.));
#10177 = VECTOR('',#10178,1.);
#10178 = DIRECTION('',(0.,0.,1.));
#10179 = ORIENTED_EDGE('',*,*,#2351,.F.);
#10180 = PLANE('',#10181);
#10181 = AXIS2_PLACEMENT_3D('',#10182,#10183,#10184);
#10182 = CARTESIAN_POINT('',(197.,-121.964,0.));
#10183 = DIRECTION('',(1.,0.,-0.));
#10184 = DIRECTION('',(0.,-1.,0.));
#10185 = ADVANCED_FACE('',(#10186),#10197,.T.);
#10186 = FACE_BOUND('',#10187,.T.);
#10187 = EDGE_LOOP('',(#10188,#10194,#10195,#10196));
#10188 = ORIENTED_EDGE('',*,*,#10189,.T.);
#10189 = EDGE_CURVE('',#792,#4439,#10190,.T.);
#10190 = LINE('',#10191,#10192);
#10191 = CARTESIAN_POINT('',(108.034,-66.016999,0.));
#10192 = VECTOR('',#10193,1.);
#10193 = DIRECTION('',(0.,0.,1.));
#10194 = ORIENTED_EDGE('',*,*,#4438,.T.);
#10195 = ORIENTED_EDGE('',*,*,#10155,.F.);
#10196 = ORIENTED_EDGE('',*,*,#791,.F.);
#10197 = PLANE('',#10198);
#10198 = AXIS2_PLACEMENT_3D('',#10199,#10200,#10201);
#10199 = CARTESIAN_POINT('',(108.034,-66.016999,0.));
#10200 = DIRECTION('',(-0.771684964398,0.63600496517,0.));
#10201 = DIRECTION('',(0.63600496517,0.771684964398,0.));
#10202 = ADVANCED_FACE('',(#10203),#10214,.T.);
#10203 = FACE_BOUND('',#10204,.T.);
#10204 = EDGE_LOOP('',(#10205,#10206,#10207,#10213));
#10205 = ORIENTED_EDGE('',*,*,#10174,.T.);
#10206 = ORIENTED_EDGE('',*,*,#5990,.T.);
#10207 = ORIENTED_EDGE('',*,*,#10208,.F.);
#10208 = EDGE_CURVE('',#2336,#5983,#10209,.T.);
#10209 = LINE('',#10210,#10211);
#10210 = CARTESIAN_POINT('',(197.,-123.672,0.));
#10211 = VECTOR('',#10212,1.);
#10212 = DIRECTION('',(0.,0.,1.));
#10213 = ORIENTED_EDGE('',*,*,#2343,.F.);
#10214 = PLANE('',#10215);
#10215 = AXIS2_PLACEMENT_3D('',#10216,#10217,#10218);
#10216 = CARTESIAN_POINT('',(197.,-122.821,0.));
#10217 = DIRECTION('',(1.,0.,-0.));
#10218 = DIRECTION('',(0.,-1.,0.));
#10219 = ADVANCED_FACE('',(#10220),#10231,.T.);
#10220 = FACE_BOUND('',#10221,.T.);
#10221 = EDGE_LOOP('',(#10222,#10228,#10229,#10230));
#10222 = ORIENTED_EDGE('',*,*,#10223,.T.);
#10223 = EDGE_CURVE('',#800,#4447,#10224,.T.);
#10224 = LINE('',#10225,#10226);
#10225 = CARTESIAN_POINT('',(107.447,-66.754,0.));
#10226 = VECTOR('',#10227,1.);
#10227 = DIRECTION('',(0.,0.,1.));
#10228 = ORIENTED_EDGE('',*,*,#4446,.T.);
#10229 = ORIENTED_EDGE('',*,*,#10189,.F.);
#10230 = ORIENTED_EDGE('',*,*,#799,.F.);
#10231 = PLANE('',#10232);
#10232 = AXIS2_PLACEMENT_3D('',#10233,#10234,#10235);
#10233 = CARTESIAN_POINT('',(107.447,-66.754,0.));
#10234 = DIRECTION('',(-0.782213507775,0.623010455975,0.));
#10235 = DIRECTION('',(0.623010455975,0.782213507775,0.));
#10236 = ADVANCED_FACE('',(#10237),#10248,.T.);
#10237 = FACE_BOUND('',#10238,.T.);
#10238 = EDGE_LOOP('',(#10239,#10240,#10241,#10247));
#10239 = ORIENTED_EDGE('',*,*,#10208,.T.);
#10240 = ORIENTED_EDGE('',*,*,#5982,.T.);
#10241 = ORIENTED_EDGE('',*,*,#10242,.F.);
#10242 = EDGE_CURVE('',#2328,#5975,#10243,.T.);
#10243 = LINE('',#10244,#10245);
#10244 = CARTESIAN_POINT('',(197.,-124.515,0.));
#10245 = VECTOR('',#10246,1.);
#10246 = DIRECTION('',(0.,0.,1.));
#10247 = ORIENTED_EDGE('',*,*,#2335,.F.);
#10248 = PLANE('',#10249);
#10249 = AXIS2_PLACEMENT_3D('',#10250,#10251,#10252);
#10250 = CARTESIAN_POINT('',(197.,-123.672,0.));
#10251 = DIRECTION('',(1.,0.,-0.));
#10252 = DIRECTION('',(0.,-1.,0.));
#10253 = ADVANCED_FACE('',(#10254),#10265,.T.);
#10254 = FACE_BOUND('',#10255,.T.);
#10255 = EDGE_LOOP('',(#10256,#10262,#10263,#10264));
#10256 = ORIENTED_EDGE('',*,*,#10257,.T.);
#10257 = EDGE_CURVE('',#808,#4455,#10258,.T.);
#10258 = LINE('',#10259,#10260);
#10259 = CARTESIAN_POINT('',(106.874,-67.502,0.));
#10260 = VECTOR('',#10261,1.);
#10261 = DIRECTION('',(0.,0.,1.));
#10262 = ORIENTED_EDGE('',*,*,#4454,.T.);
#10263 = ORIENTED_EDGE('',*,*,#10223,.F.);
#10264 = ORIENTED_EDGE('',*,*,#807,.F.);
#10265 = PLANE('',#10266);
#10266 = AXIS2_PLACEMENT_3D('',#10267,#10268,#10269);
#10267 = CARTESIAN_POINT('',(106.874,-67.502,0.));
#10268 = DIRECTION('',(-0.793845443172,0.608119570772,0.));
#10269 = DIRECTION('',(0.608119570772,0.793845443172,0.));
#10270 = ADVANCED_FACE('',(#10271),#10282,.T.);
#10271 = FACE_BOUND('',#10272,.T.);
#10272 = EDGE_LOOP('',(#10273,#10274,#10275,#10281));
#10273 = ORIENTED_EDGE('',*,*,#10242,.T.);
#10274 = ORIENTED_EDGE('',*,*,#5974,.T.);
#10275 = ORIENTED_EDGE('',*,*,#10276,.F.);
#10276 = EDGE_CURVE('',#2320,#5967,#10277,.T.);
#10277 = LINE('',#10278,#10279);
#10278 = CARTESIAN_POINT('',(197.,-125.351,0.));
#10279 = VECTOR('',#10280,1.);
#10280 = DIRECTION('',(0.,0.,1.));
#10281 = ORIENTED_EDGE('',*,*,#2327,.F.);
#10282 = PLANE('',#10283);
#10283 = AXIS2_PLACEMENT_3D('',#10284,#10285,#10286);
#10284 = CARTESIAN_POINT('',(197.,-124.515,0.));
#10285 = DIRECTION('',(1.,0.,-0.));
#10286 = DIRECTION('',(0.,-1.,0.));
#10287 = ADVANCED_FACE('',(#10288),#10299,.T.);
#10288 = FACE_BOUND('',#10289,.T.);
#10289 = EDGE_LOOP('',(#10290,#10296,#10297,#10298));
#10290 = ORIENTED_EDGE('',*,*,#10291,.T.);
#10291 = EDGE_CURVE('',#816,#4463,#10292,.T.);
#10292 = LINE('',#10293,#10294);
#10293 = CARTESIAN_POINT('',(106.313,-68.26,0.));
#10294 = VECTOR('',#10295,1.);
#10295 = DIRECTION('',(0.,0.,1.));
#10296 = ORIENTED_EDGE('',*,*,#4462,.T.);
#10297 = ORIENTED_EDGE('',*,*,#10257,.F.);
#10298 = ORIENTED_EDGE('',*,*,#815,.F.);
#10299 = PLANE('',#10300);
#10300 = AXIS2_PLACEMENT_3D('',#10301,#10302,#10303);
#10301 = CARTESIAN_POINT('',(106.313,-68.26,0.));
#10302 = DIRECTION('',(-0.803801333173,0.594897820462,0.));
#10303 = DIRECTION('',(0.594897820462,0.803801333173,0.));
#10304 = ADVANCED_FACE('',(#10305),#10316,.T.);
#10305 = FACE_BOUND('',#10306,.T.);
#10306 = EDGE_LOOP('',(#10307,#10308,#10309,#10315));
#10307 = ORIENTED_EDGE('',*,*,#10276,.T.);
#10308 = ORIENTED_EDGE('',*,*,#5966,.T.);
#10309 = ORIENTED_EDGE('',*,*,#10310,.F.);
#10310 = EDGE_CURVE('',#2312,#5959,#10311,.T.);
#10311 = LINE('',#10312,#10313);
#10312 = CARTESIAN_POINT('',(197.,-126.18,0.));
#10313 = VECTOR('',#10314,1.);
#10314 = DIRECTION('',(0.,0.,1.));
#10315 = ORIENTED_EDGE('',*,*,#2319,.F.);
#10316 = PLANE('',#10317);
#10317 = AXIS2_PLACEMENT_3D('',#10318,#10319,#10320);
#10318 = CARTESIAN_POINT('',(197.,-125.351,0.));
#10319 = DIRECTION('',(1.,0.,-0.));
#10320 = DIRECTION('',(0.,-1.,0.));
#10321 = ADVANCED_FACE('',(#10322),#10333,.T.);
#10322 = FACE_BOUND('',#10323,.T.);
#10323 = EDGE_LOOP('',(#10324,#10330,#10331,#10332));
#10324 = ORIENTED_EDGE('',*,*,#10325,.T.);
#10325 = EDGE_CURVE('',#824,#4471,#10326,.T.);
#10326 = LINE('',#10327,#10328);
#10327 = CARTESIAN_POINT('',(105.766,-69.027,0.));
#10328 = VECTOR('',#10329,1.);
#10329 = DIRECTION('',(0.,0.,1.));
#10330 = ORIENTED_EDGE('',*,*,#4470,.T.);
#10331 = ORIENTED_EDGE('',*,*,#10291,.F.);
#10332 = ORIENTED_EDGE('',*,*,#823,.F.);
#10333 = PLANE('',#10334);
#10334 = AXIS2_PLACEMENT_3D('',#10335,#10336,#10337);
#10335 = CARTESIAN_POINT('',(105.766,-69.027,0.));
#10336 = DIRECTION('',(-0.814163582362,0.580635566561,0.));
#10337 = DIRECTION('',(0.580635566561,0.814163582362,0.));
#10338 = ADVANCED_FACE('',(#10339),#10350,.T.);
#10339 = FACE_BOUND('',#10340,.T.);
#10340 = EDGE_LOOP('',(#10341,#10342,#10343,#10349));
#10341 = ORIENTED_EDGE('',*,*,#10310,.T.);
#10342 = ORIENTED_EDGE('',*,*,#5958,.T.);
#10343 = ORIENTED_EDGE('',*,*,#10344,.F.);
#10344 = EDGE_CURVE('',#2304,#5951,#10345,.T.);
#10345 = LINE('',#10346,#10347);
#10346 = CARTESIAN_POINT('',(196.765,-127.,0.));
#10347 = VECTOR('',#10348,1.);
#10348 = DIRECTION('',(0.,0.,1.));
#10349 = ORIENTED_EDGE('',*,*,#2311,.F.);
#10350 = PLANE('',#10351);
#10351 = AXIS2_PLACEMENT_3D('',#10352,#10353,#10354);
#10352 = CARTESIAN_POINT('',(197.,-126.18,0.));
#10353 = DIRECTION('',(0.961302443514,-0.27549521247,0.));
#10354 = DIRECTION('',(-0.27549521247,-0.961302443514,0.));
#10355 = ADVANCED_FACE('',(#10356),#10367,.T.);
#10356 = FACE_BOUND('',#10357,.T.);
#10357 = EDGE_LOOP('',(#10358,#10364,#10365,#10366));
#10358 = ORIENTED_EDGE('',*,*,#10359,.T.);
#10359 = EDGE_CURVE('',#832,#4479,#10360,.T.);
#10360 = LINE('',#10361,#10362);
#10361 = CARTESIAN_POINT('',(105.232,-69.804,0.));
#10362 = VECTOR('',#10363,1.);
#10363 = DIRECTION('',(0.,0.,1.));
#10364 = ORIENTED_EDGE('',*,*,#4478,.T.);
#10365 = ORIENTED_EDGE('',*,*,#10325,.F.);
#10366 = ORIENTED_EDGE('',*,*,#831,.F.);
#10367 = PLANE('',#10368);
#10368 = AXIS2_PLACEMENT_3D('',#10369,#10370,#10371);
#10369 = CARTESIAN_POINT('',(105.232,-69.804,0.));
#10370 = DIRECTION('',(-0.82413475627,0.566393770718,0.));
#10371 = DIRECTION('',(0.566393770718,0.82413475627,0.));
#10372 = ADVANCED_FACE('',(#10373),#10384,.T.);
#10373 = FACE_BOUND('',#10374,.T.);
#10374 = EDGE_LOOP('',(#10375,#10376,#10377,#10383));
#10375 = ORIENTED_EDGE('',*,*,#10344,.T.);
#10376 = ORIENTED_EDGE('',*,*,#5950,.T.);
#10377 = ORIENTED_EDGE('',*,*,#10378,.F.);
#10378 = EDGE_CURVE('',#2296,#5943,#10379,.T.);
#10379 = LINE('',#10380,#10381);
#10380 = CARTESIAN_POINT('',(196.287,-127.812,0.));
#10381 = VECTOR('',#10382,1.);
#10382 = DIRECTION('',(0.,0.,1.));
#10383 = ORIENTED_EDGE('',*,*,#2303,.F.);
#10384 = PLANE('',#10385);
#10385 = AXIS2_PLACEMENT_3D('',#10386,#10387,#10388);
#10386 = CARTESIAN_POINT('',(196.765,-127.,0.));
#10387 = DIRECTION('',(0.86177047455,-0.507298382802,0.));
#10388 = DIRECTION('',(-0.507298382802,-0.86177047455,0.));
#10389 = ADVANCED_FACE('',(#10390),#10401,.T.);
#10390 = FACE_BOUND('',#10391,.T.);
#10391 = EDGE_LOOP('',(#10392,#10398,#10399,#10400));
#10392 = ORIENTED_EDGE('',*,*,#10393,.T.);
#10393 = EDGE_CURVE('',#840,#4487,#10394,.T.);
#10394 = LINE('',#10395,#10396);
#10395 = CARTESIAN_POINT('',(104.712,-70.589,0.));
#10396 = VECTOR('',#10397,1.);
#10397 = DIRECTION('',(0.,0.,1.));
#10398 = ORIENTED_EDGE('',*,*,#4486,.T.);
#10399 = ORIENTED_EDGE('',*,*,#10359,.F.);
#10400 = ORIENTED_EDGE('',*,*,#839,.F.);
#10401 = PLANE('',#10402);
#10402 = AXIS2_PLACEMENT_3D('',#10403,#10404,#10405);
#10403 = CARTESIAN_POINT('',(104.712,-70.589,0.));
#10404 = DIRECTION('',(-0.833680551753,0.552246989696,0.));
#10405 = DIRECTION('',(0.552246989696,0.833680551753,0.));
#10406 = ADVANCED_FACE('',(#10407),#10418,.T.);
#10407 = FACE_BOUND('',#10408,.T.);
#10408 = EDGE_LOOP('',(#10409,#10410,#10411,#10417));
#10409 = ORIENTED_EDGE('',*,*,#10378,.T.);
#10410 = ORIENTED_EDGE('',*,*,#5942,.T.);
#10411 = ORIENTED_EDGE('',*,*,#10412,.F.);
#10412 = EDGE_CURVE('',#2288,#5935,#10413,.T.);
#10413 = LINE('',#10414,#10415);
#10414 = CARTESIAN_POINT('',(195.795,-128.616,0.));
#10415 = VECTOR('',#10416,1.);
#10416 = DIRECTION('',(0.,0.,1.));
#10417 = ORIENTED_EDGE('',*,*,#2295,.F.);
#10418 = PLANE('',#10419);
#10419 = AXIS2_PLACEMENT_3D('',#10420,#10421,#10422);
#10420 = CARTESIAN_POINT('',(196.287,-127.812,0.));
#10421 = DIRECTION('',(0.852966983083,-0.521964870245,0.));
#10422 = DIRECTION('',(-0.521964870245,-0.852966983083,0.));
#10423 = ADVANCED_FACE('',(#10424),#10435,.T.);
#10424 = FACE_BOUND('',#10425,.T.);
#10425 = EDGE_LOOP('',(#10426,#10432,#10433,#10434));
#10426 = ORIENTED_EDGE('',*,*,#10427,.T.);
#10427 = EDGE_CURVE('',#848,#4495,#10428,.T.);
#10428 = LINE('',#10429,#10430);
#10429 = CARTESIAN_POINT('',(104.205,-71.384,0.));
#10430 = VECTOR('',#10431,1.);
#10431 = DIRECTION('',(0.,0.,1.));
#10432 = ORIENTED_EDGE('',*,*,#4494,.T.);
#10433 = ORIENTED_EDGE('',*,*,#10393,.F.);
#10434 = ORIENTED_EDGE('',*,*,#847,.F.);
#10435 = PLANE('',#10436);
#10436 = AXIS2_PLACEMENT_3D('',#10437,#10438,#10439);
#10437 = CARTESIAN_POINT('',(104.205,-71.384,0.));
#10438 = DIRECTION('',(-0.84313704949,0.537698722127,0.));
#10439 = DIRECTION('',(0.537698722127,0.84313704949,0.));
#10440 = ADVANCED_FACE('',(#10441),#10452,.T.);
#10441 = FACE_BOUND('',#10442,.T.);
#10442 = EDGE_LOOP('',(#10443,#10444,#10445,#10451));
#10443 = ORIENTED_EDGE('',*,*,#10412,.T.);
#10444 = ORIENTED_EDGE('',*,*,#5934,.T.);
#10445 = ORIENTED_EDGE('',*,*,#10446,.F.);
#10446 = EDGE_CURVE('',#2280,#5927,#10447,.T.);
#10447 = LINE('',#10448,#10449);
#10448 = CARTESIAN_POINT('',(195.288,-129.411,0.));
#10449 = VECTOR('',#10450,1.);
#10450 = DIRECTION('',(0.,0.,1.));
#10451 = ORIENTED_EDGE('',*,*,#2287,.F.);
#10452 = PLANE('',#10453);
#10453 = AXIS2_PLACEMENT_3D('',#10454,#10455,#10456);
#10454 = CARTESIAN_POINT('',(195.795,-128.616,0.));
#10455 = DIRECTION('',(0.84313704949,-0.537698722127,0.));
#10456 = DIRECTION('',(-0.537698722127,-0.84313704949,0.));
#10457 = ADVANCED_FACE('',(#10458),#10469,.T.);
#10458 = FACE_BOUND('',#10459,.T.);
#10459 = EDGE_LOOP('',(#10460,#10466,#10467,#10468));
#10460 = ORIENTED_EDGE('',*,*,#10461,.T.);
#10461 = EDGE_CURVE('',#856,#4503,#10462,.T.);
#10462 = LINE('',#10463,#10464);
#10463 = CARTESIAN_POINT('',(103.713,-72.188,0.));
#10464 = VECTOR('',#10465,1.);
#10465 = DIRECTION('',(0.,0.,1.));
#10466 = ORIENTED_EDGE('',*,*,#4502,.T.);
#10467 = ORIENTED_EDGE('',*,*,#10427,.F.);
#10468 = ORIENTED_EDGE('',*,*,#855,.F.);
#10469 = PLANE('',#10470);
#10470 = AXIS2_PLACEMENT_3D('',#10471,#10472,#10473);
#10471 = CARTESIAN_POINT('',(103.713,-72.188,0.));
#10472 = DIRECTION('',(-0.852966983083,0.521964870245,0.));
#10473 = DIRECTION('',(0.521964870245,0.852966983083,0.));
#10474 = ADVANCED_FACE('',(#10475),#10486,.T.);
#10475 = FACE_BOUND('',#10476,.T.);
#10476 = EDGE_LOOP('',(#10477,#10478,#10479,#10485));
#10477 = ORIENTED_EDGE('',*,*,#10446,.T.);
#10478 = ORIENTED_EDGE('',*,*,#5926,.T.);
#10479 = ORIENTED_EDGE('',*,*,#10480,.F.);
#10480 = EDGE_CURVE('',#2272,#5919,#10481,.T.);
#10481 = LINE('',#10482,#10483);
#10482 = CARTESIAN_POINT('',(194.768,-130.196,0.));
#10483 = VECTOR('',#10484,1.);
#10484 = DIRECTION('',(0.,0.,1.));
#10485 = ORIENTED_EDGE('',*,*,#2279,.F.);
#10486 = PLANE('',#10487);
#10487 = AXIS2_PLACEMENT_3D('',#10488,#10489,#10490);
#10488 = CARTESIAN_POINT('',(195.288,-129.411,0.));
#10489 = DIRECTION('',(0.833680551753,-0.552246989696,0.));
#10490 = DIRECTION('',(-0.552246989696,-0.833680551753,0.));
#10491 = ADVANCED_FACE('',(#10492),#10503,.T.);
#10492 = FACE_BOUND('',#10493,.T.);
#10493 = EDGE_LOOP('',(#10494,#10500,#10501,#10502));
#10494 = ORIENTED_EDGE('',*,*,#10495,.T.);
#10495 = EDGE_CURVE('',#864,#4511,#10496,.T.);
#10496 = LINE('',#10497,#10498);
#10497 = CARTESIAN_POINT('',(103.235,-73.,0.));
#10498 = VECTOR('',#10499,1.);
#10499 = DIRECTION('',(0.,0.,1.));
#10500 = ORIENTED_EDGE('',*,*,#4510,.T.);
#10501 = ORIENTED_EDGE('',*,*,#10461,.F.);
#10502 = ORIENTED_EDGE('',*,*,#863,.F.);
#10503 = PLANE('',#10504);
#10504 = AXIS2_PLACEMENT_3D('',#10505,#10506,#10507);
#10505 = CARTESIAN_POINT('',(103.235,-73.,0.));
#10506 = DIRECTION('',(-0.86177047455,0.507298382802,0.));
#10507 = DIRECTION('',(0.507298382802,0.86177047455,0.));
#10508 = ADVANCED_FACE('',(#10509),#10520,.T.);
#10509 = FACE_BOUND('',#10510,.T.);
#10510 = EDGE_LOOP('',(#10511,#10512,#10513,#10519));
#10511 = ORIENTED_EDGE('',*,*,#10480,.T.);
#10512 = ORIENTED_EDGE('',*,*,#5918,.T.);
#10513 = ORIENTED_EDGE('',*,*,#10514,.F.);
#10514 = EDGE_CURVE('',#2264,#5911,#10515,.T.);
#10515 = LINE('',#10516,#10517);
#10516 = CARTESIAN_POINT('',(194.234,-130.973,0.));
#10517 = VECTOR('',#10518,1.);
#10518 = DIRECTION('',(0.,0.,1.));
#10519 = ORIENTED_EDGE('',*,*,#2271,.F.);
#10520 = PLANE('',#10521);
#10521 = AXIS2_PLACEMENT_3D('',#10522,#10523,#10524);
#10522 = CARTESIAN_POINT('',(194.768,-130.196,0.));
#10523 = DIRECTION('',(0.82413475627,-0.566393770718,0.));
#10524 = DIRECTION('',(-0.566393770718,-0.82413475627,0.));
#10525 = ADVANCED_FACE('',(#10526),#10537,.T.);
#10526 = FACE_BOUND('',#10527,.T.);
#10527 = EDGE_LOOP('',(#10528,#10534,#10535,#10536));
#10528 = ORIENTED_EDGE('',*,*,#10529,.T.);
#10529 = EDGE_CURVE('',#872,#4519,#10530,.T.);
#10530 = LINE('',#10531,#10532);
#10531 = CARTESIAN_POINT('',(103.,-73.82,0.));
#10532 = VECTOR('',#10533,1.);
#10533 = DIRECTION('',(0.,0.,1.));
#10534 = ORIENTED_EDGE('',*,*,#4518,.T.);
#10535 = ORIENTED_EDGE('',*,*,#10495,.F.);
#10536 = ORIENTED_EDGE('',*,*,#871,.F.);
#10537 = PLANE('',#10538);
#10538 = AXIS2_PLACEMENT_3D('',#10539,#10540,#10541);
#10539 = CARTESIAN_POINT('',(103.,-73.82,0.));
#10540 = DIRECTION('',(-0.961302443514,0.27549521247,0.));
#10541 = DIRECTION('',(0.27549521247,0.961302443514,0.));
#10542 = ADVANCED_FACE('',(#10543),#10554,.T.);
#10543 = FACE_BOUND('',#10544,.T.);
#10544 = EDGE_LOOP('',(#10545,#10546,#10547,#10553));
#10545 = ORIENTED_EDGE('',*,*,#10514,.T.);
#10546 = ORIENTED_EDGE('',*,*,#5910,.T.);
#10547 = ORIENTED_EDGE('',*,*,#10548,.F.);
#10548 = EDGE_CURVE('',#2256,#5903,#10549,.T.);
#10549 = LINE('',#10550,#10551);
#10550 = CARTESIAN_POINT('',(193.687,-131.74,0.));
#10551 = VECTOR('',#10552,1.);
#10552 = DIRECTION('',(0.,0.,1.));
#10553 = ORIENTED_EDGE('',*,*,#2263,.F.);
#10554 = PLANE('',#10555);
#10555 = AXIS2_PLACEMENT_3D('',#10556,#10557,#10558);
#10556 = CARTESIAN_POINT('',(194.234,-130.973,0.));
#10557 = DIRECTION('',(0.814163582362,-0.580635566561,0.));
#10558 = DIRECTION('',(-0.580635566561,-0.814163582362,0.));
#10559 = ADVANCED_FACE('',(#10560),#10571,.T.);
#10560 = FACE_BOUND('',#10561,.T.);
#10561 = EDGE_LOOP('',(#10562,#10568,#10569,#10570));
#10562 = ORIENTED_EDGE('',*,*,#10563,.T.);
#10563 = EDGE_CURVE('',#880,#4527,#10564,.T.);
#10564 = LINE('',#10565,#10566);
#10565 = CARTESIAN_POINT('',(103.,-74.649,0.));
#10566 = VECTOR('',#10567,1.);
#10567 = DIRECTION('',(0.,0.,1.));
#10568 = ORIENTED_EDGE('',*,*,#4526,.T.);
#10569 = ORIENTED_EDGE('',*,*,#10529,.F.);
#10570 = ORIENTED_EDGE('',*,*,#879,.F.);
#10571 = PLANE('',#10572);
#10572 = AXIS2_PLACEMENT_3D('',#10573,#10574,#10575);
#10573 = CARTESIAN_POINT('',(103.,-74.649,0.));
#10574 = DIRECTION('',(-1.,0.,0.));
#10575 = DIRECTION('',(0.,1.,0.));
#10576 = ADVANCED_FACE('',(#10577),#10588,.T.);
#10577 = FACE_BOUND('',#10578,.T.);
#10578 = EDGE_LOOP('',(#10579,#10580,#10581,#10587));
#10579 = ORIENTED_EDGE('',*,*,#10548,.T.);
#10580 = ORIENTED_EDGE('',*,*,#5902,.T.);
#10581 = ORIENTED_EDGE('',*,*,#10582,.F.);
#10582 = EDGE_CURVE('',#2248,#5895,#10583,.T.);
#10583 = LINE('',#10584,#10585);
#10584 = CARTESIAN_POINT('',(193.126,-132.497999,0.));
#10585 = VECTOR('',#10586,1.);
#10586 = DIRECTION('',(0.,0.,1.));
#10587 = ORIENTED_EDGE('',*,*,#2255,.F.);
#10588 = PLANE('',#10589);
#10589 = AXIS2_PLACEMENT_3D('',#10590,#10591,#10592);
#10590 = CARTESIAN_POINT('',(193.687,-131.74,0.));
#10591 = DIRECTION('',(0.803800957884,-0.594898327535,0.));
#10592 = DIRECTION('',(-0.594898327535,-0.803800957884,0.));
#10593 = ADVANCED_FACE('',(#10594),#10605,.T.);
#10594 = FACE_BOUND('',#10595,.T.);
#10595 = EDGE_LOOP('',(#10596,#10602,#10603,#10604));
#10596 = ORIENTED_EDGE('',*,*,#10597,.T.);
#10597 = EDGE_CURVE('',#888,#4535,#10598,.T.);
#10598 = LINE('',#10599,#10600);
#10599 = CARTESIAN_POINT('',(103.,-75.485,0.));
#10600 = VECTOR('',#10601,1.);
#10601 = DIRECTION('',(0.,0.,1.));
#10602 = ORIENTED_EDGE('',*,*,#4534,.T.);
#10603 = ORIENTED_EDGE('',*,*,#10563,.F.);
#10604 = ORIENTED_EDGE('',*,*,#887,.F.);
#10605 = PLANE('',#10606);
#10606 = AXIS2_PLACEMENT_3D('',#10607,#10608,#10609);
#10607 = CARTESIAN_POINT('',(103.,-75.485,0.));
#10608 = DIRECTION('',(-1.,0.,0.));
#10609 = DIRECTION('',(0.,1.,0.));
#10610 = ADVANCED_FACE('',(#10611),#10622,.T.);
#10611 = FACE_BOUND('',#10612,.T.);
#10612 = EDGE_LOOP('',(#10613,#10614,#10615,#10621));
#10613 = ORIENTED_EDGE('',*,*,#10582,.T.);
#10614 = ORIENTED_EDGE('',*,*,#5894,.T.);
#10615 = ORIENTED_EDGE('',*,*,#10616,.F.);
#10616 = EDGE_CURVE('',#2240,#5887,#10617,.T.);
#10617 = LINE('',#10618,#10619);
#10618 = CARTESIAN_POINT('',(192.553,-133.246,0.));
#10619 = VECTOR('',#10620,1.);
#10620 = DIRECTION('',(0.,0.,1.));
#10621 = ORIENTED_EDGE('',*,*,#2247,.F.);
#10622 = PLANE('',#10623);
#10623 = AXIS2_PLACEMENT_3D('',#10624,#10625,#10626);
#10624 = CARTESIAN_POINT('',(193.126,-132.497999,0.));
#10625 = DIRECTION('',(0.793845835646,-0.608119058431,0.));
#10626 = DIRECTION('',(-0.608119058431,-0.793845835646,0.));
#10627 = ADVANCED_FACE('',(#10628),#10639,.T.);
#10628 = FACE_BOUND('',#10629,.T.);
#10629 = EDGE_LOOP('',(#10630,#10636,#10637,#10638));
#10630 = ORIENTED_EDGE('',*,*,#10631,.T.);
#10631 = EDGE_CURVE('',#896,#4543,#10632,.T.);
#10632 = LINE('',#10633,#10634);
#10633 = CARTESIAN_POINT('',(103.,-76.328,0.));
#10634 = VECTOR('',#10635,1.);
#10635 = DIRECTION('',(0.,0.,1.));
#10636 = ORIENTED_EDGE('',*,*,#4542,.T.);
#10637 = ORIENTED_EDGE('',*,*,#10597,.F.);
#10638 = ORIENTED_EDGE('',*,*,#895,.F.);
#10639 = PLANE('',#10640);
#10640 = AXIS2_PLACEMENT_3D('',#10641,#10642,#10643);
#10641 = CARTESIAN_POINT('',(103.,-76.328,0.));
#10642 = DIRECTION('',(-1.,0.,0.));
#10643 = DIRECTION('',(0.,1.,0.));
#10644 = ADVANCED_FACE('',(#10645),#10656,.T.);
#10645 = FACE_BOUND('',#10646,.T.);
#10646 = EDGE_LOOP('',(#10647,#10648,#10649,#10655));
#10647 = ORIENTED_EDGE('',*,*,#10616,.T.);
#10648 = ORIENTED_EDGE('',*,*,#5886,.T.);
#10649 = ORIENTED_EDGE('',*,*,#10650,.F.);
#10650 = EDGE_CURVE('',#2232,#5879,#10651,.T.);
#10651 = LINE('',#10652,#10653);
#10652 = CARTESIAN_POINT('',(191.966,-133.983,0.));
#10653 = VECTOR('',#10654,1.);
#10654 = DIRECTION('',(0.,0.,1.));
#10655 = ORIENTED_EDGE('',*,*,#2239,.F.);
#10656 = PLANE('',#10657);
#10657 = AXIS2_PLACEMENT_3D('',#10658,#10659,#10660);
#10658 = CARTESIAN_POINT('',(192.553,-133.246,0.));
#10659 = DIRECTION('',(0.782213095821,-0.623010973198,0.));
#10660 = DIRECTION('',(-0.623010973198,-0.782213095821,0.));
#10661 = ADVANCED_FACE('',(#10662),#10673,.T.);
#10662 = FACE_BOUND('',#10663,.T.);
#10663 = EDGE_LOOP('',(#10664,#10670,#10671,#10672));
#10664 = ORIENTED_EDGE('',*,*,#10665,.T.);
#10665 = EDGE_CURVE('',#904,#4551,#10666,.T.);
#10666 = LINE('',#10667,#10668);
#10667 = CARTESIAN_POINT('',(103.,-77.179,0.));
#10668 = VECTOR('',#10669,1.);
#10669 = DIRECTION('',(0.,0.,1.));
#10670 = ORIENTED_EDGE('',*,*,#4550,.T.);
#10671 = ORIENTED_EDGE('',*,*,#10631,.F.);
#10672 = ORIENTED_EDGE('',*,*,#903,.F.);
#10673 = PLANE('',#10674);
#10674 = AXIS2_PLACEMENT_3D('',#10675,#10676,#10677);
#10675 = CARTESIAN_POINT('',(103.,-77.179,0.));
#10676 = DIRECTION('',(-1.,0.,0.));
#10677 = DIRECTION('',(0.,1.,0.));
#10678 = ADVANCED_FACE('',(#10679),#10690,.T.);
#10679 = FACE_BOUND('',#10680,.T.);
#10680 = EDGE_LOOP('',(#10681,#10682,#10683,#10689));
#10681 = ORIENTED_EDGE('',*,*,#10650,.T.);
#10682 = ORIENTED_EDGE('',*,*,#5878,.T.);
#10683 = ORIENTED_EDGE('',*,*,#10684,.F.);
#10684 = EDGE_CURVE('',#2224,#5871,#10685,.T.);
#10685 = LINE('',#10686,#10687);
#10686 = CARTESIAN_POINT('',(191.366,-134.711,0.));
#10687 = VECTOR('',#10688,1.);
#10688 = DIRECTION('',(0.,0.,1.));
#10689 = ORIENTED_EDGE('',*,*,#2231,.F.);
#10690 = PLANE('',#10691);
#10691 = AXIS2_PLACEMENT_3D('',#10692,#10693,#10694);
#10692 = CARTESIAN_POINT('',(191.966,-133.983,0.));
#10693 = DIRECTION('',(0.771685393174,-0.636004444923,0.));
#10694 = DIRECTION('',(-0.636004444923,-0.771685393174,0.));
#10695 = ADVANCED_FACE('',(#10696),#10707,.T.);
#10696 = FACE_BOUND('',#10697,.T.);
#10697 = EDGE_LOOP('',(#10698,#10704,#10705,#10706));
#10698 = ORIENTED_EDGE('',*,*,#10699,.T.);
#10699 = EDGE_CURVE('',#912,#4559,#10700,.T.);
#10700 = LINE('',#10701,#10702);
#10701 = CARTESIAN_POINT('',(103.,-78.036,0.));
#10702 = VECTOR('',#10703,1.);
#10703 = DIRECTION('',(0.,0.,1.));
#10704 = ORIENTED_EDGE('',*,*,#4558,.T.);
#10705 = ORIENTED_EDGE('',*,*,#10665,.F.);
#10706 = ORIENTED_EDGE('',*,*,#911,.F.);
#10707 = PLANE('',#10708);
#10708 = AXIS2_PLACEMENT_3D('',#10709,#10710,#10711);
#10709 = CARTESIAN_POINT('',(103.,-78.036,0.));
#10710 = DIRECTION('',(-1.,0.,0.));
#10711 = DIRECTION('',(0.,1.,0.));
#10712 = ADVANCED_FACE('',(#10713),#10724,.T.);
#10713 = FACE_BOUND('',#10714,.T.);
#10714 = EDGE_LOOP('',(#10715,#10716,#10717,#10723));
#10715 = ORIENTED_EDGE('',*,*,#10684,.T.);
#10716 = ORIENTED_EDGE('',*,*,#5870,.T.);
#10717 = ORIENTED_EDGE('',*,*,#10718,.F.);
#10718 = EDGE_CURVE('',#2216,#5863,#10719,.T.);
#10719 = LINE('',#10720,#10721);
#10720 = CARTESIAN_POINT('',(190.754,-135.427,0.));
#10721 = VECTOR('',#10722,1.);
#10722 = DIRECTION('',(0.,0.,1.));
#10723 = ORIENTED_EDGE('',*,*,#2223,.F.);
#10724 = PLANE('',#10725);
#10725 = AXIS2_PLACEMENT_3D('',#10726,#10727,#10728);
#10726 = CARTESIAN_POINT('',(191.366,-134.711,0.));
#10727 = DIRECTION('',(0.760155173756,-0.649741573098,0.));
#10728 = DIRECTION('',(-0.649741573098,-0.760155173756,0.));
#10729 = ADVANCED_FACE('',(#10730),#10741,.T.);
#10730 = FACE_BOUND('',#10731,.T.);
#10731 = EDGE_LOOP('',(#10732,#10738,#10739,#10740));
#10732 = ORIENTED_EDGE('',*,*,#10733,.T.);
#10733 = EDGE_CURVE('',#920,#4567,#10734,.T.);
#10734 = LINE('',#10735,#10736);
#10735 = CARTESIAN_POINT('',(103.,-78.901,0.));
#10736 = VECTOR('',#10737,1.);
#10737 = DIRECTION('',(0.,0.,1.));
#10738 = ORIENTED_EDGE('',*,*,#4566,.T.);
#10739 = ORIENTED_EDGE('',*,*,#10699,.F.);
#10740 = ORIENTED_EDGE('',*,*,#919,.F.);
#10741 = PLANE('',#10742);
#10742 = AXIS2_PLACEMENT_3D('',#10743,#10744,#10745);
#10743 = CARTESIAN_POINT('',(103.,-78.901,0.));
#10744 = DIRECTION('',(-1.,0.,0.));
#10745 = DIRECTION('',(0.,1.,0.));
#10746 = ADVANCED_FACE('',(#10747),#10758,.T.);
#10747 = FACE_BOUND('',#10748,.T.);
#10748 = EDGE_LOOP('',(#10749,#10750,#10751,#10757));
#10749 = ORIENTED_EDGE('',*,*,#10718,.T.);
#10750 = ORIENTED_EDGE('',*,*,#5862,.T.);
#10751 = ORIENTED_EDGE('',*,*,#10752,.F.);
#10752 = EDGE_CURVE('',#2208,#5855,#10753,.T.);
#10753 = LINE('',#10754,#10755);
#10754 = CARTESIAN_POINT('',(190.13,-136.133,0.));
#10755 = VECTOR('',#10756,1.);
#10756 = DIRECTION('',(0.,0.,1.));
#10757 = ORIENTED_EDGE('',*,*,#2215,.F.);
#10758 = PLANE('',#10759);
#10759 = AXIS2_PLACEMENT_3D('',#10760,#10761,#10762);
#10760 = CARTESIAN_POINT('',(190.754,-135.427,0.));
#10761 = DIRECTION('',(0.749280095245,-0.662253228659,0.));
#10762 = DIRECTION('',(-0.662253228659,-0.749280095245,0.));
#10763 = ADVANCED_FACE('',(#10764),#10775,.T.);
#10764 = FACE_BOUND('',#10765,.T.);
#10765 = EDGE_LOOP('',(#10766,#10772,#10773,#10774));
#10766 = ORIENTED_EDGE('',*,*,#10767,.T.);
#10767 = EDGE_CURVE('',#928,#4575,#10768,.T.);
#10768 = LINE('',#10769,#10770);
#10769 = CARTESIAN_POINT('',(103.,-79.771,0.));
#10770 = VECTOR('',#10771,1.);
#10771 = DIRECTION('',(0.,0.,1.));
#10772 = ORIENTED_EDGE('',*,*,#4574,.T.);
#10773 = ORIENTED_EDGE('',*,*,#10733,.F.);
#10774 = ORIENTED_EDGE('',*,*,#927,.F.);
#10775 = PLANE('',#10776);
#10776 = AXIS2_PLACEMENT_3D('',#10777,#10778,#10779);
#10777 = CARTESIAN_POINT('',(103.,-79.771,0.));
#10778 = DIRECTION('',(-1.,0.,0.));
#10779 = DIRECTION('',(0.,1.,0.));
#10780 = ADVANCED_FACE('',(#10781),#10792,.T.);
#10781 = FACE_BOUND('',#10782,.T.);
#10782 = EDGE_LOOP('',(#10783,#10784,#10785,#10791));
#10783 = ORIENTED_EDGE('',*,*,#10752,.T.);
#10784 = ORIENTED_EDGE('',*,*,#5854,.T.);
#10785 = ORIENTED_EDGE('',*,*,#10786,.F.);
#10786 = EDGE_CURVE('',#2200,#5847,#10787,.T.);
#10787 = LINE('',#10788,#10789);
#10788 = CARTESIAN_POINT('',(189.493,-136.828,0.));
#10789 = VECTOR('',#10790,1.);
#10790 = DIRECTION('',(0.,0.,1.));
#10791 = ORIENTED_EDGE('',*,*,#2207,.F.);
#10792 = PLANE('',#10793);
#10793 = AXIS2_PLACEMENT_3D('',#10794,#10795,#10796);
#10794 = CARTESIAN_POINT('',(190.13,-136.133,0.));
#10795 = DIRECTION('',(0.737198168389,-0.675676594625,0.));
#10796 = DIRECTION('',(-0.675676594625,-0.737198168389,0.));
#10797 = ADVANCED_FACE('',(#10798),#10809,.T.);
#10798 = FACE_BOUND('',#10799,.T.);
#10799 = EDGE_LOOP('',(#10800,#10806,#10807,#10808));
#10800 = ORIENTED_EDGE('',*,*,#10801,.T.);
#10801 = EDGE_CURVE('',#936,#4583,#10802,.T.);
#10802 = LINE('',#10803,#10804);
#10803 = CARTESIAN_POINT('',(103.,-80.648,0.));
#10804 = VECTOR('',#10805,1.);
#10805 = DIRECTION('',(0.,0.,1.));
#10806 = ORIENTED_EDGE('',*,*,#4582,.T.);
#10807 = ORIENTED_EDGE('',*,*,#10767,.F.);
#10808 = ORIENTED_EDGE('',*,*,#935,.F.);
#10809 = PLANE('',#10810);
#10810 = AXIS2_PLACEMENT_3D('',#10811,#10812,#10813);
#10811 = CARTESIAN_POINT('',(103.,-80.648,0.));
#10812 = DIRECTION('',(-1.,0.,0.));
#10813 = DIRECTION('',(0.,1.,0.));
#10814 = ADVANCED_FACE('',(#10815),#10826,.T.);
#10815 = FACE_BOUND('',#10816,.T.);
#10816 = EDGE_LOOP('',(#10817,#10818,#10819,#10825));
#10817 = ORIENTED_EDGE('',*,*,#10786,.T.);
#10818 = ORIENTED_EDGE('',*,*,#5846,.T.);
#10819 = ORIENTED_EDGE('',*,*,#10820,.F.);
#10820 = EDGE_CURVE('',#2192,#5839,#10821,.T.);
#10821 = LINE('',#10822,#10823);
#10822 = CARTESIAN_POINT('',(188.844,-137.512,0.));
#10823 = VECTOR('',#10824,1.);
#10824 = DIRECTION('',(0.,0.,1.));
#10825 = ORIENTED_EDGE('',*,*,#2199,.F.);
#10826 = PLANE('',#10827);
#10827 = AXIS2_PLACEMENT_3D('',#10828,#10829,#10830);
#10828 = CARTESIAN_POINT('',(189.493,-136.828,0.));
#10829 = DIRECTION('',(0.725422962932,-0.688303366875,0.));
#10830 = DIRECTION('',(-0.688303366875,-0.725422962932,0.));
#10831 = ADVANCED_FACE('',(#10832),#10843,.T.);
#10832 = FACE_BOUND('',#10833,.T.);
#10833 = EDGE_LOOP('',(#10834,#10840,#10841,#10842));
#10834 = ORIENTED_EDGE('',*,*,#10835,.T.);
#10835 = EDGE_CURVE('',#944,#4591,#10836,.T.);
#10836 = LINE('',#10837,#10838);
#10837 = CARTESIAN_POINT('',(103.,-81.531,0.));
#10838 = VECTOR('',#10839,1.);
#10839 = DIRECTION('',(0.,0.,1.));
#10840 = ORIENTED_EDGE('',*,*,#4590,.T.);
#10841 = ORIENTED_EDGE('',*,*,#10801,.F.);
#10842 = ORIENTED_EDGE('',*,*,#943,.F.);
#10843 = PLANE('',#10844);
#10844 = AXIS2_PLACEMENT_3D('',#10845,#10846,#10847);
#10845 = CARTESIAN_POINT('',(103.,-81.531,0.));
#10846 = DIRECTION('',(-1.,0.,0.));
#10847 = DIRECTION('',(0.,1.,0.));
#10848 = ADVANCED_FACE('',(#10849),#10860,.T.);
#10849 = FACE_BOUND('',#10850,.T.);
#10850 = EDGE_LOOP('',(#10851,#10852,#10853,#10859));
#10851 = ORIENTED_EDGE('',*,*,#10820,.T.);
#10852 = ORIENTED_EDGE('',*,*,#5838,.T.);
#10853 = ORIENTED_EDGE('',*,*,#10854,.F.);
#10854 = EDGE_CURVE('',#2184,#5831,#10855,.T.);
#10855 = LINE('',#10856,#10857);
#10856 = CARTESIAN_POINT('',(188.184,-138.184,0.));
#10857 = VECTOR('',#10858,1.);
#10858 = DIRECTION('',(0.,0.,1.));
#10859 = ORIENTED_EDGE('',*,*,#2191,.F.);
#10860 = PLANE('',#10861);
#10861 = AXIS2_PLACEMENT_3D('',#10862,#10863,#10864);
#10862 = CARTESIAN_POINT('',(188.844,-137.512,0.));
#10863 = DIRECTION('',(0.713448160609,-0.700708014884,0.));
#10864 = DIRECTION('',(-0.700708014884,-0.713448160609,0.));
#10865 = ADVANCED_FACE('',(#10866),#10877,.T.);
#10866 = FACE_BOUND('',#10867,.T.);
#10867 = EDGE_LOOP('',(#10868,#10874,#10875,#10876));
#10868 = ORIENTED_EDGE('',*,*,#10869,.T.);
#10869 = EDGE_CURVE('',#952,#4599,#10870,.T.);
#10870 = LINE('',#10871,#10872);
#10871 = CARTESIAN_POINT('',(103.,-82.419,0.));
#10872 = VECTOR('',#10873,1.);
#10873 = DIRECTION('',(0.,0.,1.));
#10874 = ORIENTED_EDGE('',*,*,#4598,.T.);
#10875 = ORIENTED_EDGE('',*,*,#10835,.F.);
#10876 = ORIENTED_EDGE('',*,*,#951,.F.);
#10877 = PLANE('',#10878);
#10878 = AXIS2_PLACEMENT_3D('',#10879,#10880,#10881);
#10879 = CARTESIAN_POINT('',(103.,-82.419,0.));
#10880 = DIRECTION('',(-1.,0.,0.));
#10881 = DIRECTION('',(0.,1.,0.));
#10882 = ADVANCED_FACE('',(#10883),#10894,.T.);
#10883 = FACE_BOUND('',#10884,.T.);
#10884 = EDGE_LOOP('',(#10885,#10886,#10887,#10893));
#10885 = ORIENTED_EDGE('',*,*,#10854,.T.);
#10886 = ORIENTED_EDGE('',*,*,#5830,.T.);
#10887 = ORIENTED_EDGE('',*,*,#10888,.F.);
#10888 = EDGE_CURVE('',#2176,#5823,#10889,.T.);
#10889 = LINE('',#10890,#10891);
#10890 = CARTESIAN_POINT('',(187.512,-138.844,0.));
#10891 = VECTOR('',#10892,1.);
#10892 = DIRECTION('',(0.,0.,1.));
#10893 = ORIENTED_EDGE('',*,*,#2183,.F.);
#10894 = PLANE('',#10895);
#10895 = AXIS2_PLACEMENT_3D('',#10896,#10897,#10898);
#10896 = CARTESIAN_POINT('',(188.184,-138.184,0.));
#10897 = DIRECTION('',(0.700708014884,-0.713448160609,0.));
#10898 = DIRECTION('',(-0.713448160609,-0.700708014884,0.));
#10899 = ADVANCED_FACE('',(#10900),#10911,.T.);
#10900 = FACE_BOUND('',#10901,.T.);
#10901 = EDGE_LOOP('',(#10902,#10908,#10909,#10910));
#10902 = ORIENTED_EDGE('',*,*,#10903,.T.);
#10903 = EDGE_CURVE('',#960,#4607,#10904,.T.);
#10904 = LINE('',#10905,#10906);
#10905 = CARTESIAN_POINT('',(103.,-83.313,0.));
#10906 = VECTOR('',#10907,1.);
#10907 = DIRECTION('',(0.,0.,1.));
#10908 = ORIENTED_EDGE('',*,*,#4606,.T.);
#10909 = ORIENTED_EDGE('',*,*,#10869,.F.);
#10910 = ORIENTED_EDGE('',*,*,#959,.F.);
#10911 = PLANE('',#10912);
#10912 = AXIS2_PLACEMENT_3D('',#10913,#10914,#10915);
#10913 = CARTESIAN_POINT('',(103.,-83.313,0.));
#10914 = DIRECTION('',(-1.,0.,0.));
#10915 = DIRECTION('',(0.,1.,0.));
#10916 = ADVANCED_FACE('',(#10917),#10928,.T.);
#10917 = FACE_BOUND('',#10918,.T.);
#10918 = EDGE_LOOP('',(#10919,#10920,#10921,#10927));
#10919 = ORIENTED_EDGE('',*,*,#10888,.T.);
#10920 = ORIENTED_EDGE('',*,*,#5822,.T.);
#10921 = ORIENTED_EDGE('',*,*,#10922,.F.);
#10922 = EDGE_CURVE('',#2168,#5815,#10923,.T.);
#10923 = LINE('',#10924,#10925);
#10924 = CARTESIAN_POINT('',(186.828,-139.493,0.));
#10925 = VECTOR('',#10926,1.);
#10926 = DIRECTION('',(0.,0.,1.));
#10927 = ORIENTED_EDGE('',*,*,#2175,.F.);
#10928 = PLANE('',#10929);
#10929 = AXIS2_PLACEMENT_3D('',#10930,#10931,#10932);
#10930 = CARTESIAN_POINT('',(187.512,-138.844,0.));
#10931 = DIRECTION('',(0.688303366875,-0.725422962932,0.));
#10932 = DIRECTION('',(-0.725422962932,-0.688303366875,0.));
#10933 = ADVANCED_FACE('',(#10934),#10945,.T.);
#10934 = FACE_BOUND('',#10935,.T.);
#10935 = EDGE_LOOP('',(#10936,#10942,#10943,#10944));
#10936 = ORIENTED_EDGE('',*,*,#10937,.T.);
#10937 = EDGE_CURVE('',#968,#4615,#10938,.T.);
#10938 = LINE('',#10939,#10940);
#10939 = CARTESIAN_POINT('',(103.,-84.212,0.));
#10940 = VECTOR('',#10941,1.);
#10941 = DIRECTION('',(0.,0.,1.));
#10942 = ORIENTED_EDGE('',*,*,#4614,.T.);
#10943 = ORIENTED_EDGE('',*,*,#10903,.F.);
#10944 = ORIENTED_EDGE('',*,*,#967,.F.);
#10945 = PLANE('',#10946);
#10946 = AXIS2_PLACEMENT_3D('',#10947,#10948,#10949);
#10947 = CARTESIAN_POINT('',(103.,-84.212,0.));
#10948 = DIRECTION('',(-1.,0.,0.));
#10949 = DIRECTION('',(0.,1.,0.));
#10950 = ADVANCED_FACE('',(#10951),#10962,.T.);
#10951 = FACE_BOUND('',#10952,.T.);
#10952 = EDGE_LOOP('',(#10953,#10954,#10955,#10961));
#10953 = ORIENTED_EDGE('',*,*,#10922,.T.);
#10954 = ORIENTED_EDGE('',*,*,#5814,.T.);
#10955 = ORIENTED_EDGE('',*,*,#10956,.F.);
#10956 = EDGE_CURVE('',#2160,#5807,#10957,.T.);
#10957 = LINE('',#10958,#10959);
#10958 = CARTESIAN_POINT('',(186.133,-140.13,0.));
#10959 = VECTOR('',#10960,1.);
#10960 = DIRECTION('',(0.,0.,1.));
#10961 = ORIENTED_EDGE('',*,*,#2167,.F.);
#10962 = PLANE('',#10963);
#10963 = AXIS2_PLACEMENT_3D('',#10964,#10965,#10966);
#10964 = CARTESIAN_POINT('',(186.828,-139.493,0.));
#10965 = DIRECTION('',(0.675676594625,-0.737198168389,0.));
#10966 = DIRECTION('',(-0.737198168389,-0.675676594625,0.));
#10967 = ADVANCED_FACE('',(#10968),#10979,.T.);
#10968 = FACE_BOUND('',#10969,.T.);
#10969 = EDGE_LOOP('',(#10970,#10976,#10977,#10978));
#10970 = ORIENTED_EDGE('',*,*,#10971,.T.);
#10971 = EDGE_CURVE('',#976,#4623,#10972,.T.);
#10972 = LINE('',#10973,#10974);
#10973 = CARTESIAN_POINT('',(103.,-85.116,0.));
#10974 = VECTOR('',#10975,1.);
#10975 = DIRECTION('',(0.,0.,1.));
#10976 = ORIENTED_EDGE('',*,*,#4622,.T.);
#10977 = ORIENTED_EDGE('',*,*,#10937,.F.);
#10978 = ORIENTED_EDGE('',*,*,#975,.F.);
#10979 = PLANE('',#10980);
#10980 = AXIS2_PLACEMENT_3D('',#10981,#10982,#10983);
#10981 = CARTESIAN_POINT('',(103.,-85.116,0.));
#10982 = DIRECTION('',(-1.,0.,0.));
#10983 = DIRECTION('',(0.,1.,0.));
#10984 = ADVANCED_FACE('',(#10985),#10996,.T.);
#10985 = FACE_BOUND('',#10986,.T.);
#10986 = EDGE_LOOP('',(#10987,#10988,#10989,#10995));
#10987 = ORIENTED_EDGE('',*,*,#10956,.T.);
#10988 = ORIENTED_EDGE('',*,*,#5806,.T.);
#10989 = ORIENTED_EDGE('',*,*,#10990,.F.);
#10990 = EDGE_CURVE('',#2152,#5799,#10991,.T.);
#10991 = LINE('',#10992,#10993);
#10992 = CARTESIAN_POINT('',(185.427,-140.754,0.));
#10993 = VECTOR('',#10994,1.);
#10994 = DIRECTION('',(0.,0.,1.));
#10995 = ORIENTED_EDGE('',*,*,#2159,.F.);
#10996 = PLANE('',#10997);
#10997 = AXIS2_PLACEMENT_3D('',#10998,#10999,#11000);
#10998 = CARTESIAN_POINT('',(186.133,-140.13,0.));
#10999 = DIRECTION('',(0.662253228659,-0.749280095245,0.));
#11000 = DIRECTION('',(-0.749280095245,-0.662253228659,0.));
#11001 = ADVANCED_FACE('',(#11002),#11013,.T.);
#11002 = FACE_BOUND('',#11003,.T.);
#11003 = EDGE_LOOP('',(#11004,#11010,#11011,#11012));
#11004 = ORIENTED_EDGE('',*,*,#11005,.T.);
#11005 = EDGE_CURVE('',#984,#4631,#11006,.T.);
#11006 = LINE('',#11007,#11008);
#11007 = CARTESIAN_POINT('',(103.,-86.024,0.));
#11008 = VECTOR('',#11009,1.);
#11009 = DIRECTION('',(0.,0.,1.));
#11010 = ORIENTED_EDGE('',*,*,#4630,.T.);
#11011 = ORIENTED_EDGE('',*,*,#10971,.F.);
#11012 = ORIENTED_EDGE('',*,*,#983,.F.);
#11013 = PLANE('',#11014);
#11014 = AXIS2_PLACEMENT_3D('',#11015,#11016,#11017);
#11015 = CARTESIAN_POINT('',(103.,-86.024,0.));
#11016 = DIRECTION('',(-1.,0.,0.));
#11017 = DIRECTION('',(0.,1.,0.));
#11018 = ADVANCED_FACE('',(#11019),#11030,.T.);
#11019 = FACE_BOUND('',#11020,.T.);
#11020 = EDGE_LOOP('',(#11021,#11022,#11023,#11029));
#11021 = ORIENTED_EDGE('',*,*,#10990,.T.);
#11022 = ORIENTED_EDGE('',*,*,#5798,.T.);
#11023 = ORIENTED_EDGE('',*,*,#11024,.F.);
#11024 = EDGE_CURVE('',#2144,#5791,#11025,.T.);
#11025 = LINE('',#11026,#11027);
#11026 = CARTESIAN_POINT('',(184.711,-141.366,0.));
#11027 = VECTOR('',#11028,1.);
#11028 = DIRECTION('',(0.,0.,1.));
#11029 = ORIENTED_EDGE('',*,*,#2151,.F.);
#11030 = PLANE('',#11031);
#11031 = AXIS2_PLACEMENT_3D('',#11032,#11033,#11034);
#11032 = CARTESIAN_POINT('',(185.427,-140.754,0.));
#11033 = DIRECTION('',(0.649741573098,-0.760155173756,0.));
#11034 = DIRECTION('',(-0.760155173756,-0.649741573098,0.));
#11035 = ADVANCED_FACE('',(#11036),#11047,.T.);
#11036 = FACE_BOUND('',#11037,.T.);
#11037 = EDGE_LOOP('',(#11038,#11044,#11045,#11046));
#11038 = ORIENTED_EDGE('',*,*,#11039,.T.);
#11039 = EDGE_CURVE('',#992,#4639,#11040,.T.);
#11040 = LINE('',#11041,#11042);
#11041 = CARTESIAN_POINT('',(103.,-86.936,0.));
#11042 = VECTOR('',#11043,1.);
#11043 = DIRECTION('',(0.,0.,1.));
#11044 = ORIENTED_EDGE('',*,*,#4638,.T.);
#11045 = ORIENTED_EDGE('',*,*,#11005,.F.);
#11046 = ORIENTED_EDGE('',*,*,#991,.F.);
#11047 = PLANE('',#11048);
#11048 = AXIS2_PLACEMENT_3D('',#11049,#11050,#11051);
#11049 = CARTESIAN_POINT('',(103.,-86.936,0.));
#11050 = DIRECTION('',(-1.,0.,0.));
#11051 = DIRECTION('',(0.,1.,0.));
#11052 = ADVANCED_FACE('',(#11053),#11064,.T.);
#11053 = FACE_BOUND('',#11054,.T.);
#11054 = EDGE_LOOP('',(#11055,#11056,#11057,#11063));
#11055 = ORIENTED_EDGE('',*,*,#11024,.T.);
#11056 = ORIENTED_EDGE('',*,*,#5790,.T.);
#11057 = ORIENTED_EDGE('',*,*,#11058,.F.);
#11058 = EDGE_CURVE('',#2136,#5783,#11059,.T.);
#11059 = LINE('',#11060,#11061);
#11060 = CARTESIAN_POINT('',(183.983,-141.966,0.));
#11061 = VECTOR('',#11062,1.);
#11062 = DIRECTION('',(0.,0.,1.));
#11063 = ORIENTED_EDGE('',*,*,#2143,.F.);
#11064 = PLANE('',#11065);
#11065 = AXIS2_PLACEMENT_3D('',#11066,#11067,#11068);
#11066 = CARTESIAN_POINT('',(184.711,-141.366,0.));
#11067 = DIRECTION('',(0.636004444923,-0.771685393174,0.));
#11068 = DIRECTION('',(-0.771685393174,-0.636004444923,0.));
#11069 = ADVANCED_FACE('',(#11070),#11081,.T.);
#11070 = FACE_BOUND('',#11071,.T.);
#11071 = EDGE_LOOP('',(#11072,#11078,#11079,#11080));
#11072 = ORIENTED_EDGE('',*,*,#11073,.T.);
#11073 = EDGE_CURVE('',#1000,#4647,#11074,.T.);
#11074 = LINE('',#11075,#11076);
#11075 = CARTESIAN_POINT('',(103.,-87.853,0.));
#11076 = VECTOR('',#11077,1.);
#11077 = DIRECTION('',(0.,0.,1.));
#11078 = ORIENTED_EDGE('',*,*,#4646,.T.);
#11079 = ORIENTED_EDGE('',*,*,#11039,.F.);
#11080 = ORIENTED_EDGE('',*,*,#999,.F.);
#11081 = PLANE('',#11082);
#11082 = AXIS2_PLACEMENT_3D('',#11083,#11084,#11085);
#11083 = CARTESIAN_POINT('',(103.,-87.853,0.));
#11084 = DIRECTION('',(-1.,0.,0.));
#11085 = DIRECTION('',(0.,1.,0.));
#11086 = ADVANCED_FACE('',(#11087),#11098,.T.);
#11087 = FACE_BOUND('',#11088,.T.);
#11088 = EDGE_LOOP('',(#11089,#11090,#11091,#11097));
#11089 = ORIENTED_EDGE('',*,*,#11058,.T.);
#11090 = ORIENTED_EDGE('',*,*,#5782,.T.);
#11091 = ORIENTED_EDGE('',*,*,#11092,.F.);
#11092 = EDGE_CURVE('',#2128,#5775,#11093,.T.);
#11093 = LINE('',#11094,#11095);
#11094 = CARTESIAN_POINT('',(183.246,-142.553,0.));
#11095 = VECTOR('',#11096,1.);
#11096 = DIRECTION('',(0.,0.,1.));
#11097 = ORIENTED_EDGE('',*,*,#2135,.F.);
#11098 = PLANE('',#11099);
#11099 = AXIS2_PLACEMENT_3D('',#11100,#11101,#11102);
#11100 = CARTESIAN_POINT('',(183.983,-141.966,0.));
#11101 = DIRECTION('',(0.623010973198,-0.782213095821,0.));
#11102 = DIRECTION('',(-0.782213095821,-0.623010973198,0.));
#11103 = ADVANCED_FACE('',(#11104),#11115,.T.);
#11104 = FACE_BOUND('',#11105,.T.);
#11105 = EDGE_LOOP('',(#11106,#11112,#11113,#11114));
#11106 = ORIENTED_EDGE('',*,*,#11107,.T.);
#11107 = EDGE_CURVE('',#1008,#4655,#11108,.T.);
#11108 = LINE('',#11109,#11110);
#11109 = CARTESIAN_POINT('',(103.,-88.773,0.));
#11110 = VECTOR('',#11111,1.);
#11111 = DIRECTION('',(0.,0.,1.));
#11112 = ORIENTED_EDGE('',*,*,#4654,.T.);
#11113 = ORIENTED_EDGE('',*,*,#11073,.F.);
#11114 = ORIENTED_EDGE('',*,*,#1007,.F.);
#11115 = PLANE('',#11116);
#11116 = AXIS2_PLACEMENT_3D('',#11117,#11118,#11119);
#11117 = CARTESIAN_POINT('',(103.,-88.773,0.));
#11118 = DIRECTION('',(-1.,0.,0.));
#11119 = DIRECTION('',(0.,1.,0.));
#11120 = ADVANCED_FACE('',(#11121),#11132,.T.);
#11121 = FACE_BOUND('',#11122,.T.);
#11122 = EDGE_LOOP('',(#11123,#11124,#11125,#11131));
#11123 = ORIENTED_EDGE('',*,*,#11092,.T.);
#11124 = ORIENTED_EDGE('',*,*,#5774,.T.);
#11125 = ORIENTED_EDGE('',*,*,#11126,.F.);
#11126 = EDGE_CURVE('',#2120,#5767,#11127,.T.);
#11127 = LINE('',#11128,#11129);
#11128 = CARTESIAN_POINT('',(182.498,-143.126,0.));
#11129 = VECTOR('',#11130,1.);
#11130 = DIRECTION('',(0.,0.,1.));
#11131 = ORIENTED_EDGE('',*,*,#2127,.F.);
#11132 = PLANE('',#11133);
#11133 = AXIS2_PLACEMENT_3D('',#11134,#11135,#11136);
#11134 = CARTESIAN_POINT('',(183.246,-142.553,0.));
#11135 = DIRECTION('',(0.608119570772,-0.793845443172,0.));
#11136 = DIRECTION('',(-0.793845443172,-0.608119570772,0.));
#11137 = ADVANCED_FACE('',(#11138),#11149,.T.);
#11138 = FACE_BOUND('',#11139,.T.);
#11139 = EDGE_LOOP('',(#11140,#11146,#11147,#11148));
#11140 = ORIENTED_EDGE('',*,*,#11141,.T.);
#11141 = EDGE_CURVE('',#1016,#4663,#11142,.T.);
#11142 = LINE('',#11143,#11144);
#11143 = CARTESIAN_POINT('',(103.,-89.696,0.));
#11144 = VECTOR('',#11145,1.);
#11145 = DIRECTION('',(0.,0.,1.));
#11146 = ORIENTED_EDGE('',*,*,#4662,.T.);
#11147 = ORIENTED_EDGE('',*,*,#11107,.F.);
#11148 = ORIENTED_EDGE('',*,*,#1015,.F.);
#11149 = PLANE('',#11150);
#11150 = AXIS2_PLACEMENT_3D('',#11151,#11152,#11153);
#11151 = CARTESIAN_POINT('',(103.,-89.696,0.));
#11152 = DIRECTION('',(-1.,0.,0.));
#11153 = DIRECTION('',(0.,1.,0.));
#11154 = ADVANCED_FACE('',(#11155),#11166,.T.);
#11155 = FACE_BOUND('',#11156,.T.);
#11156 = EDGE_LOOP('',(#11157,#11158,#11159,#11165));
#11157 = ORIENTED_EDGE('',*,*,#11126,.T.);
#11158 = ORIENTED_EDGE('',*,*,#5766,.T.);
#11159 = ORIENTED_EDGE('',*,*,#11160,.F.);
#11160 = EDGE_CURVE('',#2112,#5759,#11161,.T.);
#11161 = LINE('',#11162,#11163);
#11162 = CARTESIAN_POINT('',(181.74,-143.687,0.));
#11163 = VECTOR('',#11164,1.);
#11164 = DIRECTION('',(0.,0.,1.));
#11165 = ORIENTED_EDGE('',*,*,#2119,.F.);
#11166 = PLANE('',#11167);
#11167 = AXIS2_PLACEMENT_3D('',#11168,#11169,#11170);
#11168 = CARTESIAN_POINT('',(182.498,-143.126,0.));
#11169 = DIRECTION('',(0.594897820462,-0.803801333173,0.));
#11170 = DIRECTION('',(-0.803801333173,-0.594897820462,0.));
#11171 = ADVANCED_FACE('',(#11172),#11183,.T.);
#11172 = FACE_BOUND('',#11173,.T.);
#11173 = EDGE_LOOP('',(#11174,#11180,#11181,#11182));
#11174 = ORIENTED_EDGE('',*,*,#11175,.T.);
#11175 = EDGE_CURVE('',#1024,#4671,#11176,.T.);
#11176 = LINE('',#11177,#11178);
#11177 = CARTESIAN_POINT('',(103.,-90.623,0.));
#11178 = VECTOR('',#11179,1.);
#11179 = DIRECTION('',(0.,0.,1.));
#11180 = ORIENTED_EDGE('',*,*,#4670,.T.);
#11181 = ORIENTED_EDGE('',*,*,#11141,.F.);
#11182 = ORIENTED_EDGE('',*,*,#1023,.F.);
#11183 = PLANE('',#11184);
#11184 = AXIS2_PLACEMENT_3D('',#11185,#11186,#11187);
#11185 = CARTESIAN_POINT('',(103.,-90.623,0.));
#11186 = DIRECTION('',(-1.,0.,0.));
#11187 = DIRECTION('',(0.,1.,0.));
#11188 = ADVANCED_FACE('',(#11189),#11200,.T.);
#11189 = FACE_BOUND('',#11190,.T.);
#11190 = EDGE_LOOP('',(#11191,#11192,#11193,#11199));
#11191 = ORIENTED_EDGE('',*,*,#11160,.T.);
#11192 = ORIENTED_EDGE('',*,*,#5758,.T.);
#11193 = ORIENTED_EDGE('',*,*,#11194,.F.);
#11194 = EDGE_CURVE('',#2104,#5751,#11195,.T.);
#11195 = LINE('',#11196,#11197);
#11196 = CARTESIAN_POINT('',(180.973,-144.234,0.));
#11197 = VECTOR('',#11198,1.);
#11198 = DIRECTION('',(0.,0.,1.));
#11199 = ORIENTED_EDGE('',*,*,#2111,.F.);
#11200 = PLANE('',#11201);
#11201 = AXIS2_PLACEMENT_3D('',#11202,#11203,#11204);
#11202 = CARTESIAN_POINT('',(181.74,-143.687,0.));
#11203 = DIRECTION('',(0.580635566561,-0.814163582362,0.));
#11204 = DIRECTION('',(-0.814163582362,-0.580635566561,0.));
#11205 = ADVANCED_FACE('',(#11206),#11217,.T.);
#11206 = FACE_BOUND('',#11207,.T.);
#11207 = EDGE_LOOP('',(#11208,#11214,#11215,#11216));
#11208 = ORIENTED_EDGE('',*,*,#11209,.T.);
#11209 = EDGE_CURVE('',#1032,#4679,#11210,.T.);
#11210 = LINE('',#11211,#11212);
#11211 = CARTESIAN_POINT('',(103.,-91.553,0.));
#11212 = VECTOR('',#11213,1.);
#11213 = DIRECTION('',(0.,0.,1.));
#11214 = ORIENTED_EDGE('',*,*,#4678,.T.);
#11215 = ORIENTED_EDGE('',*,*,#11175,.F.);
#11216 = ORIENTED_EDGE('',*,*,#1031,.F.);
#11217 = PLANE('',#11218);
#11218 = AXIS2_PLACEMENT_3D('',#11219,#11220,#11221);
#11219 = CARTESIAN_POINT('',(103.,-91.553,0.));
#11220 = DIRECTION('',(-1.,0.,0.));
#11221 = DIRECTION('',(0.,1.,0.));
#11222 = ADVANCED_FACE('',(#11223),#11234,.T.);
#11223 = FACE_BOUND('',#11224,.T.);
#11224 = EDGE_LOOP('',(#11225,#11226,#11227,#11233));
#11225 = ORIENTED_EDGE('',*,*,#11194,.T.);
#11226 = ORIENTED_EDGE('',*,*,#5750,.T.);
#11227 = ORIENTED_EDGE('',*,*,#11228,.F.);
#11228 = EDGE_CURVE('',#2096,#5743,#11229,.T.);
#11229 = LINE('',#11230,#11231);
#11230 = CARTESIAN_POINT('',(180.196,-144.768,0.));
#11231 = VECTOR('',#11232,1.);
#11232 = DIRECTION('',(0.,0.,1.));
#11233 = ORIENTED_EDGE('',*,*,#2103,.F.);
#11234 = PLANE('',#11235);
#11235 = AXIS2_PLACEMENT_3D('',#11236,#11237,#11238);
#11236 = CARTESIAN_POINT('',(180.973,-144.234,0.));
#11237 = DIRECTION('',(0.566393770718,-0.82413475627,0.));
#11238 = DIRECTION('',(-0.82413475627,-0.566393770718,0.));
#11239 = ADVANCED_FACE('',(#11240),#11251,.T.);
#11240 = FACE_BOUND('',#11241,.T.);
#11241 = EDGE_LOOP('',(#11242,#11248,#11249,#11250));
#11242 = ORIENTED_EDGE('',*,*,#11243,.T.);
#11243 = EDGE_CURVE('',#1040,#4687,#11244,.T.);
#11244 = LINE('',#11245,#11246);
#11245 = CARTESIAN_POINT('',(103.,-92.485,0.));
#11246 = VECTOR('',#11247,1.);
#11247 = DIRECTION('',(0.,0.,1.));
#11248 = ORIENTED_EDGE('',*,*,#4686,.T.);
#11249 = ORIENTED_EDGE('',*,*,#11209,.F.);
#11250 = ORIENTED_EDGE('',*,*,#1039,.F.);
#11251 = PLANE('',#11252);
#11252 = AXIS2_PLACEMENT_3D('',#11253,#11254,#11255);
#11253 = CARTESIAN_POINT('',(103.,-92.485,0.));
#11254 = DIRECTION('',(-1.,0.,0.));
#11255 = DIRECTION('',(0.,1.,0.));
#11256 = ADVANCED_FACE('',(#11257),#11268,.T.);
#11257 = FACE_BOUND('',#11258,.T.);
#11258 = EDGE_LOOP('',(#11259,#11260,#11261,#11267));
#11259 = ORIENTED_EDGE('',*,*,#11228,.T.);
#11260 = ORIENTED_EDGE('',*,*,#5742,.T.);
#11261 = ORIENTED_EDGE('',*,*,#11262,.F.);
#11262 = EDGE_CURVE('',#2088,#5735,#11263,.T.);
#11263 = LINE('',#11264,#11265);
#11264 = CARTESIAN_POINT('',(179.411,-145.288,0.));
#11265 = VECTOR('',#11266,1.);
#11266 = DIRECTION('',(0.,0.,1.));
#11267 = ORIENTED_EDGE('',*,*,#2095,.F.);
#11268 = PLANE('',#11269);
#11269 = AXIS2_PLACEMENT_3D('',#11270,#11271,#11272);
#11270 = CARTESIAN_POINT('',(180.196,-144.768,0.));
#11271 = DIRECTION('',(0.552246989696,-0.833680551753,0.));
#11272 = DIRECTION('',(-0.833680551753,-0.552246989696,0.));
#11273 = ADVANCED_FACE('',(#11274),#11285,.T.);
#11274 = FACE_BOUND('',#11275,.T.);
#11275 = EDGE_LOOP('',(#11276,#11282,#11283,#11284));
#11276 = ORIENTED_EDGE('',*,*,#11277,.T.);
#11277 = EDGE_CURVE('',#1048,#4695,#11278,.T.);
#11278 = LINE('',#11279,#11280);
#11279 = CARTESIAN_POINT('',(103.,-93.419,0.));
#11280 = VECTOR('',#11281,1.);
#11281 = DIRECTION('',(0.,0.,1.));
#11282 = ORIENTED_EDGE('',*,*,#4694,.T.);
#11283 = ORIENTED_EDGE('',*,*,#11243,.F.);
#11284 = ORIENTED_EDGE('',*,*,#1047,.F.);
#11285 = PLANE('',#11286);
#11286 = AXIS2_PLACEMENT_3D('',#11287,#11288,#11289);
#11287 = CARTESIAN_POINT('',(103.,-93.419,0.));
#11288 = DIRECTION('',(-1.,0.,0.));
#11289 = DIRECTION('',(0.,1.,0.));
#11290 = ADVANCED_FACE('',(#11291),#11302,.T.);
#11291 = FACE_BOUND('',#11292,.T.);
#11292 = EDGE_LOOP('',(#11293,#11294,#11295,#11301));
#11293 = ORIENTED_EDGE('',*,*,#11262,.T.);
#11294 = ORIENTED_EDGE('',*,*,#5734,.T.);
#11295 = ORIENTED_EDGE('',*,*,#11296,.F.);
#11296 = EDGE_CURVE('',#2080,#5727,#11297,.T.);
#11297 = LINE('',#11298,#11299);
#11298 = CARTESIAN_POINT('',(178.616,-145.795,0.));
#11299 = VECTOR('',#11300,1.);
#11300 = DIRECTION('',(0.,0.,1.));
#11301 = ORIENTED_EDGE('',*,*,#2087,.F.);
#11302 = PLANE('',#11303);
#11303 = AXIS2_PLACEMENT_3D('',#11304,#11305,#11306);
#11304 = CARTESIAN_POINT('',(179.411,-145.288,0.));
#11305 = DIRECTION('',(0.537698722127,-0.84313704949,0.));
#11306 = DIRECTION('',(-0.84313704949,-0.537698722127,0.));
#11307 = ADVANCED_FACE('',(#11308),#11319,.T.);
#11308 = FACE_BOUND('',#11309,.T.);
#11309 = EDGE_LOOP('',(#11310,#11316,#11317,#11318));
#11310 = ORIENTED_EDGE('',*,*,#11311,.T.);
#11311 = EDGE_CURVE('',#1056,#4703,#11312,.T.);
#11312 = LINE('',#11313,#11314);
#11313 = CARTESIAN_POINT('',(103.,-94.355,0.));
#11314 = VECTOR('',#11315,1.);
#11315 = DIRECTION('',(0.,0.,1.));
#11316 = ORIENTED_EDGE('',*,*,#4702,.T.);
#11317 = ORIENTED_EDGE('',*,*,#11277,.F.);
#11318 = ORIENTED_EDGE('',*,*,#1055,.F.);
#11319 = PLANE('',#11320);
#11320 = AXIS2_PLACEMENT_3D('',#11321,#11322,#11323);
#11321 = CARTESIAN_POINT('',(103.,-94.355,0.));
#11322 = DIRECTION('',(-1.,0.,0.));
#11323 = DIRECTION('',(0.,1.,0.));
#11324 = ADVANCED_FACE('',(#11325),#11336,.T.);
#11325 = FACE_BOUND('',#11326,.T.);
#11326 = EDGE_LOOP('',(#11327,#11328,#11329,#11335));
#11327 = ORIENTED_EDGE('',*,*,#11296,.T.);
#11328 = ORIENTED_EDGE('',*,*,#5726,.T.);
#11329 = ORIENTED_EDGE('',*,*,#11330,.F.);
#11330 = EDGE_CURVE('',#2072,#5719,#11331,.T.);
#11331 = LINE('',#11332,#11333);
#11332 = CARTESIAN_POINT('',(177.812,-146.,0.));
#11333 = VECTOR('',#11334,1.);
#11334 = DIRECTION('',(0.,0.,1.));
#11335 = ORIENTED_EDGE('',*,*,#2079,.F.);
#11336 = PLANE('',#11337);
#11337 = AXIS2_PLACEMENT_3D('',#11338,#11339,#11340);
#11338 = CARTESIAN_POINT('',(178.616,-145.795,0.));
#11339 = DIRECTION('',(0.247070274461,-0.968997564227,0.));
#11340 = DIRECTION('',(-0.968997564227,-0.247070274461,0.));
#11341 = ADVANCED_FACE('',(#11342),#11353,.T.);
#11342 = FACE_BOUND('',#11343,.T.);
#11343 = EDGE_LOOP('',(#11344,#11350,#11351,#11352));
#11344 = ORIENTED_EDGE('',*,*,#11345,.T.);
#11345 = EDGE_CURVE('',#1064,#4711,#11346,.T.);
#11346 = LINE('',#11347,#11348);
#11347 = CARTESIAN_POINT('',(103.,-95.294,0.));
#11348 = VECTOR('',#11349,1.);
#11349 = DIRECTION('',(0.,0.,1.));
#11350 = ORIENTED_EDGE('',*,*,#4710,.T.);
#11351 = ORIENTED_EDGE('',*,*,#11311,.F.);
#11352 = ORIENTED_EDGE('',*,*,#1063,.F.);
#11353 = PLANE('',#11354);
#11354 = AXIS2_PLACEMENT_3D('',#11355,#11356,#11357);
#11355 = CARTESIAN_POINT('',(103.,-95.294,0.));
#11356 = DIRECTION('',(-1.,0.,0.));
#11357 = DIRECTION('',(0.,1.,0.));
#11358 = ADVANCED_FACE('',(#11359),#11370,.T.);
#11359 = FACE_BOUND('',#11360,.T.);
#11360 = EDGE_LOOP('',(#11361,#11362,#11363,#11369));
#11361 = ORIENTED_EDGE('',*,*,#11330,.T.);
#11362 = ORIENTED_EDGE('',*,*,#5718,.T.);
#11363 = ORIENTED_EDGE('',*,*,#11364,.F.);
#11364 = EDGE_CURVE('',#2064,#5711,#11365,.T.);
#11365 = LINE('',#11366,#11367);
#11366 = CARTESIAN_POINT('',(177.,-146.,0.));
#11367 = VECTOR('',#11368,1.);
#11368 = DIRECTION('',(0.,0.,1.));
#11369 = ORIENTED_EDGE('',*,*,#2071,.F.);
#11370 = PLANE('',#11371);
#11371 = AXIS2_PLACEMENT_3D('',#11372,#11373,#11374);
#11372 = CARTESIAN_POINT('',(177.812,-146.,0.));
#11373 = DIRECTION('',(0.,-1.,0.));
#11374 = DIRECTION('',(-1.,0.,0.));
#11375 = ADVANCED_FACE('',(#11376),#11387,.T.);
#11376 = FACE_BOUND('',#11377,.T.);
#11377 = EDGE_LOOP('',(#11378,#11384,#11385,#11386));
#11378 = ORIENTED_EDGE('',*,*,#11379,.T.);
#11379 = EDGE_CURVE('',#1072,#4719,#11380,.T.);
#11380 = LINE('',#11381,#11382);
#11381 = CARTESIAN_POINT('',(103.,-96.233,0.));
#11382 = VECTOR('',#11383,1.);
#11383 = DIRECTION('',(0.,0.,1.));
#11384 = ORIENTED_EDGE('',*,*,#4718,.T.);
#11385 = ORIENTED_EDGE('',*,*,#11345,.F.);
#11386 = ORIENTED_EDGE('',*,*,#1071,.F.);
#11387 = PLANE('',#11388);
#11388 = AXIS2_PLACEMENT_3D('',#11389,#11390,#11391);
#11389 = CARTESIAN_POINT('',(103.,-96.233,0.));
#11390 = DIRECTION('',(-1.,0.,0.));
#11391 = DIRECTION('',(0.,1.,0.));
#11392 = ADVANCED_FACE('',(#11393),#11404,.T.);
#11393 = FACE_BOUND('',#11394,.T.);
#11394 = EDGE_LOOP('',(#11395,#11396,#11397,#11403));
#11395 = ORIENTED_EDGE('',*,*,#11364,.T.);
#11396 = ORIENTED_EDGE('',*,*,#5710,.T.);
#11397 = ORIENTED_EDGE('',*,*,#11398,.F.);
#11398 = EDGE_CURVE('',#2056,#5703,#11399,.T.);
#11399 = LINE('',#11400,#11401);
#11400 = CARTESIAN_POINT('',(176.18,-146.,0.));
#11401 = VECTOR('',#11402,1.);
#11402 = DIRECTION('',(0.,0.,1.));
#11403 = ORIENTED_EDGE('',*,*,#2063,.F.);
#11404 = PLANE('',#11405);
#11405 = AXIS2_PLACEMENT_3D('',#11406,#11407,#11408);
#11406 = CARTESIAN_POINT('',(177.,-146.,0.));
#11407 = DIRECTION('',(0.,-1.,0.));
#11408 = DIRECTION('',(-1.,0.,0.));
#11409 = ADVANCED_FACE('',(#11410),#11421,.T.);
#11410 = FACE_BOUND('',#11411,.T.);
#11411 = EDGE_LOOP('',(#11412,#11418,#11419,#11420));
#11412 = ORIENTED_EDGE('',*,*,#11413,.T.);
#11413 = EDGE_CURVE('',#1080,#4727,#11414,.T.);
#11414 = LINE('',#11415,#11416);
#11415 = CARTESIAN_POINT('',(103.,-97.174,0.));
#11416 = VECTOR('',#11417,1.);
#11417 = DIRECTION('',(0.,0.,1.));
#11418 = ORIENTED_EDGE('',*,*,#4726,.T.);
#11419 = ORIENTED_EDGE('',*,*,#11379,.F.);
#11420 = ORIENTED_EDGE('',*,*,#1079,.F.);
#11421 = PLANE('',#11422);
#11422 = AXIS2_PLACEMENT_3D('',#11423,#11424,#11425);
#11423 = CARTESIAN_POINT('',(103.,-97.174,0.));
#11424 = DIRECTION('',(-1.,0.,0.));
#11425 = DIRECTION('',(0.,1.,0.));
#11426 = ADVANCED_FACE('',(#11427),#11438,.T.);
#11427 = FACE_BOUND('',#11428,.T.);
#11428 = EDGE_LOOP('',(#11429,#11430,#11431,#11437));
#11429 = ORIENTED_EDGE('',*,*,#11398,.T.);
#11430 = ORIENTED_EDGE('',*,*,#5702,.T.);
#11431 = ORIENTED_EDGE('',*,*,#11432,.F.);
#11432 = EDGE_CURVE('',#2048,#5695,#11433,.T.);
#11433 = LINE('',#11434,#11435);
#11434 = CARTESIAN_POINT('',(175.351,-146.,0.));
#11435 = VECTOR('',#11436,1.);
#11436 = DIRECTION('',(0.,0.,1.));
#11437 = ORIENTED_EDGE('',*,*,#2055,.F.);
#11438 = PLANE('',#11439);
#11439 = AXIS2_PLACEMENT_3D('',#11440,#11441,#11442);
#11440 = CARTESIAN_POINT('',(176.18,-146.,0.));
#11441 = DIRECTION('',(0.,-1.,0.));
#11442 = DIRECTION('',(-1.,0.,0.));
#11443 = ADVANCED_FACE('',(#11444),#11455,.T.);
#11444 = FACE_BOUND('',#11445,.T.);
#11445 = EDGE_LOOP('',(#11446,#11452,#11453,#11454));
#11446 = ORIENTED_EDGE('',*,*,#11447,.T.);
#11447 = EDGE_CURVE('',#1088,#4735,#11448,.T.);
#11448 = LINE('',#11449,#11450);
#11449 = CARTESIAN_POINT('',(103.,-98.115,0.));
#11450 = VECTOR('',#11451,1.);
#11451 = DIRECTION('',(0.,0.,1.));
#11452 = ORIENTED_EDGE('',*,*,#4734,.T.);
#11453 = ORIENTED_EDGE('',*,*,#11413,.F.);
#11454 = ORIENTED_EDGE('',*,*,#1087,.F.);
#11455 = PLANE('',#11456);
#11456 = AXIS2_PLACEMENT_3D('',#11457,#11458,#11459);
#11457 = CARTESIAN_POINT('',(103.,-98.115,0.));
#11458 = DIRECTION('',(-1.,0.,0.));
#11459 = DIRECTION('',(0.,1.,0.));
#11460 = ADVANCED_FACE('',(#11461),#11472,.T.);
#11461 = FACE_BOUND('',#11462,.T.);
#11462 = EDGE_LOOP('',(#11463,#11464,#11465,#11471));
#11463 = ORIENTED_EDGE('',*,*,#11432,.T.);
#11464 = ORIENTED_EDGE('',*,*,#5694,.T.);
#11465 = ORIENTED_EDGE('',*,*,#11466,.F.);
#11466 = EDGE_CURVE('',#2040,#5687,#11467,.T.);
#11467 = LINE('',#11468,#11469);
#11468 = CARTESIAN_POINT('',(174.515,-146.,0.));
#11469 = VECTOR('',#11470,1.);
#11470 = DIRECTION('',(0.,0.,1.));
#11471 = ORIENTED_EDGE('',*,*,#2047,.F.);
#11472 = PLANE('',#11473);
#11473 = AXIS2_PLACEMENT_3D('',#11474,#11475,#11476);
#11474 = CARTESIAN_POINT('',(175.351,-146.,0.));
#11475 = DIRECTION('',(0.,-1.,0.));
#11476 = DIRECTION('',(-1.,0.,0.));
#11477 = ADVANCED_FACE('',(#11478),#11489,.T.);
#11478 = FACE_BOUND('',#11479,.T.);
#11479 = EDGE_LOOP('',(#11480,#11486,#11487,#11488));
#11480 = ORIENTED_EDGE('',*,*,#11481,.T.);
#11481 = EDGE_CURVE('',#1096,#4743,#11482,.T.);
#11482 = LINE('',#11483,#11484);
#11483 = CARTESIAN_POINT('',(103.,-99.058,0.));
#11484 = VECTOR('',#11485,1.);
#11485 = DIRECTION('',(0.,0.,1.));
#11486 = ORIENTED_EDGE('',*,*,#4742,.T.);
#11487 = ORIENTED_EDGE('',*,*,#11447,.F.);
#11488 = ORIENTED_EDGE('',*,*,#1095,.F.);
#11489 = PLANE('',#11490);
#11490 = AXIS2_PLACEMENT_3D('',#11491,#11492,#11493);
#11491 = CARTESIAN_POINT('',(103.,-99.058,0.));
#11492 = DIRECTION('',(-1.,0.,0.));
#11493 = DIRECTION('',(0.,1.,0.));
#11494 = ADVANCED_FACE('',(#11495),#11506,.T.);
#11495 = FACE_BOUND('',#11496,.T.);
#11496 = EDGE_LOOP('',(#11497,#11498,#11499,#11505));
#11497 = ORIENTED_EDGE('',*,*,#11466,.T.);
#11498 = ORIENTED_EDGE('',*,*,#5686,.T.);
#11499 = ORIENTED_EDGE('',*,*,#11500,.F.);
#11500 = EDGE_CURVE('',#2032,#5679,#11501,.T.);
#11501 = LINE('',#11502,#11503);
#11502 = CARTESIAN_POINT('',(173.672,-146.,0.));
#11503 = VECTOR('',#11504,1.);
#11504 = DIRECTION('',(0.,0.,1.));
#11505 = ORIENTED_EDGE('',*,*,#2039,.F.);
#11506 = PLANE('',#11507);
#11507 = AXIS2_PLACEMENT_3D('',#11508,#11509,#11510);
#11508 = CARTESIAN_POINT('',(174.515,-146.,0.));
#11509 = DIRECTION('',(0.,-1.,0.));
#11510 = DIRECTION('',(-1.,0.,0.));
#11511 = ADVANCED_FACE('',(#11512),#11523,.T.);
#11512 = FACE_BOUND('',#11513,.T.);
#11513 = EDGE_LOOP('',(#11514,#11520,#11521,#11522));
#11514 = ORIENTED_EDGE('',*,*,#11515,.T.);
#11515 = EDGE_CURVE('',#1104,#4751,#11516,.T.);
#11516 = LINE('',#11517,#11518);
#11517 = CARTESIAN_POINT('',(103.,-100.,0.));
#11518 = VECTOR('',#11519,1.);
#11519 = DIRECTION('',(0.,0.,1.));
#11520 = ORIENTED_EDGE('',*,*,#4750,.T.);
#11521 = ORIENTED_EDGE('',*,*,#11481,.F.);
#11522 = ORIENTED_EDGE('',*,*,#1103,.F.);
#11523 = PLANE('',#11524);
#11524 = AXIS2_PLACEMENT_3D('',#11525,#11526,#11527);
#11525 = CARTESIAN_POINT('',(103.,-100.,0.));
#11526 = DIRECTION('',(-1.,0.,0.));
#11527 = DIRECTION('',(0.,1.,0.));
#11528 = ADVANCED_FACE('',(#11529),#11540,.T.);
#11529 = FACE_BOUND('',#11530,.T.);
#11530 = EDGE_LOOP('',(#11531,#11532,#11533,#11539));
#11531 = ORIENTED_EDGE('',*,*,#11500,.T.);
#11532 = ORIENTED_EDGE('',*,*,#5678,.T.);
#11533 = ORIENTED_EDGE('',*,*,#11534,.F.);
#11534 = EDGE_CURVE('',#2024,#5671,#11535,.T.);
#11535 = LINE('',#11536,#11537);
#11536 = CARTESIAN_POINT('',(172.821,-146.,0.));
#11537 = VECTOR('',#11538,1.);
#11538 = DIRECTION('',(0.,0.,1.));
#11539 = ORIENTED_EDGE('',*,*,#2031,.F.);
#11540 = PLANE('',#11541);
#11541 = AXIS2_PLACEMENT_3D('',#11542,#11543,#11544);
#11542 = CARTESIAN_POINT('',(173.672,-146.,0.));
#11543 = DIRECTION('',(0.,-1.,0.));
#11544 = DIRECTION('',(-1.,0.,0.));
#11545 = ADVANCED_FACE('',(#11546),#11557,.T.);
#11546 = FACE_BOUND('',#11547,.T.);
#11547 = EDGE_LOOP('',(#11548,#11554,#11555,#11556));
#11548 = ORIENTED_EDGE('',*,*,#11549,.T.);
#11549 = EDGE_CURVE('',#1112,#4759,#11550,.T.);
#11550 = LINE('',#11551,#11552);
#11551 = CARTESIAN_POINT('',(103.,-100.942,0.));
#11552 = VECTOR('',#11553,1.);
#11553 = DIRECTION('',(0.,0.,1.));
#11554 = ORIENTED_EDGE('',*,*,#4758,.T.);
#11555 = ORIENTED_EDGE('',*,*,#11515,.F.);
#11556 = ORIENTED_EDGE('',*,*,#1111,.F.);
#11557 = PLANE('',#11558);
#11558 = AXIS2_PLACEMENT_3D('',#11559,#11560,#11561);
#11559 = CARTESIAN_POINT('',(103.,-100.942,0.));
#11560 = DIRECTION('',(-1.,0.,0.));
#11561 = DIRECTION('',(0.,1.,0.));
#11562 = ADVANCED_FACE('',(#11563),#11574,.T.);
#11563 = FACE_BOUND('',#11564,.T.);
#11564 = EDGE_LOOP('',(#11565,#11566,#11567,#11573));
#11565 = ORIENTED_EDGE('',*,*,#11534,.T.);
#11566 = ORIENTED_EDGE('',*,*,#5670,.T.);
#11567 = ORIENTED_EDGE('',*,*,#11568,.F.);
#11568 = EDGE_CURVE('',#2016,#5663,#11569,.T.);
#11569 = LINE('',#11570,#11571);
#11570 = CARTESIAN_POINT('',(171.964,-146.,0.));
#11571 = VECTOR('',#11572,1.);
#11572 = DIRECTION('',(0.,0.,1.));
#11573 = ORIENTED_EDGE('',*,*,#2023,.F.);
#11574 = PLANE('',#11575);
#11575 = AXIS2_PLACEMENT_3D('',#11576,#11577,#11578);
#11576 = CARTESIAN_POINT('',(172.821,-146.,0.));
#11577 = DIRECTION('',(0.,-1.,0.));
#11578 = DIRECTION('',(-1.,0.,0.));
#11579 = ADVANCED_FACE('',(#11580),#11591,.T.);
#11580 = FACE_BOUND('',#11581,.T.);
#11581 = EDGE_LOOP('',(#11582,#11588,#11589,#11590));
#11582 = ORIENTED_EDGE('',*,*,#11583,.T.);
#11583 = EDGE_CURVE('',#1120,#4767,#11584,.T.);
#11584 = LINE('',#11585,#11586);
#11585 = CARTESIAN_POINT('',(103.,-101.885,0.));
#11586 = VECTOR('',#11587,1.);
#11587 = DIRECTION('',(0.,0.,1.));
#11588 = ORIENTED_EDGE('',*,*,#4766,.T.);
#11589 = ORIENTED_EDGE('',*,*,#11549,.F.);
#11590 = ORIENTED_EDGE('',*,*,#1119,.F.);
#11591 = PLANE('',#11592);
#11592 = AXIS2_PLACEMENT_3D('',#11593,#11594,#11595);
#11593 = CARTESIAN_POINT('',(103.,-101.885,0.));
#11594 = DIRECTION('',(-1.,0.,0.));
#11595 = DIRECTION('',(0.,1.,0.));
#11596 = ADVANCED_FACE('',(#11597),#11608,.T.);
#11597 = FACE_BOUND('',#11598,.T.);
#11598 = EDGE_LOOP('',(#11599,#11600,#11601,#11607));
#11599 = ORIENTED_EDGE('',*,*,#11568,.T.);
#11600 = ORIENTED_EDGE('',*,*,#5662,.T.);
#11601 = ORIENTED_EDGE('',*,*,#11602,.F.);
#11602 = EDGE_CURVE('',#2008,#5655,#11603,.T.);
#11603 = LINE('',#11604,#11605);
#11604 = CARTESIAN_POINT('',(171.099,-146.,0.));
#11605 = VECTOR('',#11606,1.);
#11606 = DIRECTION('',(0.,0.,1.));
#11607 = ORIENTED_EDGE('',*,*,#2015,.F.);
#11608 = PLANE('',#11609);
#11609 = AXIS2_PLACEMENT_3D('',#11610,#11611,#11612);
#11610 = CARTESIAN_POINT('',(171.964,-146.,0.));
#11611 = DIRECTION('',(0.,-1.,0.));
#11612 = DIRECTION('',(-1.,0.,0.));
#11613 = ADVANCED_FACE('',(#11614),#11625,.T.);
#11614 = FACE_BOUND('',#11615,.T.);
#11615 = EDGE_LOOP('',(#11616,#11622,#11623,#11624));
#11616 = ORIENTED_EDGE('',*,*,#11617,.T.);
#11617 = EDGE_CURVE('',#1128,#4775,#11618,.T.);
#11618 = LINE('',#11619,#11620);
#11619 = CARTESIAN_POINT('',(103.,-102.826,0.));
#11620 = VECTOR('',#11621,1.);
#11621 = DIRECTION('',(0.,0.,1.));
#11622 = ORIENTED_EDGE('',*,*,#4774,.T.);
#11623 = ORIENTED_EDGE('',*,*,#11583,.F.);
#11624 = ORIENTED_EDGE('',*,*,#1127,.F.);
#11625 = PLANE('',#11626);
#11626 = AXIS2_PLACEMENT_3D('',#11627,#11628,#11629);
#11627 = CARTESIAN_POINT('',(103.,-102.826,0.));
#11628 = DIRECTION('',(-1.,0.,0.));
#11629 = DIRECTION('',(0.,1.,0.));
#11630 = ADVANCED_FACE('',(#11631),#11642,.T.);
#11631 = FACE_BOUND('',#11632,.T.);
#11632 = EDGE_LOOP('',(#11633,#11634,#11635,#11641));
#11633 = ORIENTED_EDGE('',*,*,#11602,.T.);
#11634 = ORIENTED_EDGE('',*,*,#5654,.T.);
#11635 = ORIENTED_EDGE('',*,*,#11636,.F.);
#11636 = EDGE_CURVE('',#2000,#5647,#11637,.T.);
#11637 = LINE('',#11638,#11639);
#11638 = CARTESIAN_POINT('',(170.229,-146.,0.));
#11639 = VECTOR('',#11640,1.);
#11640 = DIRECTION('',(0.,0.,1.));
#11641 = ORIENTED_EDGE('',*,*,#2007,.F.);
#11642 = PLANE('',#11643);
#11643 = AXIS2_PLACEMENT_3D('',#11644,#11645,#11646);
#11644 = CARTESIAN_POINT('',(171.099,-146.,0.));
#11645 = DIRECTION('',(0.,-1.,0.));
#11646 = DIRECTION('',(-1.,0.,0.));
#11647 = ADVANCED_FACE('',(#11648),#11659,.T.);
#11648 = FACE_BOUND('',#11649,.T.);
#11649 = EDGE_LOOP('',(#11650,#11656,#11657,#11658));
#11650 = ORIENTED_EDGE('',*,*,#11651,.T.);
#11651 = EDGE_CURVE('',#1136,#4783,#11652,.T.);
#11652 = LINE('',#11653,#11654);
#11653 = CARTESIAN_POINT('',(103.,-103.767,0.));
#11654 = VECTOR('',#11655,1.);
#11655 = DIRECTION('',(0.,0.,1.));
#11656 = ORIENTED_EDGE('',*,*,#4782,.T.);
#11657 = ORIENTED_EDGE('',*,*,#11617,.F.);
#11658 = ORIENTED_EDGE('',*,*,#1135,.F.);
#11659 = PLANE('',#11660);
#11660 = AXIS2_PLACEMENT_3D('',#11661,#11662,#11663);
#11661 = CARTESIAN_POINT('',(103.,-103.767,0.));
#11662 = DIRECTION('',(-1.,0.,0.));
#11663 = DIRECTION('',(0.,1.,0.));
#11664 = ADVANCED_FACE('',(#11665),#11676,.T.);
#11665 = FACE_BOUND('',#11666,.T.);
#11666 = EDGE_LOOP('',(#11667,#11668,#11669,#11675));
#11667 = ORIENTED_EDGE('',*,*,#11636,.T.);
#11668 = ORIENTED_EDGE('',*,*,#5646,.T.);
#11669 = ORIENTED_EDGE('',*,*,#11670,.F.);
#11670 = EDGE_CURVE('',#1992,#5639,#11671,.T.);
#11671 = LINE('',#11672,#11673);
#11672 = CARTESIAN_POINT('',(169.352,-146.,0.));
#11673 = VECTOR('',#11674,1.);
#11674 = DIRECTION('',(0.,0.,1.));
#11675 = ORIENTED_EDGE('',*,*,#1999,.F.);
#11676 = PLANE('',#11677);
#11677 = AXIS2_PLACEMENT_3D('',#11678,#11679,#11680);
#11678 = CARTESIAN_POINT('',(170.229,-146.,0.));
#11679 = DIRECTION('',(0.,-1.,0.));
#11680 = DIRECTION('',(-1.,0.,0.));
#11681 = ADVANCED_FACE('',(#11682),#11693,.T.);
#11682 = FACE_BOUND('',#11683,.T.);
#11683 = EDGE_LOOP('',(#11684,#11690,#11691,#11692));
#11684 = ORIENTED_EDGE('',*,*,#11685,.T.);
#11685 = EDGE_CURVE('',#1144,#4791,#11686,.T.);
#11686 = LINE('',#11687,#11688);
#11687 = CARTESIAN_POINT('',(103.,-104.706,0.));
#11688 = VECTOR('',#11689,1.);
#11689 = DIRECTION('',(0.,0.,1.));
#11690 = ORIENTED_EDGE('',*,*,#4790,.T.);
#11691 = ORIENTED_EDGE('',*,*,#11651,.F.);
#11692 = ORIENTED_EDGE('',*,*,#1143,.F.);
#11693 = PLANE('',#11694);
#11694 = AXIS2_PLACEMENT_3D('',#11695,#11696,#11697);
#11695 = CARTESIAN_POINT('',(103.,-104.706,0.));
#11696 = DIRECTION('',(-1.,0.,0.));
#11697 = DIRECTION('',(0.,1.,0.));
#11698 = ADVANCED_FACE('',(#11699),#11710,.T.);
#11699 = FACE_BOUND('',#11700,.T.);
#11700 = EDGE_LOOP('',(#11701,#11702,#11703,#11709));
#11701 = ORIENTED_EDGE('',*,*,#11670,.T.);
#11702 = ORIENTED_EDGE('',*,*,#5638,.T.);
#11703 = ORIENTED_EDGE('',*,*,#11704,.F.);
#11704 = EDGE_CURVE('',#1984,#5631,#11705,.T.);
#11705 = LINE('',#11706,#11707);
#11706 = CARTESIAN_POINT('',(168.469,-146.,0.));
#11707 = VECTOR('',#11708,1.);
#11708 = DIRECTION('',(0.,0.,1.));
#11709 = ORIENTED_EDGE('',*,*,#1991,.F.);
#11710 = PLANE('',#11711);
#11711 = AXIS2_PLACEMENT_3D('',#11712,#11713,#11714);
#11712 = CARTESIAN_POINT('',(169.352,-146.,0.));
#11713 = DIRECTION('',(0.,-1.,0.));
#11714 = DIRECTION('',(-1.,0.,0.));
#11715 = ADVANCED_FACE('',(#11716),#11727,.T.);
#11716 = FACE_BOUND('',#11717,.T.);
#11717 = EDGE_LOOP('',(#11718,#11724,#11725,#11726));
#11718 = ORIENTED_EDGE('',*,*,#11719,.T.);
#11719 = EDGE_CURVE('',#1152,#4799,#11720,.T.);
#11720 = LINE('',#11721,#11722);
#11721 = CARTESIAN_POINT('',(103.,-105.645,0.));
#11722 = VECTOR('',#11723,1.);
#11723 = DIRECTION('',(0.,0.,1.));
#11724 = ORIENTED_EDGE('',*,*,#4798,.T.);
#11725 = ORIENTED_EDGE('',*,*,#11685,.F.);
#11726 = ORIENTED_EDGE('',*,*,#1151,.F.);
#11727 = PLANE('',#11728);
#11728 = AXIS2_PLACEMENT_3D('',#11729,#11730,#11731);
#11729 = CARTESIAN_POINT('',(103.,-105.645,0.));
#11730 = DIRECTION('',(-1.,0.,0.));
#11731 = DIRECTION('',(0.,1.,0.));
#11732 = ADVANCED_FACE('',(#11733),#11744,.T.);
#11733 = FACE_BOUND('',#11734,.T.);
#11734 = EDGE_LOOP('',(#11735,#11736,#11737,#11743));
#11735 = ORIENTED_EDGE('',*,*,#11704,.T.);
#11736 = ORIENTED_EDGE('',*,*,#5630,.T.);
#11737 = ORIENTED_EDGE('',*,*,#11738,.F.);
#11738 = EDGE_CURVE('',#1976,#5623,#11739,.T.);
#11739 = LINE('',#11740,#11741);
#11740 = CARTESIAN_POINT('',(167.581,-146.,0.));
#11741 = VECTOR('',#11742,1.);
#11742 = DIRECTION('',(0.,0.,1.));
#11743 = ORIENTED_EDGE('',*,*,#1983,.F.);
#11744 = PLANE('',#11745);
#11745 = AXIS2_PLACEMENT_3D('',#11746,#11747,#11748);
#11746 = CARTESIAN_POINT('',(168.469,-146.,0.));
#11747 = DIRECTION('',(0.,-1.,0.));
#11748 = DIRECTION('',(-1.,0.,0.));
#11749 = ADVANCED_FACE('',(#11750),#11761,.T.);
#11750 = FACE_BOUND('',#11751,.T.);
#11751 = EDGE_LOOP('',(#11752,#11758,#11759,#11760));
#11752 = ORIENTED_EDGE('',*,*,#11753,.T.);
#11753 = EDGE_CURVE('',#1160,#4807,#11754,.T.);
#11754 = LINE('',#11755,#11756);
#11755 = CARTESIAN_POINT('',(103.,-106.581,0.));
#11756 = VECTOR('',#11757,1.);
#11757 = DIRECTION('',(0.,0.,1.));
#11758 = ORIENTED_EDGE('',*,*,#4806,.T.);
#11759 = ORIENTED_EDGE('',*,*,#11719,.F.);
#11760 = ORIENTED_EDGE('',*,*,#1159,.F.);
#11761 = PLANE('',#11762);
#11762 = AXIS2_PLACEMENT_3D('',#11763,#11764,#11765);
#11763 = CARTESIAN_POINT('',(103.,-106.581,0.));
#11764 = DIRECTION('',(-1.,0.,0.));
#11765 = DIRECTION('',(0.,1.,0.));
#11766 = ADVANCED_FACE('',(#11767),#11778,.T.);
#11767 = FACE_BOUND('',#11768,.T.);
#11768 = EDGE_LOOP('',(#11769,#11770,#11771,#11777));
#11769 = ORIENTED_EDGE('',*,*,#11738,.T.);
#11770 = ORIENTED_EDGE('',*,*,#5622,.T.);
#11771 = ORIENTED_EDGE('',*,*,#11772,.F.);
#11772 = EDGE_CURVE('',#1968,#5615,#11773,.T.);
#11773 = LINE('',#11774,#11775);
#11774 = CARTESIAN_POINT('',(166.687,-146.,0.));
#11775 = VECTOR('',#11776,1.);
#11776 = DIRECTION('',(0.,0.,1.));
#11777 = ORIENTED_EDGE('',*,*,#1975,.F.);
#11778 = PLANE('',#11779);
#11779 = AXIS2_PLACEMENT_3D('',#11780,#11781,#11782);
#11780 = CARTESIAN_POINT('',(167.581,-146.,0.));
#11781 = DIRECTION('',(0.,-1.,0.));
#11782 = DIRECTION('',(-1.,0.,0.));
#11783 = ADVANCED_FACE('',(#11784),#11795,.T.);
#11784 = FACE_BOUND('',#11785,.T.);
#11785 = EDGE_LOOP('',(#11786,#11792,#11793,#11794));
#11786 = ORIENTED_EDGE('',*,*,#11787,.T.);
#11787 = EDGE_CURVE('',#1168,#4815,#11788,.T.);
#11788 = LINE('',#11789,#11790);
#11789 = CARTESIAN_POINT('',(103.,-107.515,0.));
#11790 = VECTOR('',#11791,1.);
#11791 = DIRECTION('',(0.,0.,1.));
#11792 = ORIENTED_EDGE('',*,*,#4814,.T.);
#11793 = ORIENTED_EDGE('',*,*,#11753,.F.);
#11794 = ORIENTED_EDGE('',*,*,#1167,.F.);
#11795 = PLANE('',#11796);
#11796 = AXIS2_PLACEMENT_3D('',#11797,#11798,#11799);
#11797 = CARTESIAN_POINT('',(103.,-107.515,0.));
#11798 = DIRECTION('',(-1.,0.,0.));
#11799 = DIRECTION('',(0.,1.,0.));
#11800 = ADVANCED_FACE('',(#11801),#11812,.T.);
#11801 = FACE_BOUND('',#11802,.T.);
#11802 = EDGE_LOOP('',(#11803,#11804,#11805,#11811));
#11803 = ORIENTED_EDGE('',*,*,#11772,.T.);
#11804 = ORIENTED_EDGE('',*,*,#5614,.T.);
#11805 = ORIENTED_EDGE('',*,*,#11806,.F.);
#11806 = EDGE_CURVE('',#1960,#5607,#11807,.T.);
#11807 = LINE('',#11808,#11809);
#11808 = CARTESIAN_POINT('',(165.788,-146.,0.));
#11809 = VECTOR('',#11810,1.);
#11810 = DIRECTION('',(0.,0.,1.));
#11811 = ORIENTED_EDGE('',*,*,#1967,.F.);
#11812 = PLANE('',#11813);
#11813 = AXIS2_PLACEMENT_3D('',#11814,#11815,#11816);
#11814 = CARTESIAN_POINT('',(166.687,-146.,0.));
#11815 = DIRECTION('',(0.,-1.,0.));
#11816 = DIRECTION('',(-1.,0.,0.));
#11817 = ADVANCED_FACE('',(#11818),#11829,.T.);
#11818 = FACE_BOUND('',#11819,.T.);
#11819 = EDGE_LOOP('',(#11820,#11826,#11827,#11828));
#11820 = ORIENTED_EDGE('',*,*,#11821,.T.);
#11821 = EDGE_CURVE('',#1176,#4823,#11822,.T.);
#11822 = LINE('',#11823,#11824);
#11823 = CARTESIAN_POINT('',(103.,-108.447,0.));
#11824 = VECTOR('',#11825,1.);
#11825 = DIRECTION('',(0.,0.,1.));
#11826 = ORIENTED_EDGE('',*,*,#4822,.T.);
#11827 = ORIENTED_EDGE('',*,*,#11787,.F.);
#11828 = ORIENTED_EDGE('',*,*,#1175,.F.);
#11829 = PLANE('',#11830);
#11830 = AXIS2_PLACEMENT_3D('',#11831,#11832,#11833);
#11831 = CARTESIAN_POINT('',(103.,-108.447,0.));
#11832 = DIRECTION('',(-1.,0.,0.));
#11833 = DIRECTION('',(0.,1.,0.));
#11834 = ADVANCED_FACE('',(#11835),#11846,.T.);
#11835 = FACE_BOUND('',#11836,.T.);
#11836 = EDGE_LOOP('',(#11837,#11838,#11839,#11845));
#11837 = ORIENTED_EDGE('',*,*,#11806,.T.);
#11838 = ORIENTED_EDGE('',*,*,#5606,.T.);
#11839 = ORIENTED_EDGE('',*,*,#11840,.F.);
#11840 = EDGE_CURVE('',#1952,#5599,#11841,.T.);
#11841 = LINE('',#11842,#11843);
#11842 = CARTESIAN_POINT('',(164.884,-146.,0.));
#11843 = VECTOR('',#11844,1.);
#11844 = DIRECTION('',(0.,0.,1.));
#11845 = ORIENTED_EDGE('',*,*,#1959,.F.);
#11846 = PLANE('',#11847);
#11847 = AXIS2_PLACEMENT_3D('',#11848,#11849,#11850);
#11848 = CARTESIAN_POINT('',(165.788,-146.,0.));
#11849 = DIRECTION('',(0.,-1.,0.));
#11850 = DIRECTION('',(-1.,0.,0.));
#11851 = ADVANCED_FACE('',(#11852),#11863,.T.);
#11852 = FACE_BOUND('',#11853,.T.);
#11853 = EDGE_LOOP('',(#11854,#11860,#11861,#11862));
#11854 = ORIENTED_EDGE('',*,*,#11855,.T.);
#11855 = EDGE_CURVE('',#1184,#4831,#11856,.T.);
#11856 = LINE('',#11857,#11858);
#11857 = CARTESIAN_POINT('',(103.,-109.377,0.));
#11858 = VECTOR('',#11859,1.);
#11859 = DIRECTION('',(0.,0.,1.));
#11860 = ORIENTED_EDGE('',*,*,#4830,.T.);
#11861 = ORIENTED_EDGE('',*,*,#11821,.F.);
#11862 = ORIENTED_EDGE('',*,*,#1183,.F.);
#11863 = PLANE('',#11864);
#11864 = AXIS2_PLACEMENT_3D('',#11865,#11866,#11867);
#11865 = CARTESIAN_POINT('',(103.,-109.377,0.));
#11866 = DIRECTION('',(-1.,0.,0.));
#11867 = DIRECTION('',(0.,1.,0.));
#11868 = ADVANCED_FACE('',(#11869),#11880,.T.);
#11869 = FACE_BOUND('',#11870,.T.);
#11870 = EDGE_LOOP('',(#11871,#11872,#11873,#11879));
#11871 = ORIENTED_EDGE('',*,*,#11840,.T.);
#11872 = ORIENTED_EDGE('',*,*,#5598,.T.);
#11873 = ORIENTED_EDGE('',*,*,#11874,.F.);
#11874 = EDGE_CURVE('',#1944,#5591,#11875,.T.);
#11875 = LINE('',#11876,#11877);
#11876 = CARTESIAN_POINT('',(163.976,-146.,0.));
#11877 = VECTOR('',#11878,1.);
#11878 = DIRECTION('',(0.,0.,1.));
#11879 = ORIENTED_EDGE('',*,*,#1951,.F.);
#11880 = PLANE('',#11881);
#11881 = AXIS2_PLACEMENT_3D('',#11882,#11883,#11884);
#11882 = CARTESIAN_POINT('',(164.884,-146.,0.));
#11883 = DIRECTION('',(0.,-1.,0.));
#11884 = DIRECTION('',(-1.,0.,0.));
#11885 = ADVANCED_FACE('',(#11886),#11897,.T.);
#11886 = FACE_BOUND('',#11887,.T.);
#11887 = EDGE_LOOP('',(#11888,#11894,#11895,#11896));
#11888 = ORIENTED_EDGE('',*,*,#11889,.T.);
#11889 = EDGE_CURVE('',#1192,#4839,#11890,.T.);
#11890 = LINE('',#11891,#11892);
#11891 = CARTESIAN_POINT('',(103.,-110.304,0.));
#11892 = VECTOR('',#11893,1.);
#11893 = DIRECTION('',(0.,0.,1.));
#11894 = ORIENTED_EDGE('',*,*,#4838,.T.);
#11895 = ORIENTED_EDGE('',*,*,#11855,.F.);
#11896 = ORIENTED_EDGE('',*,*,#1191,.F.);
#11897 = PLANE('',#11898);
#11898 = AXIS2_PLACEMENT_3D('',#11899,#11900,#11901);
#11899 = CARTESIAN_POINT('',(103.,-110.304,0.));
#11900 = DIRECTION('',(-1.,0.,0.));
#11901 = DIRECTION('',(0.,1.,0.));
#11902 = ADVANCED_FACE('',(#11903),#11914,.T.);
#11903 = FACE_BOUND('',#11904,.T.);
#11904 = EDGE_LOOP('',(#11905,#11906,#11907,#11913));
#11905 = ORIENTED_EDGE('',*,*,#11874,.T.);
#11906 = ORIENTED_EDGE('',*,*,#5590,.T.);
#11907 = ORIENTED_EDGE('',*,*,#11908,.F.);
#11908 = EDGE_CURVE('',#1936,#5583,#11909,.T.);
#11909 = LINE('',#11910,#11911);
#11910 = CARTESIAN_POINT('',(163.064,-146.,0.));
#11911 = VECTOR('',#11912,1.);
#11912 = DIRECTION('',(0.,0.,1.));
#11913 = ORIENTED_EDGE('',*,*,#1943,.F.);
#11914 = PLANE('',#11915);
#11915 = AXIS2_PLACEMENT_3D('',#11916,#11917,#11918);
#11916 = CARTESIAN_POINT('',(163.976,-146.,0.));
#11917 = DIRECTION('',(0.,-1.,0.));
#11918 = DIRECTION('',(-1.,0.,0.));
#11919 = ADVANCED_FACE('',(#11920),#11931,.T.);
#11920 = FACE_BOUND('',#11921,.T.);
#11921 = EDGE_LOOP('',(#11922,#11928,#11929,#11930));
#11922 = ORIENTED_EDGE('',*,*,#11923,.T.);
#11923 = EDGE_CURVE('',#1200,#4847,#11924,.T.);
#11924 = LINE('',#11925,#11926);
#11925 = CARTESIAN_POINT('',(103.,-111.227,0.));
#11926 = VECTOR('',#11927,1.);
#11927 = DIRECTION('',(0.,0.,1.));
#11928 = ORIENTED_EDGE('',*,*,#4846,.T.);
#11929 = ORIENTED_EDGE('',*,*,#11889,.F.);
#11930 = ORIENTED_EDGE('',*,*,#1199,.F.);
#11931 = PLANE('',#11932);
#11932 = AXIS2_PLACEMENT_3D('',#11933,#11934,#11935);
#11933 = CARTESIAN_POINT('',(103.,-111.227,0.));
#11934 = DIRECTION('',(-1.,0.,0.));
#11935 = DIRECTION('',(0.,1.,0.));
#11936 = ADVANCED_FACE('',(#11937),#11948,.T.);
#11937 = FACE_BOUND('',#11938,.T.);
#11938 = EDGE_LOOP('',(#11939,#11940,#11941,#11947));
#11939 = ORIENTED_EDGE('',*,*,#11908,.T.);
#11940 = ORIENTED_EDGE('',*,*,#5582,.T.);
#11941 = ORIENTED_EDGE('',*,*,#11942,.F.);
#11942 = EDGE_CURVE('',#1928,#5575,#11943,.T.);
#11943 = LINE('',#11944,#11945);
#11944 = CARTESIAN_POINT('',(162.147,-146.,0.));
#11945 = VECTOR('',#11946,1.);
#11946 = DIRECTION('',(0.,0.,1.));
#11947 = ORIENTED_EDGE('',*,*,#1935,.F.);
#11948 = PLANE('',#11949);
#11949 = AXIS2_PLACEMENT_3D('',#11950,#11951,#11952);
#11950 = CARTESIAN_POINT('',(163.064,-146.,0.));
#11951 = DIRECTION('',(0.,-1.,0.));
#11952 = DIRECTION('',(-1.,0.,0.));
#11953 = ADVANCED_FACE('',(#11954),#11965,.T.);
#11954 = FACE_BOUND('',#11955,.T.);
#11955 = EDGE_LOOP('',(#11956,#11962,#11963,#11964));
#11956 = ORIENTED_EDGE('',*,*,#11957,.T.);
#11957 = EDGE_CURVE('',#1208,#4855,#11958,.T.);
#11958 = LINE('',#11959,#11960);
#11959 = CARTESIAN_POINT('',(103.,-112.147,0.));
#11960 = VECTOR('',#11961,1.);
#11961 = DIRECTION('',(0.,0.,1.));
#11962 = ORIENTED_EDGE('',*,*,#4854,.T.);
#11963 = ORIENTED_EDGE('',*,*,#11923,.F.);
#11964 = ORIENTED_EDGE('',*,*,#1207,.F.);
#11965 = PLANE('',#11966);
#11966 = AXIS2_PLACEMENT_3D('',#11967,#11968,#11969);
#11967 = CARTESIAN_POINT('',(103.,-112.147,0.));
#11968 = DIRECTION('',(-1.,0.,0.));
#11969 = DIRECTION('',(0.,1.,0.));
#11970 = ADVANCED_FACE('',(#11971),#11982,.T.);
#11971 = FACE_BOUND('',#11972,.T.);
#11972 = EDGE_LOOP('',(#11973,#11974,#11975,#11981));
#11973 = ORIENTED_EDGE('',*,*,#11942,.T.);
#11974 = ORIENTED_EDGE('',*,*,#5574,.T.);
#11975 = ORIENTED_EDGE('',*,*,#11976,.F.);
#11976 = EDGE_CURVE('',#1920,#5567,#11977,.T.);
#11977 = LINE('',#11978,#11979);
#11978 = CARTESIAN_POINT('',(161.227,-146.,0.));
#11979 = VECTOR('',#11980,1.);
#11980 = DIRECTION('',(0.,0.,1.));
#11981 = ORIENTED_EDGE('',*,*,#1927,.F.);
#11982 = PLANE('',#11983);
#11983 = AXIS2_PLACEMENT_3D('',#11984,#11985,#11986);
#11984 = CARTESIAN_POINT('',(162.147,-146.,0.));
#11985 = DIRECTION('',(0.,-1.,0.));
#11986 = DIRECTION('',(-1.,0.,0.));
#11987 = ADVANCED_FACE('',(#11988),#11999,.T.);
#11988 = FACE_BOUND('',#11989,.T.);
#11989 = EDGE_LOOP('',(#11990,#11996,#11997,#11998));
#11990 = ORIENTED_EDGE('',*,*,#11991,.T.);
#11991 = EDGE_CURVE('',#1216,#4863,#11992,.T.);
#11992 = LINE('',#11993,#11994);
#11993 = CARTESIAN_POINT('',(103.,-113.064,0.));
#11994 = VECTOR('',#11995,1.);
#11995 = DIRECTION('',(0.,0.,1.));
#11996 = ORIENTED_EDGE('',*,*,#4862,.T.);
#11997 = ORIENTED_EDGE('',*,*,#11957,.F.);
#11998 = ORIENTED_EDGE('',*,*,#1215,.F.);
#11999 = PLANE('',#12000);
#12000 = AXIS2_PLACEMENT_3D('',#12001,#12002,#12003);
#12001 = CARTESIAN_POINT('',(103.,-113.064,0.));
#12002 = DIRECTION('',(-1.,0.,0.));
#12003 = DIRECTION('',(0.,1.,0.));
#12004 = ADVANCED_FACE('',(#12005),#12016,.T.);
#12005 = FACE_BOUND('',#12006,.T.);
#12006 = EDGE_LOOP('',(#12007,#12008,#12009,#12015));
#12007 = ORIENTED_EDGE('',*,*,#11976,.T.);
#12008 = ORIENTED_EDGE('',*,*,#5566,.T.);
#12009 = ORIENTED_EDGE('',*,*,#12010,.F.);
#12010 = EDGE_CURVE('',#1912,#5559,#12011,.T.);
#12011 = LINE('',#12012,#12013);
#12012 = CARTESIAN_POINT('',(160.304,-146.,0.));
#12013 = VECTOR('',#12014,1.);
#12014 = DIRECTION('',(0.,0.,1.));
#12015 = ORIENTED_EDGE('',*,*,#1919,.F.);
#12016 = PLANE('',#12017);
#12017 = AXIS2_PLACEMENT_3D('',#12018,#12019,#12020);
#12018 = CARTESIAN_POINT('',(161.227,-146.,0.));
#12019 = DIRECTION('',(0.,-1.,0.));
#12020 = DIRECTION('',(-1.,0.,0.));
#12021 = ADVANCED_FACE('',(#12022),#12033,.T.);
#12022 = FACE_BOUND('',#12023,.T.);
#12023 = EDGE_LOOP('',(#12024,#12030,#12031,#12032));
#12024 = ORIENTED_EDGE('',*,*,#12025,.T.);
#12025 = EDGE_CURVE('',#1224,#4871,#12026,.T.);
#12026 = LINE('',#12027,#12028);
#12027 = CARTESIAN_POINT('',(103.,-113.976,0.));
#12028 = VECTOR('',#12029,1.);
#12029 = DIRECTION('',(0.,0.,1.));
#12030 = ORIENTED_EDGE('',*,*,#4870,.T.);
#12031 = ORIENTED_EDGE('',*,*,#11991,.F.);
#12032 = ORIENTED_EDGE('',*,*,#1223,.F.);
#12033 = PLANE('',#12034);
#12034 = AXIS2_PLACEMENT_3D('',#12035,#12036,#12037);
#12035 = CARTESIAN_POINT('',(103.,-113.976,0.));
#12036 = DIRECTION('',(-1.,0.,0.));
#12037 = DIRECTION('',(0.,1.,0.));
#12038 = ADVANCED_FACE('',(#12039),#12050,.T.);
#12039 = FACE_BOUND('',#12040,.T.);
#12040 = EDGE_LOOP('',(#12041,#12042,#12043,#12049));
#12041 = ORIENTED_EDGE('',*,*,#12010,.T.);
#12042 = ORIENTED_EDGE('',*,*,#5558,.T.);
#12043 = ORIENTED_EDGE('',*,*,#12044,.F.);
#12044 = EDGE_CURVE('',#1904,#5551,#12045,.T.);
#12045 = LINE('',#12046,#12047);
#12046 = CARTESIAN_POINT('',(159.377,-146.,0.));
#12047 = VECTOR('',#12048,1.);
#12048 = DIRECTION('',(0.,0.,1.));
#12049 = ORIENTED_EDGE('',*,*,#1911,.F.);
#12050 = PLANE('',#12051);
#12051 = AXIS2_PLACEMENT_3D('',#12052,#12053,#12054);
#12052 = CARTESIAN_POINT('',(160.304,-146.,0.));
#12053 = DIRECTION('',(0.,-1.,0.));
#12054 = DIRECTION('',(-1.,0.,0.));
#12055 = ADVANCED_FACE('',(#12056),#12067,.T.);
#12056 = FACE_BOUND('',#12057,.T.);
#12057 = EDGE_LOOP('',(#12058,#12064,#12065,#12066));
#12058 = ORIENTED_EDGE('',*,*,#12059,.T.);
#12059 = EDGE_CURVE('',#1232,#4879,#12060,.T.);
#12060 = LINE('',#12061,#12062);
#12061 = CARTESIAN_POINT('',(103.,-114.884,0.));
#12062 = VECTOR('',#12063,1.);
#12063 = DIRECTION('',(0.,0.,1.));
#12064 = ORIENTED_EDGE('',*,*,#4878,.T.);
#12065 = ORIENTED_EDGE('',*,*,#12025,.F.);
#12066 = ORIENTED_EDGE('',*,*,#1231,.F.);
#12067 = PLANE('',#12068);
#12068 = AXIS2_PLACEMENT_3D('',#12069,#12070,#12071);
#12069 = CARTESIAN_POINT('',(103.,-114.884,0.));
#12070 = DIRECTION('',(-1.,0.,0.));
#12071 = DIRECTION('',(0.,1.,0.));
#12072 = ADVANCED_FACE('',(#12073),#12084,.T.);
#12073 = FACE_BOUND('',#12074,.T.);
#12074 = EDGE_LOOP('',(#12075,#12076,#12077,#12083));
#12075 = ORIENTED_EDGE('',*,*,#12044,.T.);
#12076 = ORIENTED_EDGE('',*,*,#5550,.T.);
#12077 = ORIENTED_EDGE('',*,*,#12078,.F.);
#12078 = EDGE_CURVE('',#1896,#5543,#12079,.T.);
#12079 = LINE('',#12080,#12081);
#12080 = CARTESIAN_POINT('',(158.447,-146.,0.));
#12081 = VECTOR('',#12082,1.);
#12082 = DIRECTION('',(0.,0.,1.));
#12083 = ORIENTED_EDGE('',*,*,#1903,.F.);
#12084 = PLANE('',#12085);
#12085 = AXIS2_PLACEMENT_3D('',#12086,#12087,#12088);
#12086 = CARTESIAN_POINT('',(159.377,-146.,0.));
#12087 = DIRECTION('',(0.,-1.,0.));
#12088 = DIRECTION('',(-1.,0.,0.));
#12089 = ADVANCED_FACE('',(#12090),#12101,.T.);
#12090 = FACE_BOUND('',#12091,.T.);
#12091 = EDGE_LOOP('',(#12092,#12098,#12099,#12100));
#12092 = ORIENTED_EDGE('',*,*,#12093,.T.);
#12093 = EDGE_CURVE('',#1240,#4887,#12094,.T.);
#12094 = LINE('',#12095,#12096);
#12095 = CARTESIAN_POINT('',(103.,-115.788,0.));
#12096 = VECTOR('',#12097,1.);
#12097 = DIRECTION('',(0.,0.,1.));
#12098 = ORIENTED_EDGE('',*,*,#4886,.T.);
#12099 = ORIENTED_EDGE('',*,*,#12059,.F.);
#12100 = ORIENTED_EDGE('',*,*,#1239,.F.);
#12101 = PLANE('',#12102);
#12102 = AXIS2_PLACEMENT_3D('',#12103,#12104,#12105);
#12103 = CARTESIAN_POINT('',(103.,-115.788,0.));
#12104 = DIRECTION('',(-1.,0.,0.));
#12105 = DIRECTION('',(0.,1.,0.));
#12106 = ADVANCED_FACE('',(#12107),#12118,.T.);
#12107 = FACE_BOUND('',#12108,.T.);
#12108 = EDGE_LOOP('',(#12109,#12110,#12111,#12117));
#12109 = ORIENTED_EDGE('',*,*,#12078,.T.);
#12110 = ORIENTED_EDGE('',*,*,#5542,.T.);
#12111 = ORIENTED_EDGE('',*,*,#12112,.F.);
#12112 = EDGE_CURVE('',#1888,#5535,#12113,.T.);
#12113 = LINE('',#12114,#12115);
#12114 = CARTESIAN_POINT('',(157.515,-146.,0.));
#12115 = VECTOR('',#12116,1.);
#12116 = DIRECTION('',(0.,0.,1.));
#12117 = ORIENTED_EDGE('',*,*,#1895,.F.);
#12118 = PLANE('',#12119);
#12119 = AXIS2_PLACEMENT_3D('',#12120,#12121,#12122);
#12120 = CARTESIAN_POINT('',(158.447,-146.,0.));
#12121 = DIRECTION('',(0.,-1.,0.));
#12122 = DIRECTION('',(-1.,0.,0.));
#12123 = ADVANCED_FACE('',(#12124),#12135,.T.);
#12124 = FACE_BOUND('',#12125,.T.);
#12125 = EDGE_LOOP('',(#12126,#12132,#12133,#12134));
#12126 = ORIENTED_EDGE('',*,*,#12127,.T.);
#12127 = EDGE_CURVE('',#1248,#4895,#12128,.T.);
#12128 = LINE('',#12129,#12130);
#12129 = CARTESIAN_POINT('',(103.,-116.687,0.));
#12130 = VECTOR('',#12131,1.);
#12131 = DIRECTION('',(0.,0.,1.));
#12132 = ORIENTED_EDGE('',*,*,#4894,.T.);
#12133 = ORIENTED_EDGE('',*,*,#12093,.F.);
#12134 = ORIENTED_EDGE('',*,*,#1247,.F.);
#12135 = PLANE('',#12136);
#12136 = AXIS2_PLACEMENT_3D('',#12137,#12138,#12139);
#12137 = CARTESIAN_POINT('',(103.,-116.687,0.));
#12138 = DIRECTION('',(-1.,0.,0.));
#12139 = DIRECTION('',(0.,1.,0.));
#12140 = ADVANCED_FACE('',(#12141),#12152,.T.);
#12141 = FACE_BOUND('',#12142,.T.);
#12142 = EDGE_LOOP('',(#12143,#12144,#12145,#12151));
#12143 = ORIENTED_EDGE('',*,*,#12112,.T.);
#12144 = ORIENTED_EDGE('',*,*,#5534,.T.);
#12145 = ORIENTED_EDGE('',*,*,#12146,.F.);
#12146 = EDGE_CURVE('',#1880,#5527,#12147,.T.);
#12147 = LINE('',#12148,#12149);
#12148 = CARTESIAN_POINT('',(156.581,-146.,0.));
#12149 = VECTOR('',#12150,1.);
#12150 = DIRECTION('',(0.,0.,1.));
#12151 = ORIENTED_EDGE('',*,*,#1887,.F.);
#12152 = PLANE('',#12153);
#12153 = AXIS2_PLACEMENT_3D('',#12154,#12155,#12156);
#12154 = CARTESIAN_POINT('',(157.515,-146.,0.));
#12155 = DIRECTION('',(0.,-1.,0.));
#12156 = DIRECTION('',(-1.,0.,0.));
#12157 = ADVANCED_FACE('',(#12158),#12169,.T.);
#12158 = FACE_BOUND('',#12159,.T.);
#12159 = EDGE_LOOP('',(#12160,#12166,#12167,#12168));
#12160 = ORIENTED_EDGE('',*,*,#12161,.T.);
#12161 = EDGE_CURVE('',#1256,#4903,#12162,.T.);
#12162 = LINE('',#12163,#12164);
#12163 = CARTESIAN_POINT('',(103.,-117.581,0.));
#12164 = VECTOR('',#12165,1.);
#12165 = DIRECTION('',(0.,0.,1.));
#12166 = ORIENTED_EDGE('',*,*,#4902,.T.);
#12167 = ORIENTED_EDGE('',*,*,#12127,.F.);
#12168 = ORIENTED_EDGE('',*,*,#1255,.F.);
#12169 = PLANE('',#12170);
#12170 = AXIS2_PLACEMENT_3D('',#12171,#12172,#12173);
#12171 = CARTESIAN_POINT('',(103.,-117.581,0.));
#12172 = DIRECTION('',(-1.,0.,0.));
#12173 = DIRECTION('',(0.,1.,0.));
#12174 = ADVANCED_FACE('',(#12175),#12186,.T.);
#12175 = FACE_BOUND('',#12176,.T.);
#12176 = EDGE_LOOP('',(#12177,#12178,#12179,#12185));
#12177 = ORIENTED_EDGE('',*,*,#12146,.T.);
#12178 = ORIENTED_EDGE('',*,*,#5526,.T.);
#12179 = ORIENTED_EDGE('',*,*,#12180,.F.);
#12180 = EDGE_CURVE('',#1872,#5519,#12181,.T.);
#12181 = LINE('',#12182,#12183);
#12182 = CARTESIAN_POINT('',(155.645,-146.,0.));
#12183 = VECTOR('',#12184,1.);
#12184 = DIRECTION('',(0.,0.,1.));
#12185 = ORIENTED_EDGE('',*,*,#1879,.F.);
#12186 = PLANE('',#12187);
#12187 = AXIS2_PLACEMENT_3D('',#12188,#12189,#12190);
#12188 = CARTESIAN_POINT('',(156.581,-146.,0.));
#12189 = DIRECTION('',(0.,-1.,0.));
#12190 = DIRECTION('',(-1.,0.,0.));
#12191 = ADVANCED_FACE('',(#12192),#12203,.T.);
#12192 = FACE_BOUND('',#12193,.T.);
#12193 = EDGE_LOOP('',(#12194,#12200,#12201,#12202));
#12194 = ORIENTED_EDGE('',*,*,#12195,.T.);
#12195 = EDGE_CURVE('',#1264,#4911,#12196,.T.);
#12196 = LINE('',#12197,#12198);
#12197 = CARTESIAN_POINT('',(103.,-118.469,0.));
#12198 = VECTOR('',#12199,1.);
#12199 = DIRECTION('',(0.,0.,1.));
#12200 = ORIENTED_EDGE('',*,*,#4910,.T.);
#12201 = ORIENTED_EDGE('',*,*,#12161,.F.);
#12202 = ORIENTED_EDGE('',*,*,#1263,.F.);
#12203 = PLANE('',#12204);
#12204 = AXIS2_PLACEMENT_3D('',#12205,#12206,#12207);
#12205 = CARTESIAN_POINT('',(103.,-118.469,0.));
#12206 = DIRECTION('',(-1.,0.,0.));
#12207 = DIRECTION('',(0.,1.,0.));
#12208 = ADVANCED_FACE('',(#12209),#12220,.T.);
#12209 = FACE_BOUND('',#12210,.T.);
#12210 = EDGE_LOOP('',(#12211,#12212,#12213,#12219));
#12211 = ORIENTED_EDGE('',*,*,#12180,.T.);
#12212 = ORIENTED_EDGE('',*,*,#5518,.T.);
#12213 = ORIENTED_EDGE('',*,*,#12214,.F.);
#12214 = EDGE_CURVE('',#1864,#5511,#12215,.T.);
#12215 = LINE('',#12216,#12217);
#12216 = CARTESIAN_POINT('',(154.706,-146.,0.));
#12217 = VECTOR('',#12218,1.);
#12218 = DIRECTION('',(0.,0.,1.));
#12219 = ORIENTED_EDGE('',*,*,#1871,.F.);
#12220 = PLANE('',#12221);
#12221 = AXIS2_PLACEMENT_3D('',#12222,#12223,#12224);
#12222 = CARTESIAN_POINT('',(155.645,-146.,0.));
#12223 = DIRECTION('',(0.,-1.,0.));
#12224 = DIRECTION('',(-1.,0.,0.));
#12225 = ADVANCED_FACE('',(#12226),#12237,.T.);
#12226 = FACE_BOUND('',#12227,.T.);
#12227 = EDGE_LOOP('',(#12228,#12234,#12235,#12236));
#12228 = ORIENTED_EDGE('',*,*,#12229,.T.);
#12229 = EDGE_CURVE('',#1272,#4919,#12230,.T.);
#12230 = LINE('',#12231,#12232);
#12231 = CARTESIAN_POINT('',(103.,-119.352,0.));
#12232 = VECTOR('',#12233,1.);
#12233 = DIRECTION('',(0.,0.,1.));
#12234 = ORIENTED_EDGE('',*,*,#4918,.T.);
#12235 = ORIENTED_EDGE('',*,*,#12195,.F.);
#12236 = ORIENTED_EDGE('',*,*,#1271,.F.);
#12237 = PLANE('',#12238);
#12238 = AXIS2_PLACEMENT_3D('',#12239,#12240,#12241);
#12239 = CARTESIAN_POINT('',(103.,-119.352,0.));
#12240 = DIRECTION('',(-1.,0.,0.));
#12241 = DIRECTION('',(0.,1.,0.));
#12242 = ADVANCED_FACE('',(#12243),#12254,.T.);
#12243 = FACE_BOUND('',#12244,.T.);
#12244 = EDGE_LOOP('',(#12245,#12246,#12247,#12253));
#12245 = ORIENTED_EDGE('',*,*,#12214,.T.);
#12246 = ORIENTED_EDGE('',*,*,#5510,.T.);
#12247 = ORIENTED_EDGE('',*,*,#12248,.F.);
#12248 = EDGE_CURVE('',#1856,#5503,#12249,.T.);
#12249 = LINE('',#12250,#12251);
#12250 = CARTESIAN_POINT('',(153.767,-146.,0.));
#12251 = VECTOR('',#12252,1.);
#12252 = DIRECTION('',(0.,0.,1.));
#12253 = ORIENTED_EDGE('',*,*,#1863,.F.);
#12254 = PLANE('',#12255);
#12255 = AXIS2_PLACEMENT_3D('',#12256,#12257,#12258);
#12256 = CARTESIAN_POINT('',(154.706,-146.,0.));
#12257 = DIRECTION('',(0.,-1.,0.));
#12258 = DIRECTION('',(-1.,0.,0.));
#12259 = ADVANCED_FACE('',(#12260),#12271,.T.);
#12260 = FACE_BOUND('',#12261,.T.);
#12261 = EDGE_LOOP('',(#12262,#12268,#12269,#12270));
#12262 = ORIENTED_EDGE('',*,*,#12263,.T.);
#12263 = EDGE_CURVE('',#1280,#4927,#12264,.T.);
#12264 = LINE('',#12265,#12266);
#12265 = CARTESIAN_POINT('',(103.,-120.229,0.));
#12266 = VECTOR('',#12267,1.);
#12267 = DIRECTION('',(0.,0.,1.));
#12268 = ORIENTED_EDGE('',*,*,#4926,.T.);
#12269 = ORIENTED_EDGE('',*,*,#12229,.F.);
#12270 = ORIENTED_EDGE('',*,*,#1279,.F.);
#12271 = PLANE('',#12272);
#12272 = AXIS2_PLACEMENT_3D('',#12273,#12274,#12275);
#12273 = CARTESIAN_POINT('',(103.,-120.229,0.));
#12274 = DIRECTION('',(-1.,0.,0.));
#12275 = DIRECTION('',(0.,1.,0.));
#12276 = ADVANCED_FACE('',(#12277),#12288,.T.);
#12277 = FACE_BOUND('',#12278,.T.);
#12278 = EDGE_LOOP('',(#12279,#12280,#12281,#12287));
#12279 = ORIENTED_EDGE('',*,*,#12248,.T.);
#12280 = ORIENTED_EDGE('',*,*,#5502,.T.);
#12281 = ORIENTED_EDGE('',*,*,#12282,.F.);
#12282 = EDGE_CURVE('',#1848,#5495,#12283,.T.);
#12283 = LINE('',#12284,#12285);
#12284 = CARTESIAN_POINT('',(152.826,-146.,0.));
#12285 = VECTOR('',#12286,1.);
#12286 = DIRECTION('',(0.,0.,1.));
#12287 = ORIENTED_EDGE('',*,*,#1855,.F.);
#12288 = PLANE('',#12289);
#12289 = AXIS2_PLACEMENT_3D('',#12290,#12291,#12292);
#12290 = CARTESIAN_POINT('',(153.767,-146.,0.));
#12291 = DIRECTION('',(0.,-1.,0.));
#12292 = DIRECTION('',(-1.,0.,0.));
#12293 = ADVANCED_FACE('',(#12294),#12305,.T.);
#12294 = FACE_BOUND('',#12295,.T.);
#12295 = EDGE_LOOP('',(#12296,#12302,#12303,#12304));
#12296 = ORIENTED_EDGE('',*,*,#12297,.T.);
#12297 = EDGE_CURVE('',#1288,#4935,#12298,.T.);
#12298 = LINE('',#12299,#12300);
#12299 = CARTESIAN_POINT('',(103.,-121.099,0.));
#12300 = VECTOR('',#12301,1.);
#12301 = DIRECTION('',(0.,0.,1.));
#12302 = ORIENTED_EDGE('',*,*,#4934,.T.);
#12303 = ORIENTED_EDGE('',*,*,#12263,.F.);
#12304 = ORIENTED_EDGE('',*,*,#1287,.F.);
#12305 = PLANE('',#12306);
#12306 = AXIS2_PLACEMENT_3D('',#12307,#12308,#12309);
#12307 = CARTESIAN_POINT('',(103.,-121.099,0.));
#12308 = DIRECTION('',(-1.,0.,0.));
#12309 = DIRECTION('',(0.,1.,0.));
#12310 = ADVANCED_FACE('',(#12311),#12322,.T.);
#12311 = FACE_BOUND('',#12312,.T.);
#12312 = EDGE_LOOP('',(#12313,#12314,#12315,#12321));
#12313 = ORIENTED_EDGE('',*,*,#12282,.T.);
#12314 = ORIENTED_EDGE('',*,*,#5494,.T.);
#12315 = ORIENTED_EDGE('',*,*,#12316,.F.);
#12316 = EDGE_CURVE('',#1840,#5487,#12317,.T.);
#12317 = LINE('',#12318,#12319);
#12318 = CARTESIAN_POINT('',(151.885,-146.,0.));
#12319 = VECTOR('',#12320,1.);
#12320 = DIRECTION('',(0.,0.,1.));
#12321 = ORIENTED_EDGE('',*,*,#1847,.F.);
#12322 = PLANE('',#12323);
#12323 = AXIS2_PLACEMENT_3D('',#12324,#12325,#12326);
#12324 = CARTESIAN_POINT('',(152.826,-146.,0.));
#12325 = DIRECTION('',(0.,-1.,0.));
#12326 = DIRECTION('',(-1.,0.,0.));
#12327 = ADVANCED_FACE('',(#12328),#12339,.T.);
#12328 = FACE_BOUND('',#12329,.T.);
#12329 = EDGE_LOOP('',(#12330,#12336,#12337,#12338));
#12330 = ORIENTED_EDGE('',*,*,#12331,.T.);
#12331 = EDGE_CURVE('',#1296,#4943,#12332,.T.);
#12332 = LINE('',#12333,#12334);
#12333 = CARTESIAN_POINT('',(103.,-121.964,0.));
#12334 = VECTOR('',#12335,1.);
#12335 = DIRECTION('',(0.,0.,1.));
#12336 = ORIENTED_EDGE('',*,*,#4942,.T.);
#12337 = ORIENTED_EDGE('',*,*,#12297,.F.);
#12338 = ORIENTED_EDGE('',*,*,#1295,.F.);
#12339 = PLANE('',#12340);
#12340 = AXIS2_PLACEMENT_3D('',#12341,#12342,#12343);
#12341 = CARTESIAN_POINT('',(103.,-121.964,0.));
#12342 = DIRECTION('',(-1.,0.,0.));
#12343 = DIRECTION('',(0.,1.,0.));
#12344 = ADVANCED_FACE('',(#12345),#12356,.T.);
#12345 = FACE_BOUND('',#12346,.T.);
#12346 = EDGE_LOOP('',(#12347,#12348,#12349,#12355));
#12347 = ORIENTED_EDGE('',*,*,#12316,.T.);
#12348 = ORIENTED_EDGE('',*,*,#5486,.T.);
#12349 = ORIENTED_EDGE('',*,*,#12350,.F.);
#12350 = EDGE_CURVE('',#1832,#5479,#12351,.T.);
#12351 = LINE('',#12352,#12353);
#12352 = CARTESIAN_POINT('',(150.942,-146.,0.));
#12353 = VECTOR('',#12354,1.);
#12354 = DIRECTION('',(0.,0.,1.));
#12355 = ORIENTED_EDGE('',*,*,#1839,.F.);
#12356 = PLANE('',#12357);
#12357 = AXIS2_PLACEMENT_3D('',#12358,#12359,#12360);
#12358 = CARTESIAN_POINT('',(151.885,-146.,0.));
#12359 = DIRECTION('',(0.,-1.,0.));
#12360 = DIRECTION('',(-1.,0.,0.));
#12361 = ADVANCED_FACE('',(#12362),#12373,.T.);
#12362 = FACE_BOUND('',#12363,.T.);
#12363 = EDGE_LOOP('',(#12364,#12370,#12371,#12372));
#12364 = ORIENTED_EDGE('',*,*,#12365,.T.);
#12365 = EDGE_CURVE('',#1304,#4951,#12366,.T.);
#12366 = LINE('',#12367,#12368);
#12367 = CARTESIAN_POINT('',(103.,-122.821,0.));
#12368 = VECTOR('',#12369,1.);
#12369 = DIRECTION('',(0.,0.,1.));
#12370 = ORIENTED_EDGE('',*,*,#4950,.T.);
#12371 = ORIENTED_EDGE('',*,*,#12331,.F.);
#12372 = ORIENTED_EDGE('',*,*,#1303,.F.);
#12373 = PLANE('',#12374);
#12374 = AXIS2_PLACEMENT_3D('',#12375,#12376,#12377);
#12375 = CARTESIAN_POINT('',(103.,-122.821,0.));
#12376 = DIRECTION('',(-1.,0.,0.));
#12377 = DIRECTION('',(0.,1.,0.));
#12378 = ADVANCED_FACE('',(#12379),#12390,.T.);
#12379 = FACE_BOUND('',#12380,.T.);
#12380 = EDGE_LOOP('',(#12381,#12382,#12383,#12389));
#12381 = ORIENTED_EDGE('',*,*,#12350,.T.);
#12382 = ORIENTED_EDGE('',*,*,#5478,.T.);
#12383 = ORIENTED_EDGE('',*,*,#12384,.F.);
#12384 = EDGE_CURVE('',#1824,#5471,#12385,.T.);
#12385 = LINE('',#12386,#12387);
#12386 = CARTESIAN_POINT('',(150.,-146.,0.));
#12387 = VECTOR('',#12388,1.);
#12388 = DIRECTION('',(0.,0.,1.));
#12389 = ORIENTED_EDGE('',*,*,#1831,.F.);
#12390 = PLANE('',#12391);
#12391 = AXIS2_PLACEMENT_3D('',#12392,#12393,#12394);
#12392 = CARTESIAN_POINT('',(150.942,-146.,0.));
#12393 = DIRECTION('',(0.,-1.,0.));
#12394 = DIRECTION('',(-1.,0.,0.));
#12395 = ADVANCED_FACE('',(#12396),#12407,.T.);
#12396 = FACE_BOUND('',#12397,.T.);
#12397 = EDGE_LOOP('',(#12398,#12404,#12405,#12406));
#12398 = ORIENTED_EDGE('',*,*,#12399,.T.);
#12399 = EDGE_CURVE('',#1312,#4959,#12400,.T.);
#12400 = LINE('',#12401,#12402);
#12401 = CARTESIAN_POINT('',(103.,-123.672,0.));
#12402 = VECTOR('',#12403,1.);
#12403 = DIRECTION('',(0.,0.,1.));
#12404 = ORIENTED_EDGE('',*,*,#4958,.T.);
#12405 = ORIENTED_EDGE('',*,*,#12365,.F.);
#12406 = ORIENTED_EDGE('',*,*,#1311,.F.);
#12407 = PLANE('',#12408);
#12408 = AXIS2_PLACEMENT_3D('',#12409,#12410,#12411);
#12409 = CARTESIAN_POINT('',(103.,-123.672,0.));
#12410 = DIRECTION('',(-1.,0.,0.));
#12411 = DIRECTION('',(0.,1.,0.));
#12412 = ADVANCED_FACE('',(#12413),#12424,.T.);
#12413 = FACE_BOUND('',#12414,.T.);
#12414 = EDGE_LOOP('',(#12415,#12416,#12417,#12423));
#12415 = ORIENTED_EDGE('',*,*,#12384,.T.);
#12416 = ORIENTED_EDGE('',*,*,#5470,.T.);
#12417 = ORIENTED_EDGE('',*,*,#12418,.F.);
#12418 = EDGE_CURVE('',#1816,#5463,#12419,.T.);
#12419 = LINE('',#12420,#12421);
#12420 = CARTESIAN_POINT('',(149.058,-146.,0.));
#12421 = VECTOR('',#12422,1.);
#12422 = DIRECTION('',(0.,0.,1.));
#12423 = ORIENTED_EDGE('',*,*,#1823,.F.);
#12424 = PLANE('',#12425);
#12425 = AXIS2_PLACEMENT_3D('',#12426,#12427,#12428);
#12426 = CARTESIAN_POINT('',(150.,-146.,0.));
#12427 = DIRECTION('',(0.,-1.,0.));
#12428 = DIRECTION('',(-1.,0.,0.));
#12429 = ADVANCED_FACE('',(#12430),#12441,.T.);
#12430 = FACE_BOUND('',#12431,.T.);
#12431 = EDGE_LOOP('',(#12432,#12438,#12439,#12440));
#12432 = ORIENTED_EDGE('',*,*,#12433,.T.);
#12433 = EDGE_CURVE('',#1320,#4967,#12434,.T.);
#12434 = LINE('',#12435,#12436);
#12435 = CARTESIAN_POINT('',(103.,-124.515,0.));
#12436 = VECTOR('',#12437,1.);
#12437 = DIRECTION('',(0.,0.,1.));
#12438 = ORIENTED_EDGE('',*,*,#4966,.T.);
#12439 = ORIENTED_EDGE('',*,*,#12399,.F.);
#12440 = ORIENTED_EDGE('',*,*,#1319,.F.);
#12441 = PLANE('',#12442);
#12442 = AXIS2_PLACEMENT_3D('',#12443,#12444,#12445);
#12443 = CARTESIAN_POINT('',(103.,-124.515,0.));
#12444 = DIRECTION('',(-1.,0.,0.));
#12445 = DIRECTION('',(0.,1.,0.));
#12446 = ADVANCED_FACE('',(#12447),#12458,.T.);
#12447 = FACE_BOUND('',#12448,.T.);
#12448 = EDGE_LOOP('',(#12449,#12450,#12451,#12457));
#12449 = ORIENTED_EDGE('',*,*,#12418,.T.);
#12450 = ORIENTED_EDGE('',*,*,#5462,.T.);
#12451 = ORIENTED_EDGE('',*,*,#12452,.F.);
#12452 = EDGE_CURVE('',#1808,#5455,#12453,.T.);
#12453 = LINE('',#12454,#12455);
#12454 = CARTESIAN_POINT('',(148.115,-146.,0.));
#12455 = VECTOR('',#12456,1.);
#12456 = DIRECTION('',(0.,0.,1.));
#12457 = ORIENTED_EDGE('',*,*,#1815,.F.);
#12458 = PLANE('',#12459);
#12459 = AXIS2_PLACEMENT_3D('',#12460,#12461,#12462);
#12460 = CARTESIAN_POINT('',(149.058,-146.,0.));
#12461 = DIRECTION('',(0.,-1.,0.));
#12462 = DIRECTION('',(-1.,0.,0.));
#12463 = ADVANCED_FACE('',(#12464),#12475,.T.);
#12464 = FACE_BOUND('',#12465,.T.);
#12465 = EDGE_LOOP('',(#12466,#12472,#12473,#12474));
#12466 = ORIENTED_EDGE('',*,*,#12467,.T.);
#12467 = EDGE_CURVE('',#1328,#4975,#12468,.T.);
#12468 = LINE('',#12469,#12470);
#12469 = CARTESIAN_POINT('',(103.,-125.351,0.));
#12470 = VECTOR('',#12471,1.);
#12471 = DIRECTION('',(0.,0.,1.));
#12472 = ORIENTED_EDGE('',*,*,#4974,.T.);
#12473 = ORIENTED_EDGE('',*,*,#12433,.F.);
#12474 = ORIENTED_EDGE('',*,*,#1327,.F.);
#12475 = PLANE('',#12476);
#12476 = AXIS2_PLACEMENT_3D('',#12477,#12478,#12479);
#12477 = CARTESIAN_POINT('',(103.,-125.351,0.));
#12478 = DIRECTION('',(-1.,0.,0.));
#12479 = DIRECTION('',(0.,1.,0.));
#12480 = ADVANCED_FACE('',(#12481),#12492,.T.);
#12481 = FACE_BOUND('',#12482,.T.);
#12482 = EDGE_LOOP('',(#12483,#12484,#12485,#12491));
#12483 = ORIENTED_EDGE('',*,*,#12452,.T.);
#12484 = ORIENTED_EDGE('',*,*,#5454,.T.);
#12485 = ORIENTED_EDGE('',*,*,#12486,.F.);
#12486 = EDGE_CURVE('',#1800,#5447,#12487,.T.);
#12487 = LINE('',#12488,#12489);
#12488 = CARTESIAN_POINT('',(147.174,-146.,0.));
#12489 = VECTOR('',#12490,1.);
#12490 = DIRECTION('',(0.,0.,1.));
#12491 = ORIENTED_EDGE('',*,*,#1807,.F.);
#12492 = PLANE('',#12493);
#12493 = AXIS2_PLACEMENT_3D('',#12494,#12495,#12496);
#12494 = CARTESIAN_POINT('',(148.115,-146.,0.));
#12495 = DIRECTION('',(0.,-1.,0.));
#12496 = DIRECTION('',(-1.,0.,0.));
#12497 = ADVANCED_FACE('',(#12498),#12509,.T.);
#12498 = FACE_BOUND('',#12499,.T.);
#12499 = EDGE_LOOP('',(#12500,#12506,#12507,#12508));
#12500 = ORIENTED_EDGE('',*,*,#12501,.T.);
#12501 = EDGE_CURVE('',#1336,#4983,#12502,.T.);
#12502 = LINE('',#12503,#12504);
#12503 = CARTESIAN_POINT('',(103.,-126.18,0.));
#12504 = VECTOR('',#12505,1.);
#12505 = DIRECTION('',(0.,0.,1.));
#12506 = ORIENTED_EDGE('',*,*,#4982,.T.);
#12507 = ORIENTED_EDGE('',*,*,#12467,.F.);
#12508 = ORIENTED_EDGE('',*,*,#1335,.F.);
#12509 = PLANE('',#12510);
#12510 = AXIS2_PLACEMENT_3D('',#12511,#12512,#12513);
#12511 = CARTESIAN_POINT('',(103.,-126.18,0.));
#12512 = DIRECTION('',(-1.,0.,0.));
#12513 = DIRECTION('',(0.,1.,0.));
#12514 = ADVANCED_FACE('',(#12515),#12526,.T.);
#12515 = FACE_BOUND('',#12516,.T.);
#12516 = EDGE_LOOP('',(#12517,#12518,#12519,#12525));
#12517 = ORIENTED_EDGE('',*,*,#12486,.T.);
#12518 = ORIENTED_EDGE('',*,*,#5446,.T.);
#12519 = ORIENTED_EDGE('',*,*,#12520,.F.);
#12520 = EDGE_CURVE('',#1792,#5439,#12521,.T.);
#12521 = LINE('',#12522,#12523);
#12522 = CARTESIAN_POINT('',(146.233,-146.,0.));
#12523 = VECTOR('',#12524,1.);
#12524 = DIRECTION('',(0.,0.,1.));
#12525 = ORIENTED_EDGE('',*,*,#1799,.F.);
#12526 = PLANE('',#12527);
#12527 = AXIS2_PLACEMENT_3D('',#12528,#12529,#12530);
#12528 = CARTESIAN_POINT('',(147.174,-146.,0.));
#12529 = DIRECTION('',(0.,-1.,0.));
#12530 = DIRECTION('',(-1.,0.,0.));
#12531 = ADVANCED_FACE('',(#12532),#12543,.T.);
#12532 = FACE_BOUND('',#12533,.T.);
#12533 = EDGE_LOOP('',(#12534,#12540,#12541,#12542));
#12534 = ORIENTED_EDGE('',*,*,#12535,.T.);
#12535 = EDGE_CURVE('',#1344,#4991,#12536,.T.);
#12536 = LINE('',#12537,#12538);
#12537 = CARTESIAN_POINT('',(103.235,-127.,0.));
#12538 = VECTOR('',#12539,1.);
#12539 = DIRECTION('',(0.,0.,1.));
#12540 = ORIENTED_EDGE('',*,*,#4990,.T.);
#12541 = ORIENTED_EDGE('',*,*,#12501,.F.);
#12542 = ORIENTED_EDGE('',*,*,#1343,.F.);
#12543 = PLANE('',#12544);
#12544 = AXIS2_PLACEMENT_3D('',#12545,#12546,#12547);
#12545 = CARTESIAN_POINT('',(103.235,-127.,0.));
#12546 = DIRECTION('',(-0.961302443514,-0.27549521247,0.));
#12547 = DIRECTION('',(-0.27549521247,0.961302443514,0.));
#12548 = ADVANCED_FACE('',(#12549),#12560,.T.);
#12549 = FACE_BOUND('',#12550,.T.);
#12550 = EDGE_LOOP('',(#12551,#12552,#12553,#12559));
#12551 = ORIENTED_EDGE('',*,*,#12520,.T.);
#12552 = ORIENTED_EDGE('',*,*,#5438,.T.);
#12553 = ORIENTED_EDGE('',*,*,#12554,.F.);
#12554 = EDGE_CURVE('',#1784,#5431,#12555,.T.);
#12555 = LINE('',#12556,#12557);
#12556 = CARTESIAN_POINT('',(145.294,-146.,0.));
#12557 = VECTOR('',#12558,1.);
#12558 = DIRECTION('',(0.,0.,1.));
#12559 = ORIENTED_EDGE('',*,*,#1791,.F.);
#12560 = PLANE('',#12561);
#12561 = AXIS2_PLACEMENT_3D('',#12562,#12563,#12564);
#12562 = CARTESIAN_POINT('',(146.233,-146.,0.));
#12563 = DIRECTION('',(0.,-1.,0.));
#12564 = DIRECTION('',(-1.,0.,0.));
#12565 = ADVANCED_FACE('',(#12566),#12577,.T.);
#12566 = FACE_BOUND('',#12567,.T.);
#12567 = EDGE_LOOP('',(#12568,#12574,#12575,#12576));
#12568 = ORIENTED_EDGE('',*,*,#12569,.T.);
#12569 = EDGE_CURVE('',#1352,#4999,#12570,.T.);
#12570 = LINE('',#12571,#12572);
#12571 = CARTESIAN_POINT('',(103.713,-127.812,0.));
#12572 = VECTOR('',#12573,1.);
#12573 = DIRECTION('',(0.,0.,1.));
#12574 = ORIENTED_EDGE('',*,*,#4998,.T.);
#12575 = ORIENTED_EDGE('',*,*,#12535,.F.);
#12576 = ORIENTED_EDGE('',*,*,#1351,.F.);
#12577 = PLANE('',#12578);
#12578 = AXIS2_PLACEMENT_3D('',#12579,#12580,#12581);
#12579 = CARTESIAN_POINT('',(103.713,-127.812,0.));
#12580 = DIRECTION('',(-0.86177047455,-0.507298382802,0.));
#12581 = DIRECTION('',(-0.507298382802,0.86177047455,0.));
#12582 = ADVANCED_FACE('',(#12583),#12594,.T.);
#12583 = FACE_BOUND('',#12584,.T.);
#12584 = EDGE_LOOP('',(#12585,#12586,#12587,#12593));
#12585 = ORIENTED_EDGE('',*,*,#12554,.T.);
#12586 = ORIENTED_EDGE('',*,*,#5430,.T.);
#12587 = ORIENTED_EDGE('',*,*,#12588,.F.);
#12588 = EDGE_CURVE('',#1776,#5423,#12589,.T.);
#12589 = LINE('',#12590,#12591);
#12590 = CARTESIAN_POINT('',(144.355,-146.,0.));
#12591 = VECTOR('',#12592,1.);
#12592 = DIRECTION('',(0.,0.,1.));
#12593 = ORIENTED_EDGE('',*,*,#1783,.F.);
#12594 = PLANE('',#12595);
#12595 = AXIS2_PLACEMENT_3D('',#12596,#12597,#12598);
#12596 = CARTESIAN_POINT('',(145.294,-146.,0.));
#12597 = DIRECTION('',(0.,-1.,0.));
#12598 = DIRECTION('',(-1.,0.,0.));
#12599 = ADVANCED_FACE('',(#12600),#12611,.T.);
#12600 = FACE_BOUND('',#12601,.T.);
#12601 = EDGE_LOOP('',(#12602,#12608,#12609,#12610));
#12602 = ORIENTED_EDGE('',*,*,#12603,.T.);
#12603 = EDGE_CURVE('',#1360,#5007,#12604,.T.);
#12604 = LINE('',#12605,#12606);
#12605 = CARTESIAN_POINT('',(104.205,-128.616,0.));
#12606 = VECTOR('',#12607,1.);
#12607 = DIRECTION('',(0.,0.,1.));
#12608 = ORIENTED_EDGE('',*,*,#5006,.T.);
#12609 = ORIENTED_EDGE('',*,*,#12569,.F.);
#12610 = ORIENTED_EDGE('',*,*,#1359,.F.);
#12611 = PLANE('',#12612);
#12612 = AXIS2_PLACEMENT_3D('',#12613,#12614,#12615);
#12613 = CARTESIAN_POINT('',(104.205,-128.616,0.));
#12614 = DIRECTION('',(-0.852966983083,-0.521964870245,0.));
#12615 = DIRECTION('',(-0.521964870245,0.852966983083,0.));
#12616 = ADVANCED_FACE('',(#12617),#12628,.T.);
#12617 = FACE_BOUND('',#12618,.T.);
#12618 = EDGE_LOOP('',(#12619,#12620,#12621,#12627));
#12619 = ORIENTED_EDGE('',*,*,#12588,.T.);
#12620 = ORIENTED_EDGE('',*,*,#5422,.T.);
#12621 = ORIENTED_EDGE('',*,*,#12622,.F.);
#12622 = EDGE_CURVE('',#1768,#5415,#12623,.T.);
#12623 = LINE('',#12624,#12625);
#12624 = CARTESIAN_POINT('',(143.419,-146.,0.));
#12625 = VECTOR('',#12626,1.);
#12626 = DIRECTION('',(0.,0.,1.));
#12627 = ORIENTED_EDGE('',*,*,#1775,.F.);
#12628 = PLANE('',#12629);
#12629 = AXIS2_PLACEMENT_3D('',#12630,#12631,#12632);
#12630 = CARTESIAN_POINT('',(144.355,-146.,0.));
#12631 = DIRECTION('',(0.,-1.,0.));
#12632 = DIRECTION('',(-1.,0.,0.));
#12633 = ADVANCED_FACE('',(#12634),#12645,.T.);
#12634 = FACE_BOUND('',#12635,.T.);
#12635 = EDGE_LOOP('',(#12636,#12642,#12643,#12644));
#12636 = ORIENTED_EDGE('',*,*,#12637,.T.);
#12637 = EDGE_CURVE('',#1368,#5015,#12638,.T.);
#12638 = LINE('',#12639,#12640);
#12639 = CARTESIAN_POINT('',(104.712,-129.411,0.));
#12640 = VECTOR('',#12641,1.);
#12641 = DIRECTION('',(0.,0.,1.));
#12642 = ORIENTED_EDGE('',*,*,#5014,.T.);
#12643 = ORIENTED_EDGE('',*,*,#12603,.F.);
#12644 = ORIENTED_EDGE('',*,*,#1367,.F.);
#12645 = PLANE('',#12646);
#12646 = AXIS2_PLACEMENT_3D('',#12647,#12648,#12649);
#12647 = CARTESIAN_POINT('',(104.712,-129.411,0.));
#12648 = DIRECTION('',(-0.84313704949,-0.537698722128,0.));
#12649 = DIRECTION('',(-0.537698722128,0.84313704949,0.));
#12650 = ADVANCED_FACE('',(#12651),#12662,.T.);
#12651 = FACE_BOUND('',#12652,.T.);
#12652 = EDGE_LOOP('',(#12653,#12654,#12655,#12661));
#12653 = ORIENTED_EDGE('',*,*,#12622,.T.);
#12654 = ORIENTED_EDGE('',*,*,#5414,.T.);
#12655 = ORIENTED_EDGE('',*,*,#12656,.F.);
#12656 = EDGE_CURVE('',#1760,#5407,#12657,.T.);
#12657 = LINE('',#12658,#12659);
#12658 = CARTESIAN_POINT('',(142.485,-146.,0.));
#12659 = VECTOR('',#12660,1.);
#12660 = DIRECTION('',(0.,0.,1.));
#12661 = ORIENTED_EDGE('',*,*,#1767,.F.);
#12662 = PLANE('',#12663);
#12663 = AXIS2_PLACEMENT_3D('',#12664,#12665,#12666);
#12664 = CARTESIAN_POINT('',(143.419,-146.,0.));
#12665 = DIRECTION('',(0.,-1.,0.));
#12666 = DIRECTION('',(-1.,0.,0.));
#12667 = ADVANCED_FACE('',(#12668),#12679,.T.);
#12668 = FACE_BOUND('',#12669,.T.);
#12669 = EDGE_LOOP('',(#12670,#12676,#12677,#12678));
#12670 = ORIENTED_EDGE('',*,*,#12671,.T.);
#12671 = EDGE_CURVE('',#1376,#5023,#12672,.T.);
#12672 = LINE('',#12673,#12674);
#12673 = CARTESIAN_POINT('',(105.232,-130.196,0.));
#12674 = VECTOR('',#12675,1.);
#12675 = DIRECTION('',(0.,0.,1.));
#12676 = ORIENTED_EDGE('',*,*,#5022,.T.);
#12677 = ORIENTED_EDGE('',*,*,#12637,.F.);
#12678 = ORIENTED_EDGE('',*,*,#1375,.F.);
#12679 = PLANE('',#12680);
#12680 = AXIS2_PLACEMENT_3D('',#12681,#12682,#12683);
#12681 = CARTESIAN_POINT('',(105.232,-130.196,0.));
#12682 = DIRECTION('',(-0.833680551753,-0.552246989696,0.));
#12683 = DIRECTION('',(-0.552246989696,0.833680551753,0.));
#12684 = ADVANCED_FACE('',(#12685),#12696,.T.);
#12685 = FACE_BOUND('',#12686,.T.);
#12686 = EDGE_LOOP('',(#12687,#12688,#12689,#12695));
#12687 = ORIENTED_EDGE('',*,*,#12656,.T.);
#12688 = ORIENTED_EDGE('',*,*,#5406,.T.);
#12689 = ORIENTED_EDGE('',*,*,#12690,.F.);
#12690 = EDGE_CURVE('',#1752,#5399,#12691,.T.);
#12691 = LINE('',#12692,#12693);
#12692 = CARTESIAN_POINT('',(141.553,-146.,0.));
#12693 = VECTOR('',#12694,1.);
#12694 = DIRECTION('',(0.,0.,1.));
#12695 = ORIENTED_EDGE('',*,*,#1759,.F.);
#12696 = PLANE('',#12697);
#12697 = AXIS2_PLACEMENT_3D('',#12698,#12699,#12700);
#12698 = CARTESIAN_POINT('',(142.485,-146.,0.));
#12699 = DIRECTION('',(0.,-1.,0.));
#12700 = DIRECTION('',(-1.,0.,0.));
#12701 = ADVANCED_FACE('',(#12702),#12713,.T.);
#12702 = FACE_BOUND('',#12703,.T.);
#12703 = EDGE_LOOP('',(#12704,#12710,#12711,#12712));
#12704 = ORIENTED_EDGE('',*,*,#12705,.T.);
#12705 = EDGE_CURVE('',#1384,#5031,#12706,.T.);
#12706 = LINE('',#12707,#12708);
#12707 = CARTESIAN_POINT('',(105.766,-130.973,0.));
#12708 = VECTOR('',#12709,1.);
#12709 = DIRECTION('',(0.,0.,1.));
#12710 = ORIENTED_EDGE('',*,*,#5030,.T.);
#12711 = ORIENTED_EDGE('',*,*,#12671,.F.);
#12712 = ORIENTED_EDGE('',*,*,#1383,.F.);
#12713 = PLANE('',#12714);
#12714 = AXIS2_PLACEMENT_3D('',#12715,#12716,#12717);
#12715 = CARTESIAN_POINT('',(105.766,-130.973,0.));
#12716 = DIRECTION('',(-0.82413475627,-0.566393770718,0.));
#12717 = DIRECTION('',(-0.566393770718,0.82413475627,0.));
#12718 = ADVANCED_FACE('',(#12719),#12730,.T.);
#12719 = FACE_BOUND('',#12720,.T.);
#12720 = EDGE_LOOP('',(#12721,#12722,#12723,#12729));
#12721 = ORIENTED_EDGE('',*,*,#12690,.T.);
#12722 = ORIENTED_EDGE('',*,*,#5398,.T.);
#12723 = ORIENTED_EDGE('',*,*,#12724,.F.);
#12724 = EDGE_CURVE('',#1744,#5391,#12725,.T.);
#12725 = LINE('',#12726,#12727);
#12726 = CARTESIAN_POINT('',(140.623,-146.,0.));
#12727 = VECTOR('',#12728,1.);
#12728 = DIRECTION('',(0.,0.,1.));
#12729 = ORIENTED_EDGE('',*,*,#1751,.F.);
#12730 = PLANE('',#12731);
#12731 = AXIS2_PLACEMENT_3D('',#12732,#12733,#12734);
#12732 = CARTESIAN_POINT('',(141.553,-146.,0.));
#12733 = DIRECTION('',(0.,-1.,0.));
#12734 = DIRECTION('',(-1.,0.,0.));
#12735 = ADVANCED_FACE('',(#12736),#12747,.T.);
#12736 = FACE_BOUND('',#12737,.T.);
#12737 = EDGE_LOOP('',(#12738,#12744,#12745,#12746));
#12738 = ORIENTED_EDGE('',*,*,#12739,.T.);
#12739 = EDGE_CURVE('',#1392,#5039,#12740,.T.);
#12740 = LINE('',#12741,#12742);
#12741 = CARTESIAN_POINT('',(106.313,-131.74,0.));
#12742 = VECTOR('',#12743,1.);
#12743 = DIRECTION('',(0.,0.,1.));
#12744 = ORIENTED_EDGE('',*,*,#5038,.T.);
#12745 = ORIENTED_EDGE('',*,*,#12705,.F.);
#12746 = ORIENTED_EDGE('',*,*,#1391,.F.);
#12747 = PLANE('',#12748);
#12748 = AXIS2_PLACEMENT_3D('',#12749,#12750,#12751);
#12749 = CARTESIAN_POINT('',(106.313,-131.74,0.));
#12750 = DIRECTION('',(-0.814163582362,-0.580635566561,0.));
#12751 = DIRECTION('',(-0.580635566561,0.814163582362,0.));
#12752 = ADVANCED_FACE('',(#12753),#12764,.T.);
#12753 = FACE_BOUND('',#12754,.T.);
#12754 = EDGE_LOOP('',(#12755,#12756,#12757,#12763));
#12755 = ORIENTED_EDGE('',*,*,#12724,.T.);
#12756 = ORIENTED_EDGE('',*,*,#5390,.T.);
#12757 = ORIENTED_EDGE('',*,*,#12758,.F.);
#12758 = EDGE_CURVE('',#1736,#5383,#12759,.T.);
#12759 = LINE('',#12760,#12761);
#12760 = CARTESIAN_POINT('',(139.696,-146.,0.));
#12761 = VECTOR('',#12762,1.);
#12762 = DIRECTION('',(0.,0.,1.));
#12763 = ORIENTED_EDGE('',*,*,#1743,.F.);
#12764 = PLANE('',#12765);
#12765 = AXIS2_PLACEMENT_3D('',#12766,#12767,#12768);
#12766 = CARTESIAN_POINT('',(140.623,-146.,0.));
#12767 = DIRECTION('',(0.,-1.,0.));
#12768 = DIRECTION('',(-1.,0.,0.));
#12769 = ADVANCED_FACE('',(#12770),#12781,.T.);
#12770 = FACE_BOUND('',#12771,.T.);
#12771 = EDGE_LOOP('',(#12772,#12778,#12779,#12780));
#12772 = ORIENTED_EDGE('',*,*,#12773,.T.);
#12773 = EDGE_CURVE('',#1400,#5047,#12774,.T.);
#12774 = LINE('',#12775,#12776);
#12775 = CARTESIAN_POINT('',(106.874,-132.497999,0.));
#12776 = VECTOR('',#12777,1.);
#12777 = DIRECTION('',(0.,0.,1.));
#12778 = ORIENTED_EDGE('',*,*,#5046,.T.);
#12779 = ORIENTED_EDGE('',*,*,#12739,.F.);
#12780 = ORIENTED_EDGE('',*,*,#1399,.F.);
#12781 = PLANE('',#12782);
#12782 = AXIS2_PLACEMENT_3D('',#12783,#12784,#12785);
#12783 = CARTESIAN_POINT('',(106.874,-132.497999,0.));
#12784 = DIRECTION('',(-0.803800957885,-0.594898327535,0.));
#12785 = DIRECTION('',(-0.594898327535,0.803800957885,0.));
#12786 = ADVANCED_FACE('',(#12787),#12798,.T.);
#12787 = FACE_BOUND('',#12788,.T.);
#12788 = EDGE_LOOP('',(#12789,#12790,#12791,#12797));
#12789 = ORIENTED_EDGE('',*,*,#12758,.T.);
#12790 = ORIENTED_EDGE('',*,*,#5382,.T.);
#12791 = ORIENTED_EDGE('',*,*,#12792,.F.);
#12792 = EDGE_CURVE('',#1728,#5375,#12793,.T.);
#12793 = LINE('',#12794,#12795);
#12794 = CARTESIAN_POINT('',(138.773,-146.,0.));
#12795 = VECTOR('',#12796,1.);
#12796 = DIRECTION('',(0.,0.,1.));
#12797 = ORIENTED_EDGE('',*,*,#1735,.F.);
#12798 = PLANE('',#12799);
#12799 = AXIS2_PLACEMENT_3D('',#12800,#12801,#12802);
#12800 = CARTESIAN_POINT('',(139.696,-146.,0.));
#12801 = DIRECTION('',(0.,-1.,0.));
#12802 = DIRECTION('',(-1.,0.,0.));
#12803 = ADVANCED_FACE('',(#12804),#12815,.T.);
#12804 = FACE_BOUND('',#12805,.T.);
#12805 = EDGE_LOOP('',(#12806,#12812,#12813,#12814));
#12806 = ORIENTED_EDGE('',*,*,#12807,.T.);
#12807 = EDGE_CURVE('',#1408,#5055,#12808,.T.);
#12808 = LINE('',#12809,#12810);
#12809 = CARTESIAN_POINT('',(107.447,-133.246,0.));
#12810 = VECTOR('',#12811,1.);
#12811 = DIRECTION('',(0.,0.,1.));
#12812 = ORIENTED_EDGE('',*,*,#5054,.T.);
#12813 = ORIENTED_EDGE('',*,*,#12773,.F.);
#12814 = ORIENTED_EDGE('',*,*,#1407,.F.);
#12815 = PLANE('',#12816);
#12816 = AXIS2_PLACEMENT_3D('',#12817,#12818,#12819);
#12817 = CARTESIAN_POINT('',(107.447,-133.246,0.));
#12818 = DIRECTION('',(-0.793845835646,-0.608119058431,0.));
#12819 = DIRECTION('',(-0.608119058431,0.793845835646,0.));
#12820 = ADVANCED_FACE('',(#12821),#12832,.T.);
#12821 = FACE_BOUND('',#12822,.T.);
#12822 = EDGE_LOOP('',(#12823,#12824,#12825,#12831));
#12823 = ORIENTED_EDGE('',*,*,#12792,.T.);
#12824 = ORIENTED_EDGE('',*,*,#5374,.T.);
#12825 = ORIENTED_EDGE('',*,*,#12826,.F.);
#12826 = EDGE_CURVE('',#1720,#5367,#12827,.T.);
#12827 = LINE('',#12828,#12829);
#12828 = CARTESIAN_POINT('',(137.853,-146.,0.));
#12829 = VECTOR('',#12830,1.);
#12830 = DIRECTION('',(0.,0.,1.));
#12831 = ORIENTED_EDGE('',*,*,#1727,.F.);
#12832 = PLANE('',#12833);
#12833 = AXIS2_PLACEMENT_3D('',#12834,#12835,#12836);
#12834 = CARTESIAN_POINT('',(138.773,-146.,0.));
#12835 = DIRECTION('',(0.,-1.,0.));
#12836 = DIRECTION('',(-1.,0.,0.));
#12837 = ADVANCED_FACE('',(#12838),#12849,.T.);
#12838 = FACE_BOUND('',#12839,.T.);
#12839 = EDGE_LOOP('',(#12840,#12846,#12847,#12848));
#12840 = ORIENTED_EDGE('',*,*,#12841,.T.);
#12841 = EDGE_CURVE('',#1416,#5063,#12842,.T.);
#12842 = LINE('',#12843,#12844);
#12843 = CARTESIAN_POINT('',(108.034,-133.983,0.));
#12844 = VECTOR('',#12845,1.);
#12845 = DIRECTION('',(0.,0.,1.));
#12846 = ORIENTED_EDGE('',*,*,#5062,.T.);
#12847 = ORIENTED_EDGE('',*,*,#12807,.F.);
#12848 = ORIENTED_EDGE('',*,*,#1415,.F.);
#12849 = PLANE('',#12850);
#12850 = AXIS2_PLACEMENT_3D('',#12851,#12852,#12853);
#12851 = CARTESIAN_POINT('',(108.034,-133.983,0.));
#12852 = DIRECTION('',(-0.782213095821,-0.623010973198,0.));
#12853 = DIRECTION('',(-0.623010973198,0.782213095821,0.));
#12854 = ADVANCED_FACE('',(#12855),#12866,.T.);
#12855 = FACE_BOUND('',#12856,.T.);
#12856 = EDGE_LOOP('',(#12857,#12858,#12859,#12865));
#12857 = ORIENTED_EDGE('',*,*,#12826,.T.);
#12858 = ORIENTED_EDGE('',*,*,#5366,.T.);
#12859 = ORIENTED_EDGE('',*,*,#12860,.F.);
#12860 = EDGE_CURVE('',#1712,#5359,#12861,.T.);
#12861 = LINE('',#12862,#12863);
#12862 = CARTESIAN_POINT('',(136.936,-146.,0.));
#12863 = VECTOR('',#12864,1.);
#12864 = DIRECTION('',(0.,0.,1.));
#12865 = ORIENTED_EDGE('',*,*,#1719,.F.);
#12866 = PLANE('',#12867);
#12867 = AXIS2_PLACEMENT_3D('',#12868,#12869,#12870);
#12868 = CARTESIAN_POINT('',(137.853,-146.,0.));
#12869 = DIRECTION('',(0.,-1.,0.));
#12870 = DIRECTION('',(-1.,0.,0.));
#12871 = ADVANCED_FACE('',(#12872),#12883,.T.);
#12872 = FACE_BOUND('',#12873,.T.);
#12873 = EDGE_LOOP('',(#12874,#12880,#12881,#12882));
#12874 = ORIENTED_EDGE('',*,*,#12875,.T.);
#12875 = EDGE_CURVE('',#1424,#5071,#12876,.T.);
#12876 = LINE('',#12877,#12878);
#12877 = CARTESIAN_POINT('',(108.634,-134.711,0.));
#12878 = VECTOR('',#12879,1.);
#12879 = DIRECTION('',(0.,0.,1.));
#12880 = ORIENTED_EDGE('',*,*,#5070,.T.);
#12881 = ORIENTED_EDGE('',*,*,#12841,.F.);
#12882 = ORIENTED_EDGE('',*,*,#1423,.F.);
#12883 = PLANE('',#12884);
#12884 = AXIS2_PLACEMENT_3D('',#12885,#12886,#12887);
#12885 = CARTESIAN_POINT('',(108.634,-134.711,0.));
#12886 = DIRECTION('',(-0.771685393174,-0.636004444923,0.));
#12887 = DIRECTION('',(-0.636004444923,0.771685393174,0.));
#12888 = ADVANCED_FACE('',(#12889),#12900,.T.);
#12889 = FACE_BOUND('',#12890,.T.);
#12890 = EDGE_LOOP('',(#12891,#12892,#12893,#12899));
#12891 = ORIENTED_EDGE('',*,*,#12860,.T.);
#12892 = ORIENTED_EDGE('',*,*,#5358,.T.);
#12893 = ORIENTED_EDGE('',*,*,#12894,.F.);
#12894 = EDGE_CURVE('',#1704,#5351,#12895,.T.);
#12895 = LINE('',#12896,#12897);
#12896 = CARTESIAN_POINT('',(136.024,-146.,0.));
#12897 = VECTOR('',#12898,1.);
#12898 = DIRECTION('',(0.,0.,1.));
#12899 = ORIENTED_EDGE('',*,*,#1711,.F.);
#12900 = PLANE('',#12901);
#12901 = AXIS2_PLACEMENT_3D('',#12902,#12903,#12904);
#12902 = CARTESIAN_POINT('',(136.936,-146.,0.));
#12903 = DIRECTION('',(0.,-1.,0.));
#12904 = DIRECTION('',(-1.,0.,0.));
#12905 = ADVANCED_FACE('',(#12906),#12917,.T.);
#12906 = FACE_BOUND('',#12907,.T.);
#12907 = EDGE_LOOP('',(#12908,#12914,#12915,#12916));
#12908 = ORIENTED_EDGE('',*,*,#12909,.T.);
#12909 = EDGE_CURVE('',#1432,#5079,#12910,.T.);
#12910 = LINE('',#12911,#12912);
#12911 = CARTESIAN_POINT('',(109.246,-135.427,0.));
#12912 = VECTOR('',#12913,1.);
#12913 = DIRECTION('',(0.,0.,1.));
#12914 = ORIENTED_EDGE('',*,*,#5078,.T.);
#12915 = ORIENTED_EDGE('',*,*,#12875,.F.);
#12916 = ORIENTED_EDGE('',*,*,#1431,.F.);
#12917 = PLANE('',#12918);
#12918 = AXIS2_PLACEMENT_3D('',#12919,#12920,#12921);
#12919 = CARTESIAN_POINT('',(109.246,-135.427,0.));
#12920 = DIRECTION('',(-0.760155173756,-0.649741573098,0.));
#12921 = DIRECTION('',(-0.649741573098,0.760155173756,0.));
#12922 = ADVANCED_FACE('',(#12923),#12934,.T.);
#12923 = FACE_BOUND('',#12924,.T.);
#12924 = EDGE_LOOP('',(#12925,#12926,#12927,#12933));
#12925 = ORIENTED_EDGE('',*,*,#12894,.T.);
#12926 = ORIENTED_EDGE('',*,*,#5350,.T.);
#12927 = ORIENTED_EDGE('',*,*,#12928,.F.);
#12928 = EDGE_CURVE('',#1696,#5343,#12929,.T.);
#12929 = LINE('',#12930,#12931);
#12930 = CARTESIAN_POINT('',(135.116,-146.,0.));
#12931 = VECTOR('',#12932,1.);
#12932 = DIRECTION('',(0.,0.,1.));
#12933 = ORIENTED_EDGE('',*,*,#1703,.F.);
#12934 = PLANE('',#12935);
#12935 = AXIS2_PLACEMENT_3D('',#12936,#12937,#12938);
#12936 = CARTESIAN_POINT('',(136.024,-146.,0.));
#12937 = DIRECTION('',(0.,-1.,0.));
#12938 = DIRECTION('',(-1.,0.,0.));
#12939 = ADVANCED_FACE('',(#12940),#12951,.T.);
#12940 = FACE_BOUND('',#12941,.T.);
#12941 = EDGE_LOOP('',(#12942,#12948,#12949,#12950));
#12942 = ORIENTED_EDGE('',*,*,#12943,.T.);
#12943 = EDGE_CURVE('',#1440,#5087,#12944,.T.);
#12944 = LINE('',#12945,#12946);
#12945 = CARTESIAN_POINT('',(109.87,-136.133,0.));
#12946 = VECTOR('',#12947,1.);
#12947 = DIRECTION('',(0.,0.,1.));
#12948 = ORIENTED_EDGE('',*,*,#5086,.T.);
#12949 = ORIENTED_EDGE('',*,*,#12909,.F.);
#12950 = ORIENTED_EDGE('',*,*,#1439,.F.);
#12951 = PLANE('',#12952);
#12952 = AXIS2_PLACEMENT_3D('',#12953,#12954,#12955);
#12953 = CARTESIAN_POINT('',(109.87,-136.133,0.));
#12954 = DIRECTION('',(-0.749280095245,-0.662253228659,0.));
#12955 = DIRECTION('',(-0.662253228659,0.749280095245,0.));
#12956 = ADVANCED_FACE('',(#12957),#12968,.T.);
#12957 = FACE_BOUND('',#12958,.T.);
#12958 = EDGE_LOOP('',(#12959,#12960,#12961,#12967));
#12959 = ORIENTED_EDGE('',*,*,#12928,.T.);
#12960 = ORIENTED_EDGE('',*,*,#5342,.T.);
#12961 = ORIENTED_EDGE('',*,*,#12962,.F.);
#12962 = EDGE_CURVE('',#1688,#5335,#12963,.T.);
#12963 = LINE('',#12964,#12965);
#12964 = CARTESIAN_POINT('',(134.211999,-146.,0.));
#12965 = VECTOR('',#12966,1.);
#12966 = DIRECTION('',(0.,0.,1.));
#12967 = ORIENTED_EDGE('',*,*,#1695,.F.);
#12968 = PLANE('',#12969);
#12969 = AXIS2_PLACEMENT_3D('',#12970,#12971,#12972);
#12970 = CARTESIAN_POINT('',(135.116,-146.,0.));
#12971 = DIRECTION('',(0.,-1.,0.));
#12972 = DIRECTION('',(-1.,0.,0.));
#12973 = ADVANCED_FACE('',(#12974),#12985,.T.);
#12974 = FACE_BOUND('',#12975,.T.);
#12975 = EDGE_LOOP('',(#12976,#12982,#12983,#12984));
#12976 = ORIENTED_EDGE('',*,*,#12977,.T.);
#12977 = EDGE_CURVE('',#1448,#5095,#12978,.T.);
#12978 = LINE('',#12979,#12980);
#12979 = CARTESIAN_POINT('',(110.507,-136.828,0.));
#12980 = VECTOR('',#12981,1.);
#12981 = DIRECTION('',(0.,0.,1.));
#12982 = ORIENTED_EDGE('',*,*,#5094,.T.);
#12983 = ORIENTED_EDGE('',*,*,#12943,.F.);
#12984 = ORIENTED_EDGE('',*,*,#1447,.F.);
#12985 = PLANE('',#12986);
#12986 = AXIS2_PLACEMENT_3D('',#12987,#12988,#12989);
#12987 = CARTESIAN_POINT('',(110.507,-136.828,0.));
#12988 = DIRECTION('',(-0.737198168389,-0.675676594625,0.));
#12989 = DIRECTION('',(-0.675676594625,0.737198168389,0.));
#12990 = ADVANCED_FACE('',(#12991),#13002,.T.);
#12991 = FACE_BOUND('',#12992,.T.);
#12992 = EDGE_LOOP('',(#12993,#12994,#12995,#13001));
#12993 = ORIENTED_EDGE('',*,*,#12962,.T.);
#12994 = ORIENTED_EDGE('',*,*,#5334,.T.);
#12995 = ORIENTED_EDGE('',*,*,#12996,.F.);
#12996 = EDGE_CURVE('',#1680,#5327,#12997,.T.);
#12997 = LINE('',#12998,#12999);
#12998 = CARTESIAN_POINT('',(133.312999,-146.,0.));
#12999 = VECTOR('',#13000,1.);
#13000 = DIRECTION('',(0.,0.,1.));
#13001 = ORIENTED_EDGE('',*,*,#1687,.F.);
#13002 = PLANE('',#13003);
#13003 = AXIS2_PLACEMENT_3D('',#13004,#13005,#13006);
#13004 = CARTESIAN_POINT('',(134.211999,-146.,0.));
#13005 = DIRECTION('',(0.,-1.,0.));
#13006 = DIRECTION('',(-1.,0.,0.));
#13007 = ADVANCED_FACE('',(#13008),#13019,.T.);
#13008 = FACE_BOUND('',#13009,.T.);
#13009 = EDGE_LOOP('',(#13010,#13016,#13017,#13018));
#13010 = ORIENTED_EDGE('',*,*,#13011,.T.);
#13011 = EDGE_CURVE('',#1456,#5103,#13012,.T.);
#13012 = LINE('',#13013,#13014);
#13013 = CARTESIAN_POINT('',(111.156,-137.512,0.));
#13014 = VECTOR('',#13015,1.);
#13015 = DIRECTION('',(0.,0.,1.));
#13016 = ORIENTED_EDGE('',*,*,#5102,.T.);
#13017 = ORIENTED_EDGE('',*,*,#12977,.F.);
#13018 = ORIENTED_EDGE('',*,*,#1455,.F.);
#13019 = PLANE('',#13020);
#13020 = AXIS2_PLACEMENT_3D('',#13021,#13022,#13023);
#13021 = CARTESIAN_POINT('',(111.156,-137.512,0.));
#13022 = DIRECTION('',(-0.725422962932,-0.688303366875,0.));
#13023 = DIRECTION('',(-0.688303366875,0.725422962932,0.));
#13024 = ADVANCED_FACE('',(#13025),#13036,.T.);
#13025 = FACE_BOUND('',#13026,.T.);
#13026 = EDGE_LOOP('',(#13027,#13028,#13029,#13035));
#13027 = ORIENTED_EDGE('',*,*,#12996,.T.);
#13028 = ORIENTED_EDGE('',*,*,#5326,.T.);
#13029 = ORIENTED_EDGE('',*,*,#13030,.F.);
#13030 = EDGE_CURVE('',#1672,#5319,#13031,.T.);
#13031 = LINE('',#13032,#13033);
#13032 = CARTESIAN_POINT('',(132.419,-146.,0.));
#13033 = VECTOR('',#13034,1.);
#13034 = DIRECTION('',(0.,0.,1.));
#13035 = ORIENTED_EDGE('',*,*,#1679,.F.);
#13036 = PLANE('',#13037);
#13037 = AXIS2_PLACEMENT_3D('',#13038,#13039,#13040);
#13038 = CARTESIAN_POINT('',(133.312999,-146.,0.));
#13039 = DIRECTION('',(0.,-1.,0.));
#13040 = DIRECTION('',(-1.,0.,0.));
#13041 = ADVANCED_FACE('',(#13042),#13053,.T.);
#13042 = FACE_BOUND('',#13043,.T.);
#13043 = EDGE_LOOP('',(#13044,#13050,#13051,#13052));
#13044 = ORIENTED_EDGE('',*,*,#13045,.T.);
#13045 = EDGE_CURVE('',#1464,#5111,#13046,.T.);
#13046 = LINE('',#13047,#13048);
#13047 = CARTESIAN_POINT('',(111.816,-138.184,0.));
#13048 = VECTOR('',#13049,1.);
#13049 = DIRECTION('',(0.,0.,1.));
#13050 = ORIENTED_EDGE('',*,*,#5110,.T.);
#13051 = ORIENTED_EDGE('',*,*,#13011,.F.);
#13052 = ORIENTED_EDGE('',*,*,#1463,.F.);
#13053 = PLANE('',#13054);
#13054 = AXIS2_PLACEMENT_3D('',#13055,#13056,#13057);
#13055 = CARTESIAN_POINT('',(111.816,-138.184,0.));
#13056 = DIRECTION('',(-0.713448160609,-0.700708014884,0.));
#13057 = DIRECTION('',(-0.700708014884,0.713448160609,0.));
#13058 = ADVANCED_FACE('',(#13059),#13070,.T.);
#13059 = FACE_BOUND('',#13060,.T.);
#13060 = EDGE_LOOP('',(#13061,#13062,#13063,#13069));
#13061 = ORIENTED_EDGE('',*,*,#13030,.T.);
#13062 = ORIENTED_EDGE('',*,*,#5318,.T.);
#13063 = ORIENTED_EDGE('',*,*,#13064,.F.);
#13064 = EDGE_CURVE('',#1664,#5311,#13065,.T.);
#13065 = LINE('',#13066,#13067);
#13066 = CARTESIAN_POINT('',(131.531,-146.,0.));
#13067 = VECTOR('',#13068,1.);
#13068 = DIRECTION('',(0.,0.,1.));
#13069 = ORIENTED_EDGE('',*,*,#1671,.F.);
#13070 = PLANE('',#13071);
#13071 = AXIS2_PLACEMENT_3D('',#13072,#13073,#13074);
#13072 = CARTESIAN_POINT('',(132.419,-146.,0.));
#13073 = DIRECTION('',(0.,-1.,0.));
#13074 = DIRECTION('',(-1.,0.,0.));
#13075 = ADVANCED_FACE('',(#13076),#13087,.T.);
#13076 = FACE_BOUND('',#13077,.T.);
#13077 = EDGE_LOOP('',(#13078,#13084,#13085,#13086));
#13078 = ORIENTED_EDGE('',*,*,#13079,.T.);
#13079 = EDGE_CURVE('',#1472,#5119,#13080,.T.);
#13080 = LINE('',#13081,#13082);
#13081 = CARTESIAN_POINT('',(112.488,-138.844,0.));
#13082 = VECTOR('',#13083,1.);
#13083 = DIRECTION('',(0.,0.,1.));
#13084 = ORIENTED_EDGE('',*,*,#5118,.T.);
#13085 = ORIENTED_EDGE('',*,*,#13045,.F.);
#13086 = ORIENTED_EDGE('',*,*,#1471,.F.);
#13087 = PLANE('',#13088);
#13088 = AXIS2_PLACEMENT_3D('',#13089,#13090,#13091);
#13089 = CARTESIAN_POINT('',(112.488,-138.844,0.));
#13090 = DIRECTION('',(-0.700708014884,-0.713448160609,0.));
#13091 = DIRECTION('',(-0.713448160609,0.700708014884,0.));
#13092 = ADVANCED_FACE('',(#13093),#13104,.T.);
#13093 = FACE_BOUND('',#13094,.T.);
#13094 = EDGE_LOOP('',(#13095,#13096,#13097,#13103));
#13095 = ORIENTED_EDGE('',*,*,#13064,.T.);
#13096 = ORIENTED_EDGE('',*,*,#5310,.T.);
#13097 = ORIENTED_EDGE('',*,*,#13098,.F.);
#13098 = EDGE_CURVE('',#1656,#5303,#13099,.T.);
#13099 = LINE('',#13100,#13101);
#13100 = CARTESIAN_POINT('',(130.648,-146.,0.));
#13101 = VECTOR('',#13102,1.);
#13102 = DIRECTION('',(0.,0.,1.));
#13103 = ORIENTED_EDGE('',*,*,#1663,.F.);
#13104 = PLANE('',#13105);
#13105 = AXIS2_PLACEMENT_3D('',#13106,#13107,#13108);
#13106 = CARTESIAN_POINT('',(131.531,-146.,0.));
#13107 = DIRECTION('',(0.,-1.,0.));
#13108 = DIRECTION('',(-1.,0.,0.));
#13109 = ADVANCED_FACE('',(#13110),#13121,.T.);
#13110 = FACE_BOUND('',#13111,.T.);
#13111 = EDGE_LOOP('',(#13112,#13118,#13119,#13120));
#13112 = ORIENTED_EDGE('',*,*,#13113,.T.);
#13113 = EDGE_CURVE('',#1480,#5127,#13114,.T.);
#13114 = LINE('',#13115,#13116);
#13115 = CARTESIAN_POINT('',(113.172,-139.493,0.));
#13116 = VECTOR('',#13117,1.);
#13117 = DIRECTION('',(0.,0.,1.));
#13118 = ORIENTED_EDGE('',*,*,#5126,.T.);
#13119 = ORIENTED_EDGE('',*,*,#13079,.F.);
#13120 = ORIENTED_EDGE('',*,*,#1479,.F.);
#13121 = PLANE('',#13122);
#13122 = AXIS2_PLACEMENT_3D('',#13123,#13124,#13125);
#13123 = CARTESIAN_POINT('',(113.172,-139.493,0.));
#13124 = DIRECTION('',(-0.688303366875,-0.725422962932,0.));
#13125 = DIRECTION('',(-0.725422962932,0.688303366875,0.));
#13126 = ADVANCED_FACE('',(#13127),#13138,.T.);
#13127 = FACE_BOUND('',#13128,.T.);
#13128 = EDGE_LOOP('',(#13129,#13130,#13131,#13137));
#13129 = ORIENTED_EDGE('',*,*,#13098,.T.);
#13130 = ORIENTED_EDGE('',*,*,#5302,.T.);
#13131 = ORIENTED_EDGE('',*,*,#13132,.F.);
#13132 = EDGE_CURVE('',#1648,#5295,#13133,.T.);
#13133 = LINE('',#13134,#13135);
#13134 = CARTESIAN_POINT('',(129.770999,-146.,0.));
#13135 = VECTOR('',#13136,1.);
#13136 = DIRECTION('',(0.,0.,1.));
#13137 = ORIENTED_EDGE('',*,*,#1655,.F.);
#13138 = PLANE('',#13139);
#13139 = AXIS2_PLACEMENT_3D('',#13140,#13141,#13142);
#13140 = CARTESIAN_POINT('',(130.648,-146.,0.));
#13141 = DIRECTION('',(0.,-1.,0.));
#13142 = DIRECTION('',(-1.,0.,0.));
#13143 = ADVANCED_FACE('',(#13144),#13155,.T.);
#13144 = FACE_BOUND('',#13145,.T.);
#13145 = EDGE_LOOP('',(#13146,#13152,#13153,#13154));
#13146 = ORIENTED_EDGE('',*,*,#13147,.T.);
#13147 = EDGE_CURVE('',#1488,#5135,#13148,.T.);
#13148 = LINE('',#13149,#13150);
#13149 = CARTESIAN_POINT('',(113.867,-140.13,0.));
#13150 = VECTOR('',#13151,1.);
#13151 = DIRECTION('',(0.,0.,1.));
#13152 = ORIENTED_EDGE('',*,*,#5134,.T.);
#13153 = ORIENTED_EDGE('',*,*,#13113,.F.);
#13154 = ORIENTED_EDGE('',*,*,#1487,.F.);
#13155 = PLANE('',#13156);
#13156 = AXIS2_PLACEMENT_3D('',#13157,#13158,#13159);
#13157 = CARTESIAN_POINT('',(113.867,-140.13,0.));
#13158 = DIRECTION('',(-0.675676594624,-0.737198168389,0.));
#13159 = DIRECTION('',(-0.737198168389,0.675676594624,0.));
#13160 = ADVANCED_FACE('',(#13161),#13172,.T.);
#13161 = FACE_BOUND('',#13162,.T.);
#13162 = EDGE_LOOP('',(#13163,#13164,#13165,#13171));
#13163 = ORIENTED_EDGE('',*,*,#13132,.T.);
#13164 = ORIENTED_EDGE('',*,*,#5294,.T.);
#13165 = ORIENTED_EDGE('',*,*,#13166,.F.);
#13166 = EDGE_CURVE('',#1640,#5287,#13167,.T.);
#13167 = LINE('',#13168,#13169);
#13168 = CARTESIAN_POINT('',(128.901,-146.,0.));
#13169 = VECTOR('',#13170,1.);
#13170 = DIRECTION('',(0.,0.,1.));
#13171 = ORIENTED_EDGE('',*,*,#1647,.F.);
#13172 = PLANE('',#13173);
#13173 = AXIS2_PLACEMENT_3D('',#13174,#13175,#13176);
#13174 = CARTESIAN_POINT('',(129.770999,-146.,0.));
#13175 = DIRECTION('',(0.,-1.,0.));
#13176 = DIRECTION('',(-1.,0.,0.));
#13177 = ADVANCED_FACE('',(#13178),#13189,.T.);
#13178 = FACE_BOUND('',#13179,.T.);
#13179 = EDGE_LOOP('',(#13180,#13186,#13187,#13188));
#13180 = ORIENTED_EDGE('',*,*,#13181,.T.);
#13181 = EDGE_CURVE('',#1496,#5143,#13182,.T.);
#13182 = LINE('',#13183,#13184);
#13183 = CARTESIAN_POINT('',(114.573,-140.754,0.));
#13184 = VECTOR('',#13185,1.);
#13185 = DIRECTION('',(0.,0.,1.));
#13186 = ORIENTED_EDGE('',*,*,#5142,.T.);
#13187 = ORIENTED_EDGE('',*,*,#13147,.F.);
#13188 = ORIENTED_EDGE('',*,*,#1495,.F.);
#13189 = PLANE('',#13190);
#13190 = AXIS2_PLACEMENT_3D('',#13191,#13192,#13193);
#13191 = CARTESIAN_POINT('',(114.573,-140.754,0.));
#13192 = DIRECTION('',(-0.662253228659,-0.749280095245,0.));
#13193 = DIRECTION('',(-0.749280095245,0.662253228659,0.));
#13194 = ADVANCED_FACE('',(#13195),#13206,.T.);
#13195 = FACE_BOUND('',#13196,.T.);
#13196 = EDGE_LOOP('',(#13197,#13198,#13199,#13205));
#13197 = ORIENTED_EDGE('',*,*,#13166,.T.);
#13198 = ORIENTED_EDGE('',*,*,#5286,.T.);
#13199 = ORIENTED_EDGE('',*,*,#13200,.F.);
#13200 = EDGE_CURVE('',#1632,#5279,#13201,.T.);
#13201 = LINE('',#13202,#13203);
#13202 = CARTESIAN_POINT('',(128.036,-146.,0.));
#13203 = VECTOR('',#13204,1.);
#13204 = DIRECTION('',(0.,0.,1.));
#13205 = ORIENTED_EDGE('',*,*,#1639,.F.);
#13206 = PLANE('',#13207);
#13207 = AXIS2_PLACEMENT_3D('',#13208,#13209,#13210);
#13208 = CARTESIAN_POINT('',(128.901,-146.,0.));
#13209 = DIRECTION('',(0.,-1.,0.));
#13210 = DIRECTION('',(-1.,0.,0.));
#13211 = ADVANCED_FACE('',(#13212),#13223,.T.);
#13212 = FACE_BOUND('',#13213,.T.);
#13213 = EDGE_LOOP('',(#13214,#13220,#13221,#13222));
#13214 = ORIENTED_EDGE('',*,*,#13215,.T.);
#13215 = EDGE_CURVE('',#1504,#5151,#13216,.T.);
#13216 = LINE('',#13217,#13218);
#13217 = CARTESIAN_POINT('',(115.289,-141.366,0.));
#13218 = VECTOR('',#13219,1.);
#13219 = DIRECTION('',(0.,0.,1.));
#13220 = ORIENTED_EDGE('',*,*,#5150,.T.);
#13221 = ORIENTED_EDGE('',*,*,#13181,.F.);
#13222 = ORIENTED_EDGE('',*,*,#1503,.F.);
#13223 = PLANE('',#13224);
#13224 = AXIS2_PLACEMENT_3D('',#13225,#13226,#13227);
#13225 = CARTESIAN_POINT('',(115.289,-141.366,0.));
#13226 = DIRECTION('',(-0.649741573098,-0.760155173756,0.));
#13227 = DIRECTION('',(-0.760155173756,0.649741573098,0.));
#13228 = ADVANCED_FACE('',(#13229),#13240,.T.);
#13229 = FACE_BOUND('',#13230,.T.);
#13230 = EDGE_LOOP('',(#13231,#13232,#13233,#13239));
#13231 = ORIENTED_EDGE('',*,*,#13200,.T.);
#13232 = ORIENTED_EDGE('',*,*,#5278,.T.);
#13233 = ORIENTED_EDGE('',*,*,#13234,.F.);
#13234 = EDGE_CURVE('',#1624,#5271,#13235,.T.);
#13235 = LINE('',#13236,#13237);
#13236 = CARTESIAN_POINT('',(127.179,-146.,0.));
#13237 = VECTOR('',#13238,1.);
#13238 = DIRECTION('',(0.,0.,1.));
#13239 = ORIENTED_EDGE('',*,*,#1631,.F.);
#13240 = PLANE('',#13241);
#13241 = AXIS2_PLACEMENT_3D('',#13242,#13243,#13244);
#13242 = CARTESIAN_POINT('',(128.036,-146.,0.));
#13243 = DIRECTION('',(0.,-1.,0.));
#13244 = DIRECTION('',(-1.,0.,0.));
#13245 = ADVANCED_FACE('',(#13246),#13257,.T.);
#13246 = FACE_BOUND('',#13247,.T.);
#13247 = EDGE_LOOP('',(#13248,#13254,#13255,#13256));
#13248 = ORIENTED_EDGE('',*,*,#13249,.T.);
#13249 = EDGE_CURVE('',#1512,#5159,#13250,.T.);
#13250 = LINE('',#13251,#13252);
#13251 = CARTESIAN_POINT('',(116.017,-141.966,0.));
#13252 = VECTOR('',#13253,1.);
#13253 = DIRECTION('',(0.,0.,1.));
#13254 = ORIENTED_EDGE('',*,*,#5158,.T.);
#13255 = ORIENTED_EDGE('',*,*,#13215,.F.);
#13256 = ORIENTED_EDGE('',*,*,#1511,.F.);
#13257 = PLANE('',#13258);
#13258 = AXIS2_PLACEMENT_3D('',#13259,#13260,#13261);
#13259 = CARTESIAN_POINT('',(116.017,-141.966,0.));
#13260 = DIRECTION('',(-0.636004444923,-0.771685393174,0.));
#13261 = DIRECTION('',(-0.771685393174,0.636004444923,0.));
#13262 = ADVANCED_FACE('',(#13263),#13274,.T.);
#13263 = FACE_BOUND('',#13264,.T.);
#13264 = EDGE_LOOP('',(#13265,#13266,#13267,#13273));
#13265 = ORIENTED_EDGE('',*,*,#13234,.T.);
#13266 = ORIENTED_EDGE('',*,*,#5270,.T.);
#13267 = ORIENTED_EDGE('',*,*,#13268,.F.);
#13268 = EDGE_CURVE('',#1616,#5263,#13269,.T.);
#13269 = LINE('',#13270,#13271);
#13270 = CARTESIAN_POINT('',(126.328,-146.,0.));
#13271 = VECTOR('',#13272,1.);
#13272 = DIRECTION('',(0.,0.,1.));
#13273 = ORIENTED_EDGE('',*,*,#1623,.F.);
#13274 = PLANE('',#13275);
#13275 = AXIS2_PLACEMENT_3D('',#13276,#13277,#13278);
#13276 = CARTESIAN_POINT('',(127.179,-146.,0.));
#13277 = DIRECTION('',(0.,-1.,0.));
#13278 = DIRECTION('',(-1.,0.,0.));
#13279 = ADVANCED_FACE('',(#13280),#13291,.T.);
#13280 = FACE_BOUND('',#13281,.T.);
#13281 = EDGE_LOOP('',(#13282,#13288,#13289,#13290));
#13282 = ORIENTED_EDGE('',*,*,#13283,.T.);
#13283 = EDGE_CURVE('',#1520,#5167,#13284,.T.);
#13284 = LINE('',#13285,#13286);
#13285 = CARTESIAN_POINT('',(116.754,-142.553,0.));
#13286 = VECTOR('',#13287,1.);
#13287 = DIRECTION('',(0.,0.,1.));
#13288 = ORIENTED_EDGE('',*,*,#5166,.T.);
#13289 = ORIENTED_EDGE('',*,*,#13249,.F.);
#13290 = ORIENTED_EDGE('',*,*,#1519,.F.);
#13291 = PLANE('',#13292);
#13292 = AXIS2_PLACEMENT_3D('',#13293,#13294,#13295);
#13293 = CARTESIAN_POINT('',(116.754,-142.553,0.));
#13294 = DIRECTION('',(-0.623010973198,-0.782213095821,0.));
#13295 = DIRECTION('',(-0.782213095821,0.623010973198,0.));
#13296 = ADVANCED_FACE('',(#13297),#13308,.T.);
#13297 = FACE_BOUND('',#13298,.T.);
#13298 = EDGE_LOOP('',(#13299,#13300,#13301,#13307));
#13299 = ORIENTED_EDGE('',*,*,#13268,.T.);
#13300 = ORIENTED_EDGE('',*,*,#5262,.T.);
#13301 = ORIENTED_EDGE('',*,*,#13302,.F.);
#13302 = EDGE_CURVE('',#1608,#5255,#13303,.T.);
#13303 = LINE('',#13304,#13305);
#13304 = CARTESIAN_POINT('',(125.485,-146.,0.));
#13305 = VECTOR('',#13306,1.);
#13306 = DIRECTION('',(0.,0.,1.));
#13307 = ORIENTED_EDGE('',*,*,#1615,.F.);
#13308 = PLANE('',#13309);
#13309 = AXIS2_PLACEMENT_3D('',#13310,#13311,#13312);
#13310 = CARTESIAN_POINT('',(126.328,-146.,0.));
#13311 = DIRECTION('',(0.,-1.,0.));
#13312 = DIRECTION('',(-1.,0.,0.));
#13313 = ADVANCED_FACE('',(#13314),#13325,.T.);
#13314 = FACE_BOUND('',#13315,.T.);
#13315 = EDGE_LOOP('',(#13316,#13322,#13323,#13324));
#13316 = ORIENTED_EDGE('',*,*,#13317,.T.);
#13317 = EDGE_CURVE('',#1528,#5175,#13318,.T.);
#13318 = LINE('',#13319,#13320);
#13319 = CARTESIAN_POINT('',(117.502,-143.126,0.));
#13320 = VECTOR('',#13321,1.);
#13321 = DIRECTION('',(0.,0.,1.));
#13322 = ORIENTED_EDGE('',*,*,#5174,.T.);
#13323 = ORIENTED_EDGE('',*,*,#13283,.F.);
#13324 = ORIENTED_EDGE('',*,*,#1527,.F.);
#13325 = PLANE('',#13326);
#13326 = AXIS2_PLACEMENT_3D('',#13327,#13328,#13329);
#13327 = CARTESIAN_POINT('',(117.502,-143.126,0.));
#13328 = DIRECTION('',(-0.608119570772,-0.793845443172,0.));
#13329 = DIRECTION('',(-0.793845443172,0.608119570772,0.));
#13330 = ADVANCED_FACE('',(#13331),#13342,.T.);
#13331 = FACE_BOUND('',#13332,.T.);
#13332 = EDGE_LOOP('',(#13333,#13334,#13335,#13341));
#13333 = ORIENTED_EDGE('',*,*,#13302,.T.);
#13334 = ORIENTED_EDGE('',*,*,#5254,.T.);
#13335 = ORIENTED_EDGE('',*,*,#13336,.F.);
#13336 = EDGE_CURVE('',#1600,#5247,#13337,.T.);
#13337 = LINE('',#13338,#13339);
#13338 = CARTESIAN_POINT('',(124.649,-146.,0.));
#13339 = VECTOR('',#13340,1.);
#13340 = DIRECTION('',(0.,0.,1.));
#13341 = ORIENTED_EDGE('',*,*,#1607,.F.);
#13342 = PLANE('',#13343);
#13343 = AXIS2_PLACEMENT_3D('',#13344,#13345,#13346);
#13344 = CARTESIAN_POINT('',(125.485,-146.,0.));
#13345 = DIRECTION('',(0.,-1.,0.));
#13346 = DIRECTION('',(-1.,0.,0.));
#13347 = ADVANCED_FACE('',(#13348),#13359,.T.);
#13348 = FACE_BOUND('',#13349,.T.);
#13349 = EDGE_LOOP('',(#13350,#13356,#13357,#13358));
#13350 = ORIENTED_EDGE('',*,*,#13351,.T.);
#13351 = EDGE_CURVE('',#1536,#5183,#13352,.T.);
#13352 = LINE('',#13353,#13354);
#13353 = CARTESIAN_POINT('',(118.26,-143.687,0.));
#13354 = VECTOR('',#13355,1.);
#13355 = DIRECTION('',(0.,0.,1.));
#13356 = ORIENTED_EDGE('',*,*,#5182,.T.);
#13357 = ORIENTED_EDGE('',*,*,#13317,.F.);
#13358 = ORIENTED_EDGE('',*,*,#1535,.F.);
#13359 = PLANE('',#13360);
#13360 = AXIS2_PLACEMENT_3D('',#13361,#13362,#13363);
#13361 = CARTESIAN_POINT('',(118.26,-143.687,0.));
#13362 = DIRECTION('',(-0.594897820462,-0.803801333173,0.));
#13363 = DIRECTION('',(-0.803801333173,0.594897820462,0.));
#13364 = ADVANCED_FACE('',(#13365),#13376,.T.);
#13365 = FACE_BOUND('',#13366,.T.);
#13366 = EDGE_LOOP('',(#13367,#13368,#13369,#13375));
#13367 = ORIENTED_EDGE('',*,*,#13336,.T.);
#13368 = ORIENTED_EDGE('',*,*,#5246,.T.);
#13369 = ORIENTED_EDGE('',*,*,#13370,.F.);
#13370 = EDGE_CURVE('',#1592,#5239,#13371,.T.);
#13371 = LINE('',#13372,#13373);
#13372 = CARTESIAN_POINT('',(123.82,-146.,0.));
#13373 = VECTOR('',#13374,1.);
#13374 = DIRECTION('',(0.,0.,1.));
#13375 = ORIENTED_EDGE('',*,*,#1599,.F.);
#13376 = PLANE('',#13377);
#13377 = AXIS2_PLACEMENT_3D('',#13378,#13379,#13380);
#13378 = CARTESIAN_POINT('',(124.649,-146.,0.));
#13379 = DIRECTION('',(0.,-1.,0.));
#13380 = DIRECTION('',(-1.,0.,0.));
#13381 = ADVANCED_FACE('',(#13382),#13393,.T.);
#13382 = FACE_BOUND('',#13383,.T.);
#13383 = EDGE_LOOP('',(#13384,#13390,#13391,#13392));
#13384 = ORIENTED_EDGE('',*,*,#13385,.T.);
#13385 = EDGE_CURVE('',#1544,#5191,#13386,.T.);
#13386 = LINE('',#13387,#13388);
#13387 = CARTESIAN_POINT('',(119.027,-144.234,0.));
#13388 = VECTOR('',#13389,1.);
#13389 = DIRECTION('',(0.,0.,1.));
#13390 = ORIENTED_EDGE('',*,*,#5190,.T.);
#13391 = ORIENTED_EDGE('',*,*,#13351,.F.);
#13392 = ORIENTED_EDGE('',*,*,#1543,.F.);
#13393 = PLANE('',#13394);
#13394 = AXIS2_PLACEMENT_3D('',#13395,#13396,#13397);
#13395 = CARTESIAN_POINT('',(119.027,-144.234,0.));
#13396 = DIRECTION('',(-0.580635566561,-0.814163582362,0.));
#13397 = DIRECTION('',(-0.814163582362,0.580635566561,0.));
#13398 = ADVANCED_FACE('',(#13399),#13410,.T.);
#13399 = FACE_BOUND('',#13400,.T.);
#13400 = EDGE_LOOP('',(#13401,#13402,#13403,#13409));
#13401 = ORIENTED_EDGE('',*,*,#13370,.T.);
#13402 = ORIENTED_EDGE('',*,*,#5238,.T.);
#13403 = ORIENTED_EDGE('',*,*,#13404,.F.);
#13404 = EDGE_CURVE('',#1584,#5231,#13405,.T.);
#13405 = LINE('',#13406,#13407);
#13406 = CARTESIAN_POINT('',(123.,-146.,0.));
#13407 = VECTOR('',#13408,1.);
#13408 = DIRECTION('',(0.,0.,1.));
#13409 = ORIENTED_EDGE('',*,*,#1591,.F.);
#13410 = PLANE('',#13411);
#13411 = AXIS2_PLACEMENT_3D('',#13412,#13413,#13414);
#13412 = CARTESIAN_POINT('',(123.82,-146.,0.));
#13413 = DIRECTION('',(0.,-1.,0.));
#13414 = DIRECTION('',(-1.,0.,0.));
#13415 = ADVANCED_FACE('',(#13416),#13427,.T.);
#13416 = FACE_BOUND('',#13417,.T.);
#13417 = EDGE_LOOP('',(#13418,#13424,#13425,#13426));
#13418 = ORIENTED_EDGE('',*,*,#13419,.T.);
#13419 = EDGE_CURVE('',#1552,#5199,#13420,.T.);
#13420 = LINE('',#13421,#13422);
#13421 = CARTESIAN_POINT('',(119.804,-144.768,0.));
#13422 = VECTOR('',#13423,1.);
#13423 = DIRECTION('',(0.,0.,1.));
#13424 = ORIENTED_EDGE('',*,*,#5198,.T.);
#13425 = ORIENTED_EDGE('',*,*,#13385,.F.);
#13426 = ORIENTED_EDGE('',*,*,#1551,.F.);
#13427 = PLANE('',#13428);
#13428 = AXIS2_PLACEMENT_3D('',#13429,#13430,#13431);
#13429 = CARTESIAN_POINT('',(119.804,-144.768,0.));
#13430 = DIRECTION('',(-0.566393770718,-0.82413475627,0.));
#13431 = DIRECTION('',(-0.82413475627,0.566393770718,0.));
#13432 = ADVANCED_FACE('',(#13433),#13444,.T.);
#13433 = FACE_BOUND('',#13434,.T.);
#13434 = EDGE_LOOP('',(#13435,#13436,#13437,#13443));
#13435 = ORIENTED_EDGE('',*,*,#13404,.T.);
#13436 = ORIENTED_EDGE('',*,*,#5230,.T.);
#13437 = ORIENTED_EDGE('',*,*,#13438,.F.);
#13438 = EDGE_CURVE('',#1576,#5223,#13439,.T.);
#13439 = LINE('',#13440,#13441);
#13440 = CARTESIAN_POINT('',(122.188,-146.,0.));
#13441 = VECTOR('',#13442,1.);
#13442 = DIRECTION('',(0.,0.,1.));
#13443 = ORIENTED_EDGE('',*,*,#1583,.F.);
#13444 = PLANE('',#13445);
#13445 = AXIS2_PLACEMENT_3D('',#13446,#13447,#13448);
#13446 = CARTESIAN_POINT('',(123.,-146.,0.));
#13447 = DIRECTION('',(0.,-1.,0.));
#13448 = DIRECTION('',(-1.,0.,0.));
#13449 = ADVANCED_FACE('',(#13450),#13461,.T.);
#13450 = FACE_BOUND('',#13451,.T.);
#13451 = EDGE_LOOP('',(#13452,#13458,#13459,#13460));
#13452 = ORIENTED_EDGE('',*,*,#13453,.T.);
#13453 = EDGE_CURVE('',#1560,#5207,#13454,.T.);
#13454 = LINE('',#13455,#13456);
#13455 = CARTESIAN_POINT('',(120.589,-145.288,0.));
#13456 = VECTOR('',#13457,1.);
#13457 = DIRECTION('',(0.,0.,1.));
#13458 = ORIENTED_EDGE('',*,*,#5206,.T.);
#13459 = ORIENTED_EDGE('',*,*,#13419,.F.);
#13460 = ORIENTED_EDGE('',*,*,#1559,.F.);
#13461 = PLANE('',#13462);
#13462 = AXIS2_PLACEMENT_3D('',#13463,#13464,#13465);
#13463 = CARTESIAN_POINT('',(120.589,-145.288,0.));
#13464 = DIRECTION('',(-0.552246989696,-0.833680551753,0.));
#13465 = DIRECTION('',(-0.833680551753,0.552246989696,0.));
#13466 = ADVANCED_FACE('',(#13467),#13478,.T.);
#13467 = FACE_BOUND('',#13468,.T.);
#13468 = EDGE_LOOP('',(#13469,#13470,#13471,#13477));
#13469 = ORIENTED_EDGE('',*,*,#13438,.T.);
#13470 = ORIENTED_EDGE('',*,*,#5222,.T.);
#13471 = ORIENTED_EDGE('',*,*,#13472,.F.);
#13472 = EDGE_CURVE('',#1568,#5215,#13473,.T.);
#13473 = LINE('',#13474,#13475);
#13474 = CARTESIAN_POINT('',(121.384,-145.795,0.));
#13475 = VECTOR('',#13476,1.);
#13476 = DIRECTION('',(0.,0.,1.));
#13477 = ORIENTED_EDGE('',*,*,#1575,.F.);
#13478 = PLANE('',#13479);
#13479 = AXIS2_PLACEMENT_3D('',#13480,#13481,#13482);
#13480 = CARTESIAN_POINT('',(122.188,-146.,0.));
#13481 = DIRECTION('',(-0.247070274461,-0.968997564227,0.));
#13482 = DIRECTION('',(-0.968997564227,0.247070274461,0.));
#13483 = ADVANCED_FACE('',(#13484),#13490,.T.);
#13484 = FACE_BOUND('',#13485,.T.);
#13485 = EDGE_LOOP('',(#13486,#13487,#13488,#13489));
#13486 = ORIENTED_EDGE('',*,*,#13472,.T.);
#13487 = ORIENTED_EDGE('',*,*,#5214,.T.);
#13488 = ORIENTED_EDGE('',*,*,#13453,.F.);
#13489 = ORIENTED_EDGE('',*,*,#1567,.F.);
#13490 = PLANE('',#13491);
#13491 = AXIS2_PLACEMENT_3D('',#13492,#13493,#13494);
#13492 = CARTESIAN_POINT('',(121.384,-145.795,0.));
#13493 = DIRECTION('',(-0.537698722127,-0.84313704949,0.));
#13494 = DIRECTION('',(-0.84313704949,0.537698722127,0.));
#13495 = ADVANCED_FACE('',(#13496),#13507,.F.);
#13496 = FACE_BOUND('',#13497,.T.);
#13497 = EDGE_LOOP('',(#13498,#13499,#13505,#13506));
#13498 = ORIENTED_EDGE('',*,*,#3000,.T.);
#13499 = ORIENTED_EDGE('',*,*,#13500,.T.);
#13500 = EDGE_CURVE('',#3001,#6648,#13501,.T.);
#13501 = LINE('',#13502,#13503);
#13502 = CARTESIAN_POINT('',(123.,-142.6,-4.6E-02));
#13503 = VECTOR('',#13504,1.);
#13504 = DIRECTION('',(0.,0.,1.));
#13505 = ORIENTED_EDGE('',*,*,#6647,.F.);
#13506 = ORIENTED_EDGE('',*,*,#13500,.F.);
#13507 = CYLINDRICAL_SURFACE('',#13508,1.6);
#13508 = AXIS2_PLACEMENT_3D('',#13509,#13510,#13511);
#13509 = CARTESIAN_POINT('',(123.,-141.,-4.6E-02));
#13510 = DIRECTION('',(-0.,-0.,-1.));
#13511 = DIRECTION('',(-0.,-1.,0.));
#13512 = ADVANCED_FACE('',(#13513),#13524,.F.);
#13513 = FACE_BOUND('',#13514,.T.);
#13514 = EDGE_LOOP('',(#13515,#13516,#13522,#13523));
#13515 = ORIENTED_EDGE('',*,*,#3011,.T.);
#13516 = ORIENTED_EDGE('',*,*,#13517,.T.);
#13517 = EDGE_CURVE('',#3012,#6659,#13518,.T.);
#13518 = LINE('',#13519,#13520);
#13519 = CARTESIAN_POINT('',(141.1,-123.36,-4.6E-02));
#13520 = VECTOR('',#13521,1.);
#13521 = DIRECTION('',(0.,0.,1.));
#13522 = ORIENTED_EDGE('',*,*,#6658,.F.);
#13523 = ORIENTED_EDGE('',*,*,#13517,.F.);
#13524 = CYLINDRICAL_SURFACE('',#13525,0.5);
#13525 = AXIS2_PLACEMENT_3D('',#13526,#13527,#13528);
#13526 = CARTESIAN_POINT('',(141.1,-122.86,-4.6E-02));
#13527 = DIRECTION('',(-0.,-0.,-1.));
#13528 = DIRECTION('',(-0.,-1.,0.));
#13529 = ADVANCED_FACE('',(#13530),#13541,.F.);
#13530 = FACE_BOUND('',#13531,.T.);
#13531 = EDGE_LOOP('',(#13532,#13533,#13539,#13540));
#13532 = ORIENTED_EDGE('',*,*,#3022,.T.);
#13533 = ORIENTED_EDGE('',*,*,#13534,.T.);
#13534 = EDGE_CURVE('',#3023,#6670,#13535,.T.);
#13535 = LINE('',#13536,#13537);
#13536 = CARTESIAN_POINT('',(126.5,-109.544,-4.6E-02));
#13537 = VECTOR('',#13538,1.);
#13538 = DIRECTION('',(0.,0.,1.));
#13539 = ORIENTED_EDGE('',*,*,#6669,.F.);
#13540 = ORIENTED_EDGE('',*,*,#13534,.F.);
#13541 = CYLINDRICAL_SURFACE('',#13542,0.375);
#13542 = AXIS2_PLACEMENT_3D('',#13543,#13544,#13545);
#13543 = CARTESIAN_POINT('',(126.5,-109.169,-4.6E-02));
#13544 = DIRECTION('',(-0.,-0.,-1.));
#13545 = DIRECTION('',(-0.,-1.,0.));
#13546 = ADVANCED_FACE('',(#13547),#13558,.F.);
#13547 = FACE_BOUND('',#13548,.T.);
#13548 = EDGE_LOOP('',(#13549,#13550,#13556,#13557));
#13549 = ORIENTED_EDGE('',*,*,#3033,.T.);
#13550 = ORIENTED_EDGE('',*,*,#13551,.T.);
#13551 = EDGE_CURVE('',#3034,#6681,#13552,.T.);
#13552 = LINE('',#13553,#13554);
#13553 = CARTESIAN_POINT('',(141.1,-120.82,-4.6E-02));
#13554 = VECTOR('',#13555,1.);
#13555 = DIRECTION('',(0.,0.,1.));
#13556 = ORIENTED_EDGE('',*,*,#6680,.F.);
#13557 = ORIENTED_EDGE('',*,*,#13551,.F.);
#13558 = CYLINDRICAL_SURFACE('',#13559,0.5);
#13559 = AXIS2_PLACEMENT_3D('',#13560,#13561,#13562);
#13560 = CARTESIAN_POINT('',(141.1,-120.32,-4.6E-02));
#13561 = DIRECTION('',(-0.,-0.,-1.));
#13562 = DIRECTION('',(-0.,-1.,0.));
#13563 = ADVANCED_FACE('',(#13564),#13575,.F.);
#13564 = FACE_BOUND('',#13565,.T.);
#13565 = EDGE_LOOP('',(#13566,#13567,#13573,#13574));
#13566 = ORIENTED_EDGE('',*,*,#3044,.T.);
#13567 = ORIENTED_EDGE('',*,*,#13568,.T.);
#13568 = EDGE_CURVE('',#3045,#6692,#13569,.T.);
#13569 = LINE('',#13570,#13571);
#13570 = CARTESIAN_POINT('',(141.1,-118.28,-4.6E-02));
#13571 = VECTOR('',#13572,1.);
#13572 = DIRECTION('',(0.,0.,1.));
#13573 = ORIENTED_EDGE('',*,*,#6691,.F.);
#13574 = ORIENTED_EDGE('',*,*,#13568,.F.);
#13575 = CYLINDRICAL_SURFACE('',#13576,0.5);
#13576 = AXIS2_PLACEMENT_3D('',#13577,#13578,#13579);
#13577 = CARTESIAN_POINT('',(141.1,-117.78,-4.6E-02));
#13578 = DIRECTION('',(-0.,-0.,-1.));
#13579 = DIRECTION('',(-0.,-1.,0.));
#13580 = ADVANCED_FACE('',(#13581),#13592,.F.);
#13581 = FACE_BOUND('',#13582,.T.);
#13582 = EDGE_LOOP('',(#13583,#13584,#13590,#13591));
#13583 = ORIENTED_EDGE('',*,*,#3055,.T.);
#13584 = ORIENTED_EDGE('',*,*,#13585,.T.);
#13585 = EDGE_CURVE('',#3056,#6703,#13586,.T.);
#13586 = LINE('',#13587,#13588);
#13587 = CARTESIAN_POINT('',(141.1,-115.74,-4.6E-02));
#13588 = VECTOR('',#13589,1.);
#13589 = DIRECTION('',(0.,0.,1.));
#13590 = ORIENTED_EDGE('',*,*,#6702,.F.);
#13591 = ORIENTED_EDGE('',*,*,#13585,.F.);
#13592 = CYLINDRICAL_SURFACE('',#13593,0.5);
#13593 = AXIS2_PLACEMENT_3D('',#13594,#13595,#13596);
#13594 = CARTESIAN_POINT('',(141.1,-115.24,-4.6E-02));
#13595 = DIRECTION('',(-0.,-0.,-1.));
#13596 = DIRECTION('',(-0.,-1.,0.));
#13597 = ADVANCED_FACE('',(#13598),#13609,.F.);
#13598 = FACE_BOUND('',#13599,.T.);
#13599 = EDGE_LOOP('',(#13600,#13601,#13607,#13608));
#13600 = ORIENTED_EDGE('',*,*,#3066,.T.);
#13601 = ORIENTED_EDGE('',*,*,#13602,.T.);
#13602 = EDGE_CURVE('',#3067,#6714,#13603,.T.);
#13603 = LINE('',#13604,#13605);
#13604 = CARTESIAN_POINT('',(141.1,-113.2,-4.6E-02));
#13605 = VECTOR('',#13606,1.);
#13606 = DIRECTION('',(0.,0.,1.));
#13607 = ORIENTED_EDGE('',*,*,#6713,.F.);
#13608 = ORIENTED_EDGE('',*,*,#13602,.F.);
#13609 = CYLINDRICAL_SURFACE('',#13610,0.5);
#13610 = AXIS2_PLACEMENT_3D('',#13611,#13612,#13613);
#13611 = CARTESIAN_POINT('',(141.1,-112.7,-4.6E-02));
#13612 = DIRECTION('',(-0.,-0.,-1.));
#13613 = DIRECTION('',(-0.,-1.,0.));
#13614 = ADVANCED_FACE('',(#13615),#13626,.F.);
#13615 = FACE_BOUND('',#13616,.T.);
#13616 = EDGE_LOOP('',(#13617,#13618,#13624,#13625));
#13617 = ORIENTED_EDGE('',*,*,#3077,.T.);
#13618 = ORIENTED_EDGE('',*,*,#13619,.T.);
#13619 = EDGE_CURVE('',#3078,#6725,#13620,.T.);
#13620 = LINE('',#13621,#13622);
#13621 = CARTESIAN_POINT('',(128.5,-109.544,-4.6E-02));
#13622 = VECTOR('',#13623,1.);
#13623 = DIRECTION('',(0.,0.,1.));
#13624 = ORIENTED_EDGE('',*,*,#6724,.F.);
#13625 = ORIENTED_EDGE('',*,*,#13619,.F.);
#13626 = CYLINDRICAL_SURFACE('',#13627,0.375);
#13627 = AXIS2_PLACEMENT_3D('',#13628,#13629,#13630);
#13628 = CARTESIAN_POINT('',(128.5,-109.169,-4.6E-02));
#13629 = DIRECTION('',(-0.,-0.,-1.));
#13630 = DIRECTION('',(-0.,-1.,0.));
#13631 = ADVANCED_FACE('',(#13632),#13643,.F.);
#13632 = FACE_BOUND('',#13633,.T.);
#13633 = EDGE_LOOP('',(#13634,#13635,#13641,#13642));
#13634 = ORIENTED_EDGE('',*,*,#3088,.T.);
#13635 = ORIENTED_EDGE('',*,*,#13636,.T.);
#13636 = EDGE_CURVE('',#3089,#6736,#13637,.T.);
#13637 = LINE('',#13638,#13639);
#13638 = CARTESIAN_POINT('',(141.1,-110.66,-4.6E-02));
#13639 = VECTOR('',#13640,1.);
#13640 = DIRECTION('',(0.,0.,1.));
#13641 = ORIENTED_EDGE('',*,*,#6735,.F.);
#13642 = ORIENTED_EDGE('',*,*,#13636,.F.);
#13643 = CYLINDRICAL_SURFACE('',#13644,0.5);
#13644 = AXIS2_PLACEMENT_3D('',#13645,#13646,#13647);
#13645 = CARTESIAN_POINT('',(141.1,-110.16,-4.6E-02));
#13646 = DIRECTION('',(-0.,-0.,-1.));
#13647 = DIRECTION('',(-0.,-1.,0.));
#13648 = ADVANCED_FACE('',(#13649),#13660,.F.);
#13649 = FACE_BOUND('',#13650,.T.);
#13650 = EDGE_LOOP('',(#13651,#13652,#13658,#13659));
#13651 = ORIENTED_EDGE('',*,*,#3099,.T.);
#13652 = ORIENTED_EDGE('',*,*,#13653,.T.);
#13653 = EDGE_CURVE('',#3100,#6747,#13654,.T.);
#13654 = LINE('',#13655,#13656);
#13655 = CARTESIAN_POINT('',(141.1,-108.12,-4.6E-02));
#13656 = VECTOR('',#13657,1.);
#13657 = DIRECTION('',(0.,0.,1.));
#13658 = ORIENTED_EDGE('',*,*,#6746,.F.);
#13659 = ORIENTED_EDGE('',*,*,#13653,.F.);
#13660 = CYLINDRICAL_SURFACE('',#13661,0.5);
#13661 = AXIS2_PLACEMENT_3D('',#13662,#13663,#13664);
#13662 = CARTESIAN_POINT('',(141.1,-107.62,-4.6E-02));
#13663 = DIRECTION('',(-0.,-0.,-1.));
#13664 = DIRECTION('',(-0.,-1.,0.));
#13665 = ADVANCED_FACE('',(#13666),#13677,.F.);
#13666 = FACE_BOUND('',#13667,.T.);
#13667 = EDGE_LOOP('',(#13668,#13669,#13675,#13676));
#13668 = ORIENTED_EDGE('',*,*,#3110,.T.);
#13669 = ORIENTED_EDGE('',*,*,#13670,.T.);
#13670 = EDGE_CURVE('',#3111,#6758,#13671,.T.);
#13671 = LINE('',#13672,#13673);
#13672 = CARTESIAN_POINT('',(141.1,-105.58,-4.6E-02));
#13673 = VECTOR('',#13674,1.);
#13674 = DIRECTION('',(0.,0.,1.));
#13675 = ORIENTED_EDGE('',*,*,#6757,.F.);
#13676 = ORIENTED_EDGE('',*,*,#13670,.F.);
#13677 = CYLINDRICAL_SURFACE('',#13678,0.5);
#13678 = AXIS2_PLACEMENT_3D('',#13679,#13680,#13681);
#13679 = CARTESIAN_POINT('',(141.1,-105.08,-4.6E-02));
#13680 = DIRECTION('',(-0.,-0.,-1.));
#13681 = DIRECTION('',(-0.,-1.,0.));
#13682 = ADVANCED_FACE('',(#13683),#13694,.F.);
#13683 = FACE_BOUND('',#13684,.T.);
#13684 = EDGE_LOOP('',(#13685,#13686,#13692,#13693));
#13685 = ORIENTED_EDGE('',*,*,#3121,.T.);
#13686 = ORIENTED_EDGE('',*,*,#13687,.T.);
#13687 = EDGE_CURVE('',#3122,#6769,#13688,.T.);
#13688 = LINE('',#13689,#13690);
#13689 = CARTESIAN_POINT('',(141.1,-103.04,-4.6E-02));
#13690 = VECTOR('',#13691,1.);
#13691 = DIRECTION('',(0.,0.,1.));
#13692 = ORIENTED_EDGE('',*,*,#6768,.F.);
#13693 = ORIENTED_EDGE('',*,*,#13687,.F.);
#13694 = CYLINDRICAL_SURFACE('',#13695,0.5);
#13695 = AXIS2_PLACEMENT_3D('',#13696,#13697,#13698);
#13696 = CARTESIAN_POINT('',(141.1,-102.54,-4.6E-02));
#13697 = DIRECTION('',(-0.,-0.,-1.));
#13698 = DIRECTION('',(-0.,-1.,0.));
#13699 = ADVANCED_FACE('',(#13700),#13711,.F.);
#13700 = FACE_BOUND('',#13701,.T.);
#13701 = EDGE_LOOP('',(#13702,#13703,#13709,#13710));
#13702 = ORIENTED_EDGE('',*,*,#3132,.T.);
#13703 = ORIENTED_EDGE('',*,*,#13704,.T.);
#13704 = EDGE_CURVE('',#3133,#6780,#13705,.T.);
#13705 = LINE('',#13706,#13707);
#13706 = CARTESIAN_POINT('',(141.1,-100.5,-4.6E-02));
#13707 = VECTOR('',#13708,1.);
#13708 = DIRECTION('',(0.,0.,1.));
#13709 = ORIENTED_EDGE('',*,*,#6779,.F.);
#13710 = ORIENTED_EDGE('',*,*,#13704,.F.);
#13711 = CYLINDRICAL_SURFACE('',#13712,0.5);
#13712 = AXIS2_PLACEMENT_3D('',#13713,#13714,#13715);
#13713 = CARTESIAN_POINT('',(141.1,-100.,-4.6E-02));
#13714 = DIRECTION('',(-0.,-0.,-1.));
#13715 = DIRECTION('',(-0.,-1.,0.));
#13716 = ADVANCED_FACE('',(#13717),#13728,.F.);
#13717 = FACE_BOUND('',#13718,.T.);
#13718 = EDGE_LOOP('',(#13719,#13720,#13726,#13727));
#13719 = ORIENTED_EDGE('',*,*,#3143,.T.);
#13720 = ORIENTED_EDGE('',*,*,#13721,.T.);
#13721 = EDGE_CURVE('',#3144,#6791,#13722,.T.);
#13722 = LINE('',#13723,#13724);
#13723 = CARTESIAN_POINT('',(158.9,-123.36,-4.6E-02));
#13724 = VECTOR('',#13725,1.);
#13725 = DIRECTION('',(0.,0.,1.));
#13726 = ORIENTED_EDGE('',*,*,#6790,.F.);
#13727 = ORIENTED_EDGE('',*,*,#13721,.F.);
#13728 = CYLINDRICAL_SURFACE('',#13729,0.5);
#13729 = AXIS2_PLACEMENT_3D('',#13730,#13731,#13732);
#13730 = CARTESIAN_POINT('',(158.9,-122.86,-4.6E-02));
#13731 = DIRECTION('',(-0.,-0.,-1.));
#13732 = DIRECTION('',(-0.,-1.,0.));
#13733 = ADVANCED_FACE('',(#13734),#13745,.F.);
#13734 = FACE_BOUND('',#13735,.T.);
#13735 = EDGE_LOOP('',(#13736,#13737,#13743,#13744));
#13736 = ORIENTED_EDGE('',*,*,#3154,.T.);
#13737 = ORIENTED_EDGE('',*,*,#13738,.T.);
#13738 = EDGE_CURVE('',#3155,#6802,#13739,.T.);
#13739 = LINE('',#13740,#13741);
#13740 = CARTESIAN_POINT('',(170.,-140.6,-4.6E-02));
#13741 = VECTOR('',#13742,1.);
#13742 = DIRECTION('',(0.,0.,1.));
#13743 = ORIENTED_EDGE('',*,*,#6801,.F.);
#13744 = ORIENTED_EDGE('',*,*,#13738,.F.);
#13745 = CYLINDRICAL_SURFACE('',#13746,1.1);
#13746 = AXIS2_PLACEMENT_3D('',#13747,#13748,#13749);
#13747 = CARTESIAN_POINT('',(170.,-139.5,-4.6E-02));
#13748 = DIRECTION('',(-0.,-0.,-1.));
#13749 = DIRECTION('',(-0.,-1.,0.));
#13750 = ADVANCED_FACE('',(#13751),#13762,.F.);
#13751 = FACE_BOUND('',#13752,.T.);
#13752 = EDGE_LOOP('',(#13753,#13754,#13760,#13761));
#13753 = ORIENTED_EDGE('',*,*,#3165,.T.);
#13754 = ORIENTED_EDGE('',*,*,#13755,.T.);
#13755 = EDGE_CURVE('',#3166,#6813,#13756,.T.);
#13756 = LINE('',#13757,#13758);
#13757 = CARTESIAN_POINT('',(177.,-142.6,-4.6E-02));
#13758 = VECTOR('',#13759,1.);
#13759 = DIRECTION('',(0.,0.,1.));
#13760 = ORIENTED_EDGE('',*,*,#6812,.F.);
#13761 = ORIENTED_EDGE('',*,*,#13755,.F.);
#13762 = CYLINDRICAL_SURFACE('',#13763,1.6);
#13763 = AXIS2_PLACEMENT_3D('',#13764,#13765,#13766);
#13764 = CARTESIAN_POINT('',(177.,-141.,-4.6E-02));
#13765 = DIRECTION('',(-0.,-0.,-1.));
#13766 = DIRECTION('',(-0.,-1.,0.));
#13767 = ADVANCED_FACE('',(#13768),#13779,.F.);
#13768 = FACE_BOUND('',#13769,.T.);
#13769 = EDGE_LOOP('',(#13770,#13771,#13777,#13778));
#13770 = ORIENTED_EDGE('',*,*,#3176,.T.);
#13771 = ORIENTED_EDGE('',*,*,#13772,.T.);
#13772 = EDGE_CURVE('',#3177,#6824,#13773,.T.);
#13773 = LINE('',#13774,#13775);
#13774 = CARTESIAN_POINT('',(158.9,-120.82,-4.6E-02));
#13775 = VECTOR('',#13776,1.);
#13776 = DIRECTION('',(0.,0.,1.));
#13777 = ORIENTED_EDGE('',*,*,#6823,.F.);
#13778 = ORIENTED_EDGE('',*,*,#13772,.F.);
#13779 = CYLINDRICAL_SURFACE('',#13780,0.5);
#13780 = AXIS2_PLACEMENT_3D('',#13781,#13782,#13783);
#13781 = CARTESIAN_POINT('',(158.9,-120.32,-4.6E-02));
#13782 = DIRECTION('',(-0.,-0.,-1.));
#13783 = DIRECTION('',(-0.,-1.,0.));
#13784 = ADVANCED_FACE('',(#13785),#13796,.F.);
#13785 = FACE_BOUND('',#13786,.T.);
#13786 = EDGE_LOOP('',(#13787,#13788,#13794,#13795));
#13787 = ORIENTED_EDGE('',*,*,#3187,.T.);
#13788 = ORIENTED_EDGE('',*,*,#13789,.T.);
#13789 = EDGE_CURVE('',#3188,#6835,#13790,.T.);
#13790 = LINE('',#13791,#13792);
#13791 = CARTESIAN_POINT('',(158.9,-118.28,-4.6E-02));
#13792 = VECTOR('',#13793,1.);
#13793 = DIRECTION('',(0.,0.,1.));
#13794 = ORIENTED_EDGE('',*,*,#6834,.F.);
#13795 = ORIENTED_EDGE('',*,*,#13789,.F.);
#13796 = CYLINDRICAL_SURFACE('',#13797,0.5);
#13797 = AXIS2_PLACEMENT_3D('',#13798,#13799,#13800);
#13798 = CARTESIAN_POINT('',(158.9,-117.78,-4.6E-02));
#13799 = DIRECTION('',(-0.,-0.,-1.));
#13800 = DIRECTION('',(-0.,-1.,0.));
#13801 = ADVANCED_FACE('',(#13802),#13813,.F.);
#13802 = FACE_BOUND('',#13803,.T.);
#13803 = EDGE_LOOP('',(#13804,#13805,#13811,#13812));
#13804 = ORIENTED_EDGE('',*,*,#3198,.T.);
#13805 = ORIENTED_EDGE('',*,*,#13806,.T.);
#13806 = EDGE_CURVE('',#3199,#6846,#13807,.T.);
#13807 = LINE('',#13808,#13809);
#13808 = CARTESIAN_POINT('',(158.9,-115.74,-4.6E-02));
#13809 = VECTOR('',#13810,1.);
#13810 = DIRECTION('',(0.,0.,1.));
#13811 = ORIENTED_EDGE('',*,*,#6845,.F.);
#13812 = ORIENTED_EDGE('',*,*,#13806,.F.);
#13813 = CYLINDRICAL_SURFACE('',#13814,0.5);
#13814 = AXIS2_PLACEMENT_3D('',#13815,#13816,#13817);
#13815 = CARTESIAN_POINT('',(158.9,-115.24,-4.6E-02));
#13816 = DIRECTION('',(-0.,-0.,-1.));
#13817 = DIRECTION('',(-0.,-1.,0.));
#13818 = ADVANCED_FACE('',(#13819),#13830,.F.);
#13819 = FACE_BOUND('',#13820,.T.);
#13820 = EDGE_LOOP('',(#13821,#13822,#13828,#13829));
#13821 = ORIENTED_EDGE('',*,*,#3209,.T.);
#13822 = ORIENTED_EDGE('',*,*,#13823,.T.);
#13823 = EDGE_CURVE('',#3210,#6857,#13824,.T.);
#13824 = LINE('',#13825,#13826);
#13825 = CARTESIAN_POINT('',(158.9,-113.2,-4.6E-02));
#13826 = VECTOR('',#13827,1.);
#13827 = DIRECTION('',(0.,0.,1.));
#13828 = ORIENTED_EDGE('',*,*,#6856,.F.);
#13829 = ORIENTED_EDGE('',*,*,#13823,.F.);
#13830 = CYLINDRICAL_SURFACE('',#13831,0.5);
#13831 = AXIS2_PLACEMENT_3D('',#13832,#13833,#13834);
#13832 = CARTESIAN_POINT('',(158.9,-112.7,-4.6E-02));
#13833 = DIRECTION('',(-0.,-0.,-1.));
#13834 = DIRECTION('',(-0.,-1.,0.));
#13835 = ADVANCED_FACE('',(#13836),#13852,.T.);
#13836 = FACE_BOUND('',#13837,.T.);
#13837 = EDGE_LOOP('',(#13838,#13844,#13845,#13851));
#13838 = ORIENTED_EDGE('',*,*,#13839,.T.);
#13839 = EDGE_CURVE('',#3221,#6868,#13840,.T.);
#13840 = LINE('',#13841,#13842);
#13841 = CARTESIAN_POINT('',(142.25,-129.5,0.));
#13842 = VECTOR('',#13843,1.);
#13843 = DIRECTION('',(0.,0.,1.));
#13844 = ORIENTED_EDGE('',*,*,#6867,.T.);
#13845 = ORIENTED_EDGE('',*,*,#13846,.F.);
#13846 = EDGE_CURVE('',#3223,#6870,#13847,.T.);
#13847 = LINE('',#13848,#13849);
#13848 = CARTESIAN_POINT('',(157.75,-129.5,0.));
#13849 = VECTOR('',#13850,1.);
#13850 = DIRECTION('',(0.,0.,1.));
#13851 = ORIENTED_EDGE('',*,*,#3220,.F.);
#13852 = PLANE('',#13853);
#13853 = AXIS2_PLACEMENT_3D('',#13854,#13855,#13856);
#13854 = CARTESIAN_POINT('',(142.25,-129.5,0.));
#13855 = DIRECTION('',(0.,1.,0.));
#13856 = DIRECTION('',(1.,0.,0.));
#13857 = ADVANCED_FACE('',(#13858),#13869,.T.);
#13858 = FACE_BOUND('',#13859,.T.);
#13859 = EDGE_LOOP('',(#13860,#13866,#13867,#13868));
#13860 = ORIENTED_EDGE('',*,*,#13861,.T.);
#13861 = EDGE_CURVE('',#3231,#6878,#13862,.T.);
#13862 = LINE('',#13863,#13864);
#13863 = CARTESIAN_POINT('',(142.25,-70.5,0.));
#13864 = VECTOR('',#13865,1.);
#13865 = DIRECTION('',(0.,0.,1.));
#13866 = ORIENTED_EDGE('',*,*,#6877,.T.);
#13867 = ORIENTED_EDGE('',*,*,#13839,.F.);
#13868 = ORIENTED_EDGE('',*,*,#3230,.F.);
#13869 = PLANE('',#13870);
#13870 = AXIS2_PLACEMENT_3D('',#13871,#13872,#13873);
#13871 = CARTESIAN_POINT('',(142.25,-70.5,0.));
#13872 = DIRECTION('',(1.,0.,-0.));
#13873 = DIRECTION('',(0.,-1.,0.));
#13874 = ADVANCED_FACE('',(#13875),#13886,.T.);
#13875 = FACE_BOUND('',#13876,.T.);
#13876 = EDGE_LOOP('',(#13877,#13878,#13879,#13885));
#13877 = ORIENTED_EDGE('',*,*,#13846,.T.);
#13878 = ORIENTED_EDGE('',*,*,#6893,.T.);
#13879 = ORIENTED_EDGE('',*,*,#13880,.F.);
#13880 = EDGE_CURVE('',#3239,#6886,#13881,.T.);
#13881 = LINE('',#13882,#13883);
#13882 = CARTESIAN_POINT('',(157.75,-70.5,0.));
#13883 = VECTOR('',#13884,1.);
#13884 = DIRECTION('',(0.,0.,1.));
#13885 = ORIENTED_EDGE('',*,*,#3246,.F.);
#13886 = PLANE('',#13887);
#13887 = AXIS2_PLACEMENT_3D('',#13888,#13889,#13890);
#13888 = CARTESIAN_POINT('',(157.75,-129.5,0.));
#13889 = DIRECTION('',(-1.,0.,0.));
#13890 = DIRECTION('',(0.,1.,0.));
#13891 = ADVANCED_FACE('',(#13892),#13898,.T.);
#13892 = FACE_BOUND('',#13893,.T.);
#13893 = EDGE_LOOP('',(#13894,#13895,#13896,#13897));
#13894 = ORIENTED_EDGE('',*,*,#13880,.T.);
#13895 = ORIENTED_EDGE('',*,*,#6885,.T.);
#13896 = ORIENTED_EDGE('',*,*,#13861,.F.);
#13897 = ORIENTED_EDGE('',*,*,#3238,.F.);
#13898 = PLANE('',#13899);
#13899 = AXIS2_PLACEMENT_3D('',#13900,#13901,#13902);
#13900 = CARTESIAN_POINT('',(157.75,-70.5,0.));
#13901 = DIRECTION('',(0.,-1.,0.));
#13902 = DIRECTION('',(-1.,0.,0.));
#13903 = ADVANCED_FACE('',(#13904),#13915,.F.);
#13904 = FACE_BOUND('',#13905,.T.);
#13905 = EDGE_LOOP('',(#13906,#13907,#13913,#13914));
#13906 = ORIENTED_EDGE('',*,*,#3254,.T.);
#13907 = ORIENTED_EDGE('',*,*,#13908,.T.);
#13908 = EDGE_CURVE('',#3255,#6902,#13909,.T.);
#13909 = LINE('',#13910,#13911);
#13910 = CARTESIAN_POINT('',(158.9,-110.66,-4.6E-02));
#13911 = VECTOR('',#13912,1.);
#13912 = DIRECTION('',(0.,0.,1.));
#13913 = ORIENTED_EDGE('',*,*,#6901,.F.);
#13914 = ORIENTED_EDGE('',*,*,#13908,.F.);
#13915 = CYLINDRICAL_SURFACE('',#13916,0.5);
#13916 = AXIS2_PLACEMENT_3D('',#13917,#13918,#13919);
#13917 = CARTESIAN_POINT('',(158.9,-110.16,-4.6E-02));
#13918 = DIRECTION('',(-0.,-0.,-1.));
#13919 = DIRECTION('',(-0.,-1.,0.));
#13920 = ADVANCED_FACE('',(#13921),#13932,.F.);
#13921 = FACE_BOUND('',#13922,.T.);
#13922 = EDGE_LOOP('',(#13923,#13924,#13930,#13931));
#13923 = ORIENTED_EDGE('',*,*,#3265,.T.);
#13924 = ORIENTED_EDGE('',*,*,#13925,.T.);
#13925 = EDGE_CURVE('',#3266,#6913,#13926,.T.);
#13926 = LINE('',#13927,#13928);
#13927 = CARTESIAN_POINT('',(158.9,-108.12,-4.6E-02));
#13928 = VECTOR('',#13929,1.);
#13929 = DIRECTION('',(0.,0.,1.));
#13930 = ORIENTED_EDGE('',*,*,#6912,.F.);
#13931 = ORIENTED_EDGE('',*,*,#13925,.F.);
#13932 = CYLINDRICAL_SURFACE('',#13933,0.5);
#13933 = AXIS2_PLACEMENT_3D('',#13934,#13935,#13936);
#13934 = CARTESIAN_POINT('',(158.9,-107.62,-4.6E-02));
#13935 = DIRECTION('',(-0.,-0.,-1.));
#13936 = DIRECTION('',(-0.,-1.,0.));
#13937 = ADVANCED_FACE('',(#13938),#13949,.F.);
#13938 = FACE_BOUND('',#13939,.T.);
#13939 = EDGE_LOOP('',(#13940,#13941,#13947,#13948));
#13940 = ORIENTED_EDGE('',*,*,#3276,.T.);
#13941 = ORIENTED_EDGE('',*,*,#13942,.T.);
#13942 = EDGE_CURVE('',#3277,#6924,#13943,.T.);
#13943 = LINE('',#13944,#13945);
#13944 = CARTESIAN_POINT('',(158.9,-105.58,-4.6E-02));
#13945 = VECTOR('',#13946,1.);
#13946 = DIRECTION('',(0.,0.,1.));
#13947 = ORIENTED_EDGE('',*,*,#6923,.F.);
#13948 = ORIENTED_EDGE('',*,*,#13942,.F.);
#13949 = CYLINDRICAL_SURFACE('',#13950,0.5);
#13950 = AXIS2_PLACEMENT_3D('',#13951,#13952,#13953);
#13951 = CARTESIAN_POINT('',(158.9,-105.08,-4.6E-02));
#13952 = DIRECTION('',(-0.,-0.,-1.));
#13953 = DIRECTION('',(-0.,-1.,0.));
#13954 = ADVANCED_FACE('',(#13955),#13966,.F.);
#13955 = FACE_BOUND('',#13956,.T.);
#13956 = EDGE_LOOP('',(#13957,#13958,#13964,#13965));
#13957 = ORIENTED_EDGE('',*,*,#3287,.T.);
#13958 = ORIENTED_EDGE('',*,*,#13959,.T.);
#13959 = EDGE_CURVE('',#3288,#6935,#13960,.T.);
#13960 = LINE('',#13961,#13962);
#13961 = CARTESIAN_POINT('',(158.9,-103.04,-4.6E-02));
#13962 = VECTOR('',#13963,1.);
#13963 = DIRECTION('',(0.,0.,1.));
#13964 = ORIENTED_EDGE('',*,*,#6934,.F.);
#13965 = ORIENTED_EDGE('',*,*,#13959,.F.);
#13966 = CYLINDRICAL_SURFACE('',#13967,0.5);
#13967 = AXIS2_PLACEMENT_3D('',#13968,#13969,#13970);
#13968 = CARTESIAN_POINT('',(158.9,-102.54,-4.6E-02));
#13969 = DIRECTION('',(-0.,-0.,-1.));
#13970 = DIRECTION('',(-0.,-1.,0.));
#13971 = ADVANCED_FACE('',(#13972),#13983,.F.);
#13972 = FACE_BOUND('',#13973,.T.);
#13973 = EDGE_LOOP('',(#13974,#13975,#13981,#13982));
#13974 = ORIENTED_EDGE('',*,*,#3298,.T.);
#13975 = ORIENTED_EDGE('',*,*,#13976,.T.);
#13976 = EDGE_CURVE('',#3299,#6946,#13977,.T.);
#13977 = LINE('',#13978,#13979);
#13978 = CARTESIAN_POINT('',(158.9,-100.5,-4.6E-02));
#13979 = VECTOR('',#13980,1.);
#13980 = DIRECTION('',(0.,0.,1.));
#13981 = ORIENTED_EDGE('',*,*,#6945,.F.);
#13982 = ORIENTED_EDGE('',*,*,#13976,.F.);
#13983 = CYLINDRICAL_SURFACE('',#13984,0.5);
#13984 = AXIS2_PLACEMENT_3D('',#13985,#13986,#13987);
#13985 = CARTESIAN_POINT('',(158.9,-100.,-4.6E-02));
#13986 = DIRECTION('',(-0.,-0.,-1.));
#13987 = DIRECTION('',(-0.,-1.,0.));
#13988 = ADVANCED_FACE('',(#13989),#14000,.F.);
#13989 = FACE_BOUND('',#13990,.T.);
#13990 = EDGE_LOOP('',(#13991,#13992,#13998,#13999));
#13991 = ORIENTED_EDGE('',*,*,#3309,.T.);
#13992 = ORIENTED_EDGE('',*,*,#13993,.T.);
#13993 = EDGE_CURVE('',#3310,#6957,#13994,.T.);
#13994 = LINE('',#13995,#13996);
#13995 = CARTESIAN_POINT('',(163.31,-108.903,-4.6E-02));
#13996 = VECTOR('',#13997,1.);
#13997 = DIRECTION('',(0.,0.,1.));
#13998 = ORIENTED_EDGE('',*,*,#6956,.F.);
#13999 = ORIENTED_EDGE('',*,*,#13993,.F.);
#14000 = CYLINDRICAL_SURFACE('',#14001,0.5);
#14001 = AXIS2_PLACEMENT_3D('',#14002,#14003,#14004);
#14002 = CARTESIAN_POINT('',(163.31,-108.403,-4.6E-02));
#14003 = DIRECTION('',(-0.,-0.,-1.));
#14004 = DIRECTION('',(-0.,-1.,0.));
#14005 = ADVANCED_FACE('',(#14006),#14017,.F.);
#14006 = FACE_BOUND('',#14007,.T.);
#14007 = EDGE_LOOP('',(#14008,#14009,#14015,#14016));
#14008 = ORIENTED_EDGE('',*,*,#3320,.T.);
#14009 = ORIENTED_EDGE('',*,*,#14010,.T.);
#14010 = EDGE_CURVE('',#3321,#6968,#14011,.T.);
#14011 = LINE('',#14012,#14013);
#14012 = CARTESIAN_POINT('',(163.31,-106.363,-4.6E-02));
#14013 = VECTOR('',#14014,1.);
#14014 = DIRECTION('',(0.,0.,1.));
#14015 = ORIENTED_EDGE('',*,*,#6967,.F.);
#14016 = ORIENTED_EDGE('',*,*,#14010,.F.);
#14017 = CYLINDRICAL_SURFACE('',#14018,0.5);
#14018 = AXIS2_PLACEMENT_3D('',#14019,#14020,#14021);
#14019 = CARTESIAN_POINT('',(163.31,-105.863,-4.6E-02));
#14020 = DIRECTION('',(-0.,-0.,-1.));
#14021 = DIRECTION('',(-0.,-1.,0.));
#14022 = ADVANCED_FACE('',(#14023),#14034,.F.);
#14023 = FACE_BOUND('',#14024,.T.);
#14024 = EDGE_LOOP('',(#14025,#14026,#14032,#14033));
#14025 = ORIENTED_EDGE('',*,*,#3331,.T.);
#14026 = ORIENTED_EDGE('',*,*,#14027,.T.);
#14027 = EDGE_CURVE('',#3332,#6979,#14028,.T.);
#14028 = LINE('',#14029,#14030);
#14029 = CARTESIAN_POINT('',(163.31,-103.823,-4.6E-02));
#14030 = VECTOR('',#14031,1.);
#14031 = DIRECTION('',(0.,0.,1.));
#14032 = ORIENTED_EDGE('',*,*,#6978,.F.);
#14033 = ORIENTED_EDGE('',*,*,#14027,.F.);
#14034 = CYLINDRICAL_SURFACE('',#14035,0.5);
#14035 = AXIS2_PLACEMENT_3D('',#14036,#14037,#14038);
#14036 = CARTESIAN_POINT('',(163.31,-103.323,-4.6E-02));
#14037 = DIRECTION('',(-0.,-0.,-1.));
#14038 = DIRECTION('',(-0.,-1.,0.));
#14039 = ADVANCED_FACE('',(#14040),#14051,.F.);
#14040 = FACE_BOUND('',#14041,.T.);
#14041 = EDGE_LOOP('',(#14042,#14043,#14049,#14050));
#14042 = ORIENTED_EDGE('',*,*,#3342,.T.);
#14043 = ORIENTED_EDGE('',*,*,#14044,.T.);
#14044 = EDGE_CURVE('',#3343,#6990,#14045,.T.);
#14045 = LINE('',#14046,#14047);
#14046 = CARTESIAN_POINT('',(163.31,-101.283,-4.6E-02));
#14047 = VECTOR('',#14048,1.);
#14048 = DIRECTION('',(0.,0.,1.));
#14049 = ORIENTED_EDGE('',*,*,#6989,.F.);
#14050 = ORIENTED_EDGE('',*,*,#14044,.F.);
#14051 = CYLINDRICAL_SURFACE('',#14052,0.5);
#14052 = AXIS2_PLACEMENT_3D('',#14053,#14054,#14055);
#14053 = CARTESIAN_POINT('',(163.31,-100.783,-4.6E-02));
#14054 = DIRECTION('',(-0.,-0.,-1.));
#14055 = DIRECTION('',(-0.,-1.,0.));
#14056 = ADVANCED_FACE('',(#14057),#14068,.F.);
#14057 = FACE_BOUND('',#14058,.T.);
#14058 = EDGE_LOOP('',(#14059,#14060,#14066,#14067));
#14059 = ORIENTED_EDGE('',*,*,#3353,.T.);
#14060 = ORIENTED_EDGE('',*,*,#14061,.T.);
#14061 = EDGE_CURVE('',#3354,#7001,#14062,.T.);
#14062 = LINE('',#14063,#14064);
#14063 = CARTESIAN_POINT('',(110.2175,-84.918,-4.6E-02));
#14064 = VECTOR('',#14065,1.);
#14065 = DIRECTION('',(0.,0.,1.));
#14066 = ORIENTED_EDGE('',*,*,#7000,.F.);
#14067 = ORIENTED_EDGE('',*,*,#14061,.F.);
#14068 = CYLINDRICAL_SURFACE('',#14069,0.5);
#14069 = AXIS2_PLACEMENT_3D('',#14070,#14071,#14072);
#14070 = CARTESIAN_POINT('',(110.2175,-84.418,-4.6E-02));
#14071 = DIRECTION('',(-0.,-0.,-1.));
#14072 = DIRECTION('',(-0.,-1.,0.));
#14073 = ADVANCED_FACE('',(#14074),#14085,.F.);
#14074 = FACE_BOUND('',#14075,.T.);
#14075 = EDGE_LOOP('',(#14076,#14077,#14083,#14084));
#14076 = ORIENTED_EDGE('',*,*,#3364,.T.);
#14077 = ORIENTED_EDGE('',*,*,#14078,.T.);
#14078 = EDGE_CURVE('',#3365,#7012,#14079,.T.);
#14079 = LINE('',#14080,#14081);
#14080 = CARTESIAN_POINT('',(115.6475,-84.918,-4.6E-02));
#14081 = VECTOR('',#14082,1.);
#14082 = DIRECTION('',(0.,0.,1.));
#14083 = ORIENTED_EDGE('',*,*,#7011,.F.);
#14084 = ORIENTED_EDGE('',*,*,#14078,.F.);
#14085 = CYLINDRICAL_SURFACE('',#14086,0.5);
#14086 = AXIS2_PLACEMENT_3D('',#14087,#14088,#14089);
#14087 = CARTESIAN_POINT('',(115.6475,-84.418,-4.6E-02));
#14088 = DIRECTION('',(-0.,-0.,-1.));
#14089 = DIRECTION('',(-0.,-1.,0.));
#14090 = ADVANCED_FACE('',(#14091),#14102,.F.);
#14091 = FACE_BOUND('',#14092,.T.);
#14092 = EDGE_LOOP('',(#14093,#14094,#14100,#14101));
#14093 = ORIENTED_EDGE('',*,*,#3375,.T.);
#14094 = ORIENTED_EDGE('',*,*,#14095,.T.);
#14095 = EDGE_CURVE('',#3376,#7023,#14096,.T.);
#14096 = LINE('',#14097,#14098);
#14097 = CARTESIAN_POINT('',(110.2175,-82.378,-4.6E-02));
#14098 = VECTOR('',#14099,1.);
#14099 = DIRECTION('',(0.,0.,1.));
#14100 = ORIENTED_EDGE('',*,*,#7022,.F.);
#14101 = ORIENTED_EDGE('',*,*,#14095,.F.);
#14102 = CYLINDRICAL_SURFACE('',#14103,0.5);
#14103 = AXIS2_PLACEMENT_3D('',#14104,#14105,#14106);
#14104 = CARTESIAN_POINT('',(110.2175,-81.878,-4.6E-02));
#14105 = DIRECTION('',(-0.,-0.,-1.));
#14106 = DIRECTION('',(-0.,-1.,0.));
#14107 = ADVANCED_FACE('',(#14108),#14119,.F.);
#14108 = FACE_BOUND('',#14109,.T.);
#14109 = EDGE_LOOP('',(#14110,#14111,#14117,#14118));
#14110 = ORIENTED_EDGE('',*,*,#3386,.T.);
#14111 = ORIENTED_EDGE('',*,*,#14112,.T.);
#14112 = EDGE_CURVE('',#3387,#7034,#14113,.T.);
#14113 = LINE('',#14114,#14115);
#14114 = CARTESIAN_POINT('',(110.2175,-79.838,-4.6E-02));
#14115 = VECTOR('',#14116,1.);
#14116 = DIRECTION('',(0.,0.,1.));
#14117 = ORIENTED_EDGE('',*,*,#7033,.F.);
#14118 = ORIENTED_EDGE('',*,*,#14112,.F.);
#14119 = CYLINDRICAL_SURFACE('',#14120,0.5);
#14120 = AXIS2_PLACEMENT_3D('',#14121,#14122,#14123);
#14121 = CARTESIAN_POINT('',(110.2175,-79.338,-4.6E-02));
#14122 = DIRECTION('',(-0.,-0.,-1.));
#14123 = DIRECTION('',(-0.,-1.,0.));
#14124 = ADVANCED_FACE('',(#14125),#14136,.F.);
#14125 = FACE_BOUND('',#14126,.T.);
#14126 = EDGE_LOOP('',(#14127,#14128,#14134,#14135));
#14127 = ORIENTED_EDGE('',*,*,#3397,.T.);
#14128 = ORIENTED_EDGE('',*,*,#14129,.T.);
#14129 = EDGE_CURVE('',#3398,#7045,#14130,.T.);
#14130 = LINE('',#14131,#14132);
#14131 = CARTESIAN_POINT('',(115.6475,-82.378,-4.6E-02));
#14132 = VECTOR('',#14133,1.);
#14133 = DIRECTION('',(0.,0.,1.));
#14134 = ORIENTED_EDGE('',*,*,#7044,.F.);
#14135 = ORIENTED_EDGE('',*,*,#14129,.F.);
#14136 = CYLINDRICAL_SURFACE('',#14137,0.5);
#14137 = AXIS2_PLACEMENT_3D('',#14138,#14139,#14140);
#14138 = CARTESIAN_POINT('',(115.6475,-81.878,-4.6E-02));
#14139 = DIRECTION('',(-0.,-0.,-1.));
#14140 = DIRECTION('',(-0.,-1.,0.));
#14141 = ADVANCED_FACE('',(#14142),#14153,.F.);
#14142 = FACE_BOUND('',#14143,.T.);
#14143 = EDGE_LOOP('',(#14144,#14145,#14151,#14152));
#14144 = ORIENTED_EDGE('',*,*,#3408,.T.);
#14145 = ORIENTED_EDGE('',*,*,#14146,.T.);
#14146 = EDGE_CURVE('',#3409,#7056,#14147,.T.);
#14147 = LINE('',#14148,#14149);
#14148 = CARTESIAN_POINT('',(115.6475,-79.838,-4.6E-02));
#14149 = VECTOR('',#14150,1.);
#14150 = DIRECTION('',(0.,0.,1.));
#14151 = ORIENTED_EDGE('',*,*,#7055,.F.);
#14152 = ORIENTED_EDGE('',*,*,#14146,.F.);
#14153 = CYLINDRICAL_SURFACE('',#14154,0.5);
#14154 = AXIS2_PLACEMENT_3D('',#14155,#14156,#14157);
#14155 = CARTESIAN_POINT('',(115.6475,-79.338,-4.6E-02));
#14156 = DIRECTION('',(-0.,-0.,-1.));
#14157 = DIRECTION('',(-0.,-1.,0.));
#14158 = ADVANCED_FACE('',(#14159),#14170,.F.);
#14159 = FACE_BOUND('',#14160,.T.);
#14160 = EDGE_LOOP('',(#14161,#14162,#14168,#14169));
#14161 = ORIENTED_EDGE('',*,*,#3419,.T.);
#14162 = ORIENTED_EDGE('',*,*,#14163,.T.);
#14163 = EDGE_CURVE('',#3420,#7067,#14164,.T.);
#14164 = LINE('',#14165,#14166);
#14165 = CARTESIAN_POINT('',(141.1,-97.96,-4.6E-02));
#14166 = VECTOR('',#14167,1.);
#14167 = DIRECTION('',(0.,0.,1.));
#14168 = ORIENTED_EDGE('',*,*,#7066,.F.);
#14169 = ORIENTED_EDGE('',*,*,#14163,.F.);
#14170 = CYLINDRICAL_SURFACE('',#14171,0.5);
#14171 = AXIS2_PLACEMENT_3D('',#14172,#14173,#14174);
#14172 = CARTESIAN_POINT('',(141.1,-97.46,-4.6E-02));
#14173 = DIRECTION('',(-0.,-0.,-1.));
#14174 = DIRECTION('',(-0.,-1.,0.));
#14175 = ADVANCED_FACE('',(#14176),#14187,.F.);
#14176 = FACE_BOUND('',#14177,.T.);
#14177 = EDGE_LOOP('',(#14178,#14179,#14185,#14186));
#14178 = ORIENTED_EDGE('',*,*,#3430,.T.);
#14179 = ORIENTED_EDGE('',*,*,#14180,.T.);
#14180 = EDGE_CURVE('',#3431,#7078,#14181,.T.);
#14181 = LINE('',#14182,#14183);
#14182 = CARTESIAN_POINT('',(141.1,-95.42,-4.6E-02));
#14183 = VECTOR('',#14184,1.);
#14184 = DIRECTION('',(0.,0.,1.));
#14185 = ORIENTED_EDGE('',*,*,#7077,.F.);
#14186 = ORIENTED_EDGE('',*,*,#14180,.F.);
#14187 = CYLINDRICAL_SURFACE('',#14188,0.5);
#14188 = AXIS2_PLACEMENT_3D('',#14189,#14190,#14191);
#14189 = CARTESIAN_POINT('',(141.1,-94.92,-4.6E-02));
#14190 = DIRECTION('',(-0.,-0.,-1.));
#14191 = DIRECTION('',(-0.,-1.,0.));
#14192 = ADVANCED_FACE('',(#14193),#14204,.F.);
#14193 = FACE_BOUND('',#14194,.T.);
#14194 = EDGE_LOOP('',(#14195,#14196,#14202,#14203));
#14195 = ORIENTED_EDGE('',*,*,#3441,.T.);
#14196 = ORIENTED_EDGE('',*,*,#14197,.T.);
#14197 = EDGE_CURVE('',#3442,#7089,#14198,.T.);
#14198 = LINE('',#14199,#14200);
#14199 = CARTESIAN_POINT('',(141.1,-92.88,-4.6E-02));
#14200 = VECTOR('',#14201,1.);
#14201 = DIRECTION('',(0.,0.,1.));
#14202 = ORIENTED_EDGE('',*,*,#7088,.F.);
#14203 = ORIENTED_EDGE('',*,*,#14197,.F.);
#14204 = CYLINDRICAL_SURFACE('',#14205,0.5);
#14205 = AXIS2_PLACEMENT_3D('',#14206,#14207,#14208);
#14206 = CARTESIAN_POINT('',(141.1,-92.38,-4.6E-02));
#14207 = DIRECTION('',(-0.,-0.,-1.));
#14208 = DIRECTION('',(-0.,-1.,0.));
#14209 = ADVANCED_FACE('',(#14210),#14221,.F.);
#14210 = FACE_BOUND('',#14211,.T.);
#14211 = EDGE_LOOP('',(#14212,#14213,#14219,#14220));
#14212 = ORIENTED_EDGE('',*,*,#3452,.T.);
#14213 = ORIENTED_EDGE('',*,*,#14214,.T.);
#14214 = EDGE_CURVE('',#3453,#7100,#14215,.T.);
#14215 = LINE('',#14216,#14217);
#14216 = CARTESIAN_POINT('',(141.1,-90.34,-4.6E-02));
#14217 = VECTOR('',#14218,1.);
#14218 = DIRECTION('',(0.,0.,1.));
#14219 = ORIENTED_EDGE('',*,*,#7099,.F.);
#14220 = ORIENTED_EDGE('',*,*,#14214,.F.);
#14221 = CYLINDRICAL_SURFACE('',#14222,0.5);
#14222 = AXIS2_PLACEMENT_3D('',#14223,#14224,#14225);
#14223 = CARTESIAN_POINT('',(141.1,-89.84,-4.6E-02));
#14224 = DIRECTION('',(-0.,-0.,-1.));
#14225 = DIRECTION('',(-0.,-1.,0.));
#14226 = ADVANCED_FACE('',(#14227),#14238,.F.);
#14227 = FACE_BOUND('',#14228,.T.);
#14228 = EDGE_LOOP('',(#14229,#14230,#14236,#14237));
#14229 = ORIENTED_EDGE('',*,*,#3463,.T.);
#14230 = ORIENTED_EDGE('',*,*,#14231,.T.);
#14231 = EDGE_CURVE('',#3464,#7111,#14232,.T.);
#14232 = LINE('',#14233,#14234);
#14233 = CARTESIAN_POINT('',(141.1,-87.8,-4.6E-02));
#14234 = VECTOR('',#14235,1.);
#14235 = DIRECTION('',(0.,0.,1.));
#14236 = ORIENTED_EDGE('',*,*,#7110,.F.);
#14237 = ORIENTED_EDGE('',*,*,#14231,.F.);
#14238 = CYLINDRICAL_SURFACE('',#14239,0.5);
#14239 = AXIS2_PLACEMENT_3D('',#14240,#14241,#14242);
#14240 = CARTESIAN_POINT('',(141.1,-87.3,-4.6E-02));
#14241 = DIRECTION('',(-0.,-0.,-1.));
#14242 = DIRECTION('',(-0.,-1.,0.));
#14243 = ADVANCED_FACE('',(#14244),#14255,.F.);
#14244 = FACE_BOUND('',#14245,.T.);
#14245 = EDGE_LOOP('',(#14246,#14247,#14253,#14254));
#14246 = ORIENTED_EDGE('',*,*,#3474,.T.);
#14247 = ORIENTED_EDGE('',*,*,#14248,.T.);
#14248 = EDGE_CURVE('',#3475,#7122,#14249,.T.);
#14249 = LINE('',#14250,#14251);
#14250 = CARTESIAN_POINT('',(141.1,-85.26,-4.6E-02));
#14251 = VECTOR('',#14252,1.);
#14252 = DIRECTION('',(0.,0.,1.));
#14253 = ORIENTED_EDGE('',*,*,#7121,.F.);
#14254 = ORIENTED_EDGE('',*,*,#14248,.F.);
#14255 = CYLINDRICAL_SURFACE('',#14256,0.5);
#14256 = AXIS2_PLACEMENT_3D('',#14257,#14258,#14259);
#14257 = CARTESIAN_POINT('',(141.1,-84.76,-4.6E-02));
#14258 = DIRECTION('',(-0.,-0.,-1.));
#14259 = DIRECTION('',(-0.,-1.,0.));
#14260 = ADVANCED_FACE('',(#14261),#14272,.F.);
#14261 = FACE_BOUND('',#14262,.T.);
#14262 = EDGE_LOOP('',(#14263,#14264,#14270,#14271));
#14263 = ORIENTED_EDGE('',*,*,#3485,.T.);
#14264 = ORIENTED_EDGE('',*,*,#14265,.T.);
#14265 = EDGE_CURVE('',#3486,#7133,#14266,.T.);
#14266 = LINE('',#14267,#14268);
#14267 = CARTESIAN_POINT('',(141.1,-82.72,-4.6E-02));
#14268 = VECTOR('',#14269,1.);
#14269 = DIRECTION('',(0.,0.,1.));
#14270 = ORIENTED_EDGE('',*,*,#7132,.F.);
#14271 = ORIENTED_EDGE('',*,*,#14265,.F.);
#14272 = CYLINDRICAL_SURFACE('',#14273,0.5);
#14273 = AXIS2_PLACEMENT_3D('',#14274,#14275,#14276);
#14274 = CARTESIAN_POINT('',(141.1,-82.22,-4.6E-02));
#14275 = DIRECTION('',(-0.,-0.,-1.));
#14276 = DIRECTION('',(-0.,-1.,0.));
#14277 = ADVANCED_FACE('',(#14278),#14289,.F.);
#14278 = FACE_BOUND('',#14279,.T.);
#14279 = EDGE_LOOP('',(#14280,#14281,#14287,#14288));
#14280 = ORIENTED_EDGE('',*,*,#3496,.T.);
#14281 = ORIENTED_EDGE('',*,*,#14282,.T.);
#14282 = EDGE_CURVE('',#3497,#7144,#14283,.T.);
#14283 = LINE('',#14284,#14285);
#14284 = CARTESIAN_POINT('',(141.1,-80.18,-4.6E-02));
#14285 = VECTOR('',#14286,1.);
#14286 = DIRECTION('',(0.,0.,1.));
#14287 = ORIENTED_EDGE('',*,*,#7143,.F.);
#14288 = ORIENTED_EDGE('',*,*,#14282,.F.);
#14289 = CYLINDRICAL_SURFACE('',#14290,0.5);
#14290 = AXIS2_PLACEMENT_3D('',#14291,#14292,#14293);
#14291 = CARTESIAN_POINT('',(141.1,-79.68,-4.6E-02));
#14292 = DIRECTION('',(-0.,-0.,-1.));
#14293 = DIRECTION('',(-0.,-1.,0.));
#14294 = ADVANCED_FACE('',(#14295),#14306,.F.);
#14295 = FACE_BOUND('',#14296,.T.);
#14296 = EDGE_LOOP('',(#14297,#14298,#14304,#14305));
#14297 = ORIENTED_EDGE('',*,*,#3507,.T.);
#14298 = ORIENTED_EDGE('',*,*,#14299,.T.);
#14299 = EDGE_CURVE('',#3508,#7155,#14300,.T.);
#14300 = LINE('',#14301,#14302);
#14301 = CARTESIAN_POINT('',(110.2175,-77.298,-4.6E-02));
#14302 = VECTOR('',#14303,1.);
#14303 = DIRECTION('',(0.,0.,1.));
#14304 = ORIENTED_EDGE('',*,*,#7154,.F.);
#14305 = ORIENTED_EDGE('',*,*,#14299,.F.);
#14306 = CYLINDRICAL_SURFACE('',#14307,0.5);
#14307 = AXIS2_PLACEMENT_3D('',#14308,#14309,#14310);
#14308 = CARTESIAN_POINT('',(110.2175,-76.798,-4.6E-02));
#14309 = DIRECTION('',(-0.,-0.,-1.));
#14310 = DIRECTION('',(-0.,-1.,0.));
#14311 = ADVANCED_FACE('',(#14312),#14323,.F.);
#14312 = FACE_BOUND('',#14313,.T.);
#14313 = EDGE_LOOP('',(#14314,#14315,#14321,#14322));
#14314 = ORIENTED_EDGE('',*,*,#3518,.T.);
#14315 = ORIENTED_EDGE('',*,*,#14316,.T.);
#14316 = EDGE_CURVE('',#3519,#7166,#14317,.T.);
#14317 = LINE('',#14318,#14319);
#14318 = CARTESIAN_POINT('',(110.2175,-74.758,-4.6E-02));
#14319 = VECTOR('',#14320,1.);
#14320 = DIRECTION('',(0.,0.,1.));
#14321 = ORIENTED_EDGE('',*,*,#7165,.F.);
#14322 = ORIENTED_EDGE('',*,*,#14316,.F.);
#14323 = CYLINDRICAL_SURFACE('',#14324,0.5);
#14324 = AXIS2_PLACEMENT_3D('',#14325,#14326,#14327);
#14325 = CARTESIAN_POINT('',(110.2175,-74.258,-4.6E-02));
#14326 = DIRECTION('',(-0.,-0.,-1.));
#14327 = DIRECTION('',(-0.,-1.,0.));
#14328 = ADVANCED_FACE('',(#14329),#14340,.F.);
#14329 = FACE_BOUND('',#14330,.T.);
#14330 = EDGE_LOOP('',(#14331,#14332,#14338,#14339));
#14331 = ORIENTED_EDGE('',*,*,#3529,.T.);
#14332 = ORIENTED_EDGE('',*,*,#14333,.T.);
#14333 = EDGE_CURVE('',#3530,#7177,#14334,.T.);
#14334 = LINE('',#14335,#14336);
#14335 = CARTESIAN_POINT('',(115.6475,-77.298,-4.6E-02));
#14336 = VECTOR('',#14337,1.);
#14337 = DIRECTION('',(0.,0.,1.));
#14338 = ORIENTED_EDGE('',*,*,#7176,.F.);
#14339 = ORIENTED_EDGE('',*,*,#14333,.F.);
#14340 = CYLINDRICAL_SURFACE('',#14341,0.5);
#14341 = AXIS2_PLACEMENT_3D('',#14342,#14343,#14344);
#14342 = CARTESIAN_POINT('',(115.6475,-76.798,-4.6E-02));
#14343 = DIRECTION('',(-0.,-0.,-1.));
#14344 = DIRECTION('',(-0.,-1.,0.));
#14345 = ADVANCED_FACE('',(#14346),#14357,.F.);
#14346 = FACE_BOUND('',#14347,.T.);
#14347 = EDGE_LOOP('',(#14348,#14349,#14355,#14356));
#14348 = ORIENTED_EDGE('',*,*,#3540,.T.);
#14349 = ORIENTED_EDGE('',*,*,#14350,.T.);
#14350 = EDGE_CURVE('',#3541,#7188,#14351,.T.);
#14351 = LINE('',#14352,#14353);
#14352 = CARTESIAN_POINT('',(115.6475,-74.758,-4.6E-02));
#14353 = VECTOR('',#14354,1.);
#14354 = DIRECTION('',(0.,0.,1.));
#14355 = ORIENTED_EDGE('',*,*,#7187,.F.);
#14356 = ORIENTED_EDGE('',*,*,#14350,.F.);
#14357 = CYLINDRICAL_SURFACE('',#14358,0.5);
#14358 = AXIS2_PLACEMENT_3D('',#14359,#14360,#14361);
#14359 = CARTESIAN_POINT('',(115.6475,-74.258,-4.6E-02));
#14360 = DIRECTION('',(-0.,-0.,-1.));
#14361 = DIRECTION('',(-0.,-1.,0.));
#14362 = ADVANCED_FACE('',(#14363),#14374,.F.);
#14363 = FACE_BOUND('',#14364,.T.);
#14364 = EDGE_LOOP('',(#14365,#14366,#14372,#14373));
#14365 = ORIENTED_EDGE('',*,*,#3551,.T.);
#14366 = ORIENTED_EDGE('',*,*,#14367,.T.);
#14367 = EDGE_CURVE('',#3552,#7199,#14368,.T.);
#14368 = LINE('',#14369,#14370);
#14369 = CARTESIAN_POINT('',(110.2175,-72.218,-4.6E-02));
#14370 = VECTOR('',#14371,1.);
#14371 = DIRECTION('',(0.,0.,1.));
#14372 = ORIENTED_EDGE('',*,*,#7198,.F.);
#14373 = ORIENTED_EDGE('',*,*,#14367,.F.);
#14374 = CYLINDRICAL_SURFACE('',#14375,0.5);
#14375 = AXIS2_PLACEMENT_3D('',#14376,#14377,#14378);
#14376 = CARTESIAN_POINT('',(110.2175,-71.718,-4.6E-02));
#14377 = DIRECTION('',(-0.,-0.,-1.));
#14378 = DIRECTION('',(-0.,-1.,0.));
#14379 = ADVANCED_FACE('',(#14380),#14391,.F.);
#14380 = FACE_BOUND('',#14381,.T.);
#14381 = EDGE_LOOP('',(#14382,#14383,#14389,#14390));
#14382 = ORIENTED_EDGE('',*,*,#3562,.T.);
#14383 = ORIENTED_EDGE('',*,*,#14384,.T.);
#14384 = EDGE_CURVE('',#3563,#7210,#14385,.T.);
#14385 = LINE('',#14386,#14387);
#14386 = CARTESIAN_POINT('',(115.6475,-72.218,-4.6E-02));
#14387 = VECTOR('',#14388,1.);
#14388 = DIRECTION('',(0.,0.,1.));
#14389 = ORIENTED_EDGE('',*,*,#7209,.F.);
#14390 = ORIENTED_EDGE('',*,*,#14384,.F.);
#14391 = CYLINDRICAL_SURFACE('',#14392,0.5);
#14392 = AXIS2_PLACEMENT_3D('',#14393,#14394,#14395);
#14393 = CARTESIAN_POINT('',(115.6475,-71.718,-4.6E-02));
#14394 = DIRECTION('',(-0.,-0.,-1.));
#14395 = DIRECTION('',(-0.,-1.,0.));
#14396 = ADVANCED_FACE('',(#14397),#14408,.F.);
#14397 = FACE_BOUND('',#14398,.T.);
#14398 = EDGE_LOOP('',(#14399,#14400,#14406,#14407));
#14399 = ORIENTED_EDGE('',*,*,#3573,.T.);
#14400 = ORIENTED_EDGE('',*,*,#14401,.T.);
#14401 = EDGE_CURVE('',#3574,#7221,#14402,.T.);
#14402 = LINE('',#14403,#14404);
#14403 = CARTESIAN_POINT('',(123.,-60.6,-4.6E-02));
#14404 = VECTOR('',#14405,1.);
#14405 = DIRECTION('',(0.,0.,1.));
#14406 = ORIENTED_EDGE('',*,*,#7220,.F.);
#14407 = ORIENTED_EDGE('',*,*,#14401,.F.);
#14408 = CYLINDRICAL_SURFACE('',#14409,1.6);
#14409 = AXIS2_PLACEMENT_3D('',#14410,#14411,#14412);
#14410 = CARTESIAN_POINT('',(123.,-59.,-4.6E-02));
#14411 = DIRECTION('',(-0.,-0.,-1.));
#14412 = DIRECTION('',(-0.,-1.,0.));
#14413 = ADVANCED_FACE('',(#14414),#14425,.F.);
#14414 = FACE_BOUND('',#14415,.T.);
#14415 = EDGE_LOOP('',(#14416,#14417,#14423,#14424));
#14416 = ORIENTED_EDGE('',*,*,#3584,.T.);
#14417 = ORIENTED_EDGE('',*,*,#14418,.T.);
#14418 = EDGE_CURVE('',#3585,#7232,#14419,.T.);
#14419 = LINE('',#14420,#14421);
#14420 = CARTESIAN_POINT('',(141.1,-77.64,-4.6E-02));
#14421 = VECTOR('',#14422,1.);
#14422 = DIRECTION('',(0.,0.,1.));
#14423 = ORIENTED_EDGE('',*,*,#7231,.F.);
#14424 = ORIENTED_EDGE('',*,*,#14418,.F.);
#14425 = CYLINDRICAL_SURFACE('',#14426,0.5);
#14426 = AXIS2_PLACEMENT_3D('',#14427,#14428,#14429);
#14427 = CARTESIAN_POINT('',(141.1,-77.14,-4.6E-02));
#14428 = DIRECTION('',(-0.,-0.,-1.));
#14429 = DIRECTION('',(-0.,-1.,0.));
#14430 = ADVANCED_FACE('',(#14431),#14442,.F.);
#14431 = FACE_BOUND('',#14432,.T.);
#14432 = EDGE_LOOP('',(#14433,#14434,#14440,#14441));
#14433 = ORIENTED_EDGE('',*,*,#3595,.T.);
#14434 = ORIENTED_EDGE('',*,*,#14435,.T.);
#14435 = EDGE_CURVE('',#3596,#7243,#14436,.T.);
#14436 = LINE('',#14437,#14438);
#14437 = CARTESIAN_POINT('',(141.1,-75.1,-4.6E-02));
#14438 = VECTOR('',#14439,1.);
#14439 = DIRECTION('',(0.,0.,1.));
#14440 = ORIENTED_EDGE('',*,*,#7242,.F.);
#14441 = ORIENTED_EDGE('',*,*,#14435,.F.);
#14442 = CYLINDRICAL_SURFACE('',#14443,0.5);
#14443 = AXIS2_PLACEMENT_3D('',#14444,#14445,#14446);
#14444 = CARTESIAN_POINT('',(141.1,-74.6,-4.6E-02));
#14445 = DIRECTION('',(-0.,-0.,-1.));
#14446 = DIRECTION('',(-0.,-1.,0.));
#14447 = ADVANCED_FACE('',(#14448),#14459,.F.);
#14448 = FACE_BOUND('',#14449,.T.);
#14449 = EDGE_LOOP('',(#14450,#14451,#14457,#14458));
#14450 = ORIENTED_EDGE('',*,*,#3606,.T.);
#14451 = ORIENTED_EDGE('',*,*,#14452,.T.);
#14452 = EDGE_CURVE('',#3607,#7254,#14453,.T.);
#14453 = LINE('',#14454,#14455);
#14454 = CARTESIAN_POINT('',(130.,-61.6,-4.6E-02));
#14455 = VECTOR('',#14456,1.);
#14456 = DIRECTION('',(0.,0.,1.));
#14457 = ORIENTED_EDGE('',*,*,#7253,.F.);
#14458 = ORIENTED_EDGE('',*,*,#14452,.F.);
#14459 = CYLINDRICAL_SURFACE('',#14460,1.1);
#14460 = AXIS2_PLACEMENT_3D('',#14461,#14462,#14463);
#14461 = CARTESIAN_POINT('',(130.,-60.5,-4.6E-02));
#14462 = DIRECTION('',(-0.,-0.,-1.));
#14463 = DIRECTION('',(-0.,-1.,0.));
#14464 = ADVANCED_FACE('',(#14465),#14476,.F.);
#14465 = FACE_BOUND('',#14466,.T.);
#14466 = EDGE_LOOP('',(#14467,#14468,#14474,#14475));
#14467 = ORIENTED_EDGE('',*,*,#3617,.T.);
#14468 = ORIENTED_EDGE('',*,*,#14469,.T.);
#14469 = EDGE_CURVE('',#3618,#7265,#14470,.T.);
#14470 = LINE('',#14471,#14472);
#14471 = CARTESIAN_POINT('',(158.9,-97.96,-4.6E-02));
#14472 = VECTOR('',#14473,1.);
#14473 = DIRECTION('',(0.,0.,1.));
#14474 = ORIENTED_EDGE('',*,*,#7264,.F.);
#14475 = ORIENTED_EDGE('',*,*,#14469,.F.);
#14476 = CYLINDRICAL_SURFACE('',#14477,0.5);
#14477 = AXIS2_PLACEMENT_3D('',#14478,#14479,#14480);
#14478 = CARTESIAN_POINT('',(158.9,-97.46,-4.6E-02));
#14479 = DIRECTION('',(-0.,-0.,-1.));
#14480 = DIRECTION('',(-0.,-1.,0.));
#14481 = ADVANCED_FACE('',(#14482),#14493,.F.);
#14482 = FACE_BOUND('',#14483,.T.);
#14483 = EDGE_LOOP('',(#14484,#14485,#14491,#14492));
#14484 = ORIENTED_EDGE('',*,*,#3628,.T.);
#14485 = ORIENTED_EDGE('',*,*,#14486,.T.);
#14486 = EDGE_CURVE('',#3629,#7276,#14487,.T.);
#14487 = LINE('',#14488,#14489);
#14488 = CARTESIAN_POINT('',(158.9,-95.42,-4.6E-02));
#14489 = VECTOR('',#14490,1.);
#14490 = DIRECTION('',(0.,0.,1.));
#14491 = ORIENTED_EDGE('',*,*,#7275,.F.);
#14492 = ORIENTED_EDGE('',*,*,#14486,.F.);
#14493 = CYLINDRICAL_SURFACE('',#14494,0.5);
#14494 = AXIS2_PLACEMENT_3D('',#14495,#14496,#14497);
#14495 = CARTESIAN_POINT('',(158.9,-94.92,-4.6E-02));
#14496 = DIRECTION('',(-0.,-0.,-1.));
#14497 = DIRECTION('',(-0.,-1.,0.));
#14498 = ADVANCED_FACE('',(#14499),#14510,.F.);
#14499 = FACE_BOUND('',#14500,.T.);
#14500 = EDGE_LOOP('',(#14501,#14502,#14508,#14509));
#14501 = ORIENTED_EDGE('',*,*,#3639,.T.);
#14502 = ORIENTED_EDGE('',*,*,#14503,.T.);
#14503 = EDGE_CURVE('',#3640,#7287,#14504,.T.);
#14504 = LINE('',#14505,#14506);
#14505 = CARTESIAN_POINT('',(158.9,-92.88,-4.6E-02));
#14506 = VECTOR('',#14507,1.);
#14507 = DIRECTION('',(0.,0.,1.));
#14508 = ORIENTED_EDGE('',*,*,#7286,.F.);
#14509 = ORIENTED_EDGE('',*,*,#14503,.F.);
#14510 = CYLINDRICAL_SURFACE('',#14511,0.5);
#14511 = AXIS2_PLACEMENT_3D('',#14512,#14513,#14514);
#14512 = CARTESIAN_POINT('',(158.9,-92.38,-4.6E-02));
#14513 = DIRECTION('',(-0.,-0.,-1.));
#14514 = DIRECTION('',(-0.,-1.,0.));
#14515 = ADVANCED_FACE('',(#14516),#14527,.F.);
#14516 = FACE_BOUND('',#14517,.T.);
#14517 = EDGE_LOOP('',(#14518,#14519,#14525,#14526));
#14518 = ORIENTED_EDGE('',*,*,#3650,.T.);
#14519 = ORIENTED_EDGE('',*,*,#14520,.T.);
#14520 = EDGE_CURVE('',#3651,#7298,#14521,.T.);
#14521 = LINE('',#14522,#14523);
#14522 = CARTESIAN_POINT('',(158.9,-90.34,-4.6E-02));
#14523 = VECTOR('',#14524,1.);
#14524 = DIRECTION('',(0.,0.,1.));
#14525 = ORIENTED_EDGE('',*,*,#7297,.F.);
#14526 = ORIENTED_EDGE('',*,*,#14520,.F.);
#14527 = CYLINDRICAL_SURFACE('',#14528,0.5);
#14528 = AXIS2_PLACEMENT_3D('',#14529,#14530,#14531);
#14529 = CARTESIAN_POINT('',(158.9,-89.84,-4.6E-02));
#14530 = DIRECTION('',(-0.,-0.,-1.));
#14531 = DIRECTION('',(-0.,-1.,0.));
#14532 = ADVANCED_FACE('',(#14533),#14544,.F.);
#14533 = FACE_BOUND('',#14534,.T.);
#14534 = EDGE_LOOP('',(#14535,#14536,#14542,#14543));
#14535 = ORIENTED_EDGE('',*,*,#3661,.T.);
#14536 = ORIENTED_EDGE('',*,*,#14537,.T.);
#14537 = EDGE_CURVE('',#3662,#7309,#14538,.T.);
#14538 = LINE('',#14539,#14540);
#14539 = CARTESIAN_POINT('',(158.9,-87.8,-4.6E-02));
#14540 = VECTOR('',#14541,1.);
#14541 = DIRECTION('',(0.,0.,1.));
#14542 = ORIENTED_EDGE('',*,*,#7308,.F.);
#14543 = ORIENTED_EDGE('',*,*,#14537,.F.);
#14544 = CYLINDRICAL_SURFACE('',#14545,0.5);
#14545 = AXIS2_PLACEMENT_3D('',#14546,#14547,#14548);
#14546 = CARTESIAN_POINT('',(158.9,-87.3,-4.6E-02));
#14547 = DIRECTION('',(-0.,-0.,-1.));
#14548 = DIRECTION('',(-0.,-1.,0.));
#14549 = ADVANCED_FACE('',(#14550),#14561,.F.);
#14550 = FACE_BOUND('',#14551,.T.);
#14551 = EDGE_LOOP('',(#14552,#14553,#14559,#14560));
#14552 = ORIENTED_EDGE('',*,*,#3672,.T.);
#14553 = ORIENTED_EDGE('',*,*,#14554,.T.);
#14554 = EDGE_CURVE('',#3673,#7320,#14555,.T.);
#14555 = LINE('',#14556,#14557);
#14556 = CARTESIAN_POINT('',(158.9,-85.26,-4.6E-02));
#14557 = VECTOR('',#14558,1.);
#14558 = DIRECTION('',(0.,0.,1.));
#14559 = ORIENTED_EDGE('',*,*,#7319,.F.);
#14560 = ORIENTED_EDGE('',*,*,#14554,.F.);
#14561 = CYLINDRICAL_SURFACE('',#14562,0.5);
#14562 = AXIS2_PLACEMENT_3D('',#14563,#14564,#14565);
#14563 = CARTESIAN_POINT('',(158.9,-84.76,-4.6E-02));
#14564 = DIRECTION('',(-0.,-0.,-1.));
#14565 = DIRECTION('',(-0.,-1.,0.));
#14566 = ADVANCED_FACE('',(#14567),#14578,.F.);
#14567 = FACE_BOUND('',#14568,.T.);
#14568 = EDGE_LOOP('',(#14569,#14570,#14576,#14577));
#14569 = ORIENTED_EDGE('',*,*,#3683,.T.);
#14570 = ORIENTED_EDGE('',*,*,#14571,.T.);
#14571 = EDGE_CURVE('',#3684,#7331,#14572,.T.);
#14572 = LINE('',#14573,#14574);
#14573 = CARTESIAN_POINT('',(158.9,-82.72,-4.6E-02));
#14574 = VECTOR('',#14575,1.);
#14575 = DIRECTION('',(0.,0.,1.));
#14576 = ORIENTED_EDGE('',*,*,#7330,.F.);
#14577 = ORIENTED_EDGE('',*,*,#14571,.F.);
#14578 = CYLINDRICAL_SURFACE('',#14579,0.5);
#14579 = AXIS2_PLACEMENT_3D('',#14580,#14581,#14582);
#14580 = CARTESIAN_POINT('',(158.9,-82.22,-4.6E-02));
#14581 = DIRECTION('',(-0.,-0.,-1.));
#14582 = DIRECTION('',(-0.,-1.,0.));
#14583 = ADVANCED_FACE('',(#14584),#14595,.F.);
#14584 = FACE_BOUND('',#14585,.T.);
#14585 = EDGE_LOOP('',(#14586,#14587,#14593,#14594));
#14586 = ORIENTED_EDGE('',*,*,#3694,.T.);
#14587 = ORIENTED_EDGE('',*,*,#14588,.T.);
#14588 = EDGE_CURVE('',#3695,#7342,#14589,.T.);
#14589 = LINE('',#14590,#14591);
#14590 = CARTESIAN_POINT('',(158.9,-80.18,-4.6E-02));
#14591 = VECTOR('',#14592,1.);
#14592 = DIRECTION('',(0.,0.,1.));
#14593 = ORIENTED_EDGE('',*,*,#7341,.F.);
#14594 = ORIENTED_EDGE('',*,*,#14588,.F.);
#14595 = CYLINDRICAL_SURFACE('',#14596,0.5);
#14596 = AXIS2_PLACEMENT_3D('',#14597,#14598,#14599);
#14597 = CARTESIAN_POINT('',(158.9,-79.68,-4.6E-02));
#14598 = DIRECTION('',(-0.,-0.,-1.));
#14599 = DIRECTION('',(-0.,-1.,0.));
#14600 = ADVANCED_FACE('',(#14601),#14612,.F.);
#14601 = FACE_BOUND('',#14602,.T.);
#14602 = EDGE_LOOP('',(#14603,#14604,#14610,#14611));
#14603 = ORIENTED_EDGE('',*,*,#3705,.T.);
#14604 = ORIENTED_EDGE('',*,*,#14605,.T.);
#14605 = EDGE_CURVE('',#3706,#7353,#14606,.T.);
#14606 = LINE('',#14607,#14608);
#14607 = CARTESIAN_POINT('',(163.31,-98.743,-4.6E-02));
#14608 = VECTOR('',#14609,1.);
#14609 = DIRECTION('',(0.,0.,1.));
#14610 = ORIENTED_EDGE('',*,*,#7352,.F.);
#14611 = ORIENTED_EDGE('',*,*,#14605,.F.);
#14612 = CYLINDRICAL_SURFACE('',#14613,0.5);
#14613 = AXIS2_PLACEMENT_3D('',#14614,#14615,#14616);
#14614 = CARTESIAN_POINT('',(163.31,-98.243,-4.6E-02));
#14615 = DIRECTION('',(-0.,-0.,-1.));
#14616 = DIRECTION('',(-0.,-1.,0.));
#14617 = ADVANCED_FACE('',(#14618),#14629,.F.);
#14618 = FACE_BOUND('',#14619,.T.);
#14619 = EDGE_LOOP('',(#14620,#14621,#14627,#14628));
#14620 = ORIENTED_EDGE('',*,*,#3716,.T.);
#14621 = ORIENTED_EDGE('',*,*,#14622,.T.);
#14622 = EDGE_CURVE('',#3717,#7364,#14623,.T.);
#14623 = LINE('',#14624,#14625);
#14624 = CARTESIAN_POINT('',(163.31,-96.203,-4.6E-02));
#14625 = VECTOR('',#14626,1.);
#14626 = DIRECTION('',(0.,0.,1.));
#14627 = ORIENTED_EDGE('',*,*,#7363,.F.);
#14628 = ORIENTED_EDGE('',*,*,#14622,.F.);
#14629 = CYLINDRICAL_SURFACE('',#14630,0.5);
#14630 = AXIS2_PLACEMENT_3D('',#14631,#14632,#14633);
#14631 = CARTESIAN_POINT('',(163.31,-95.703,-4.6E-02));
#14632 = DIRECTION('',(-0.,-0.,-1.));
#14633 = DIRECTION('',(-0.,-1.,0.));
#14634 = ADVANCED_FACE('',(#14635),#14646,.F.);
#14635 = FACE_BOUND('',#14636,.T.);
#14636 = EDGE_LOOP('',(#14637,#14638,#14644,#14645));
#14637 = ORIENTED_EDGE('',*,*,#3727,.T.);
#14638 = ORIENTED_EDGE('',*,*,#14639,.T.);
#14639 = EDGE_CURVE('',#3728,#7375,#14640,.T.);
#14640 = LINE('',#14641,#14642);
#14641 = CARTESIAN_POINT('',(158.9,-77.64,-4.6E-02));
#14642 = VECTOR('',#14643,1.);
#14643 = DIRECTION('',(0.,0.,1.));
#14644 = ORIENTED_EDGE('',*,*,#7374,.F.);
#14645 = ORIENTED_EDGE('',*,*,#14639,.F.);
#14646 = CYLINDRICAL_SURFACE('',#14647,0.5);
#14647 = AXIS2_PLACEMENT_3D('',#14648,#14649,#14650);
#14648 = CARTESIAN_POINT('',(158.9,-77.14,-4.6E-02));
#14649 = DIRECTION('',(-0.,-0.,-1.));
#14650 = DIRECTION('',(-0.,-1.,0.));
#14651 = ADVANCED_FACE('',(#14652),#14663,.F.);
#14652 = FACE_BOUND('',#14653,.T.);
#14653 = EDGE_LOOP('',(#14654,#14655,#14661,#14662));
#14654 = ORIENTED_EDGE('',*,*,#3738,.T.);
#14655 = ORIENTED_EDGE('',*,*,#14656,.T.);
#14656 = EDGE_CURVE('',#3739,#7386,#14657,.T.);
#14657 = LINE('',#14658,#14659);
#14658 = CARTESIAN_POINT('',(158.9,-75.1,-4.6E-02));
#14659 = VECTOR('',#14660,1.);
#14660 = DIRECTION('',(0.,0.,1.));
#14661 = ORIENTED_EDGE('',*,*,#7385,.F.);
#14662 = ORIENTED_EDGE('',*,*,#14656,.F.);
#14663 = CYLINDRICAL_SURFACE('',#14664,0.5);
#14664 = AXIS2_PLACEMENT_3D('',#14665,#14666,#14667);
#14665 = CARTESIAN_POINT('',(158.9,-74.6,-4.6E-02));
#14666 = DIRECTION('',(-0.,-0.,-1.));
#14667 = DIRECTION('',(-0.,-1.,0.));
#14668 = ADVANCED_FACE('',(#14669),#14680,.F.);
#14669 = FACE_BOUND('',#14670,.T.);
#14670 = EDGE_LOOP('',(#14671,#14672,#14678,#14679));
#14671 = ORIENTED_EDGE('',*,*,#3749,.T.);
#14672 = ORIENTED_EDGE('',*,*,#14673,.T.);
#14673 = EDGE_CURVE('',#3750,#7397,#14674,.T.);
#14674 = LINE('',#14675,#14676);
#14675 = CARTESIAN_POINT('',(163.315,-77.585,-4.6E-02));
#14676 = VECTOR('',#14677,1.);
#14677 = DIRECTION('',(0.,0.,1.));
#14678 = ORIENTED_EDGE('',*,*,#7396,.F.);
#14679 = ORIENTED_EDGE('',*,*,#14673,.F.);
#14680 = CYLINDRICAL_SURFACE('',#14681,0.5);
#14681 = AXIS2_PLACEMENT_3D('',#14682,#14683,#14684);
#14682 = CARTESIAN_POINT('',(163.315,-77.085,-4.6E-02));
#14683 = DIRECTION('',(-0.,-0.,-1.));
#14684 = DIRECTION('',(-0.,-1.,0.));
#14685 = ADVANCED_FACE('',(#14686),#14697,.F.);
#14686 = FACE_BOUND('',#14687,.T.);
#14687 = EDGE_LOOP('',(#14688,#14689,#14695,#14696));
#14688 = ORIENTED_EDGE('',*,*,#3760,.T.);
#14689 = ORIENTED_EDGE('',*,*,#14690,.T.);
#14690 = EDGE_CURVE('',#3761,#7408,#14691,.T.);
#14691 = LINE('',#14692,#14693);
#14692 = CARTESIAN_POINT('',(163.315,-75.045,-4.6E-02));
#14693 = VECTOR('',#14694,1.);
#14694 = DIRECTION('',(0.,0.,1.));
#14695 = ORIENTED_EDGE('',*,*,#7407,.F.);
#14696 = ORIENTED_EDGE('',*,*,#14690,.F.);
#14697 = CYLINDRICAL_SURFACE('',#14698,0.5);
#14698 = AXIS2_PLACEMENT_3D('',#14699,#14700,#14701);
#14699 = CARTESIAN_POINT('',(163.315,-74.545,-4.6E-02));
#14700 = DIRECTION('',(-0.,-0.,-1.));
#14701 = DIRECTION('',(-0.,-1.,0.));
#14702 = ADVANCED_FACE('',(#14703),#14714,.F.);
#14703 = FACE_BOUND('',#14704,.T.);
#14704 = EDGE_LOOP('',(#14705,#14706,#14712,#14713));
#14705 = ORIENTED_EDGE('',*,*,#3771,.T.);
#14706 = ORIENTED_EDGE('',*,*,#14707,.T.);
#14707 = EDGE_CURVE('',#3772,#7419,#14708,.T.);
#14708 = LINE('',#14709,#14710);
#14709 = CARTESIAN_POINT('',(177.,-60.6,-4.6E-02));
#14710 = VECTOR('',#14711,1.);
#14711 = DIRECTION('',(0.,0.,1.));
#14712 = ORIENTED_EDGE('',*,*,#7418,.F.);
#14713 = ORIENTED_EDGE('',*,*,#14707,.F.);
#14714 = CYLINDRICAL_SURFACE('',#14715,1.6);
#14715 = AXIS2_PLACEMENT_3D('',#14716,#14717,#14718);
#14716 = CARTESIAN_POINT('',(177.,-59.,-4.6E-02));
#14717 = DIRECTION('',(-0.,-0.,-1.));
#14718 = DIRECTION('',(-0.,-1.,0.));
#14719 = ( GEOMETRIC_REPRESENTATION_CONTEXT(3) 
GLOBAL_UNCERTAINTY_ASSIGNED_CONTEXT((#14723)) 
GLOBAL_UNIT_ASSIGNED_CONTEXT((#14720,#14721,#14722)) 
REPRESENTATION_CONTEXT('Context #1',
  '3D Context with UNIT and UNCERTAINTY') );
#14720 = ( LENGTH_UNIT() NAMED_UNIT(*) SI_UNIT(.MILLI.,.METRE.) );
#14721 = ( NAMED_UNIT(*) PLANE_ANGLE_UNIT() SI_UNIT($,.RADIAN.) );
#14722 = ( NAMED_UNIT(*) SI_UNIT($,.STERADIAN.) SOLID_ANGLE_UNIT() );
#14723 = UNCERTAINTY_MEASURE_WITH_UNIT(LENGTH_MEASURE(1.E-07),#14720,
  'distance_accuracy_value','confusion accuracy');
#14724 = CONTEXT_DEPENDENT_SHAPE_REPRESENTATION(#14725,#14727);
#14725 = ( REPRESENTATION_RELATIONSHIP('','',#32,#10) 
REPRESENTATION_RELATIONSHIP_WITH_TRANSFORMATION(#14726) 
SHAPE_REPRESENTATION_RELATIONSHIP() );
#14726 = ITEM_DEFINED_TRANSFORMATION('','',#11,#15);
#14727 = PRODUCT_DEFINITION_SHAPE('Placement','Placement of an item',
  #14728);
#14728 = NEXT_ASSEMBLY_USAGE_OCCURRENCE('1','=>[0:1:1:2]','',#5,#27,$);
#14729 = PRODUCT_RELATED_PRODUCT_CATEGORY('part',$,(#29));
#14730 = MECHANICAL_DESIGN_GEOMETRIC_PRESENTATION_REPRESENTATION('',(
    #14731),#14719);
#14731 = STYLED_ITEM('color',(#14732),#33);
#14732 = PRESENTATION_STYLE_ASSIGNMENT((#14733));
#14733 = SURFACE_STYLE_USAGE(.BOTH.,#14734);
#14734 = SURFACE_SIDE_STYLE('',(#14735));
#14735 = SURFACE_STYLE_FILL_AREA(#14736);
#14736 = FILL_AREA_STYLE('',(#14737));
#14737 = FILL_AREA_STYLE_COLOUR('',#14738);
#14738 = COLOUR_RGB('',0.313304153717,0.484529207832,0.410020903123);
ENDSEC;
END-ISO-10303-21;
